millis,A0,A1,A2,B0,B1,B2,C0,C1,C2,D0,D1,D2,E0,E1,E2,F0,F1,F2,G0,G1,G2,H0,H1,H2,I0,I1,I2,J0,J1,J2
1983,-8.983126,3.6237476,6.012214,-49.622955,-1.1741496,0.94345236,153.67813,35.86527,1.3106468,141.39482,-23.621113,1.1853958,91.09161,78.74788,8.963242,90.42668,82.07514,2.6703677,-88.653885,-34.457138,35.629116,-77.51575,-60.69221,6.505849,-115.01634,-73.435524,4.774408,-90.62666,-69.19808,2.5249023
2003,-8.982747,3.6167855,6.0127745,-49.61912,-1.2240584,0.9356168,153.65115,35.865555,1.3107864,141.41422,-23.712149,1.155358,91.08514,78.74625,8.962873,90.42239,82.07894,2.672314,-88.608086,-34.457424,35.624626,-77.5358,-60.6948,6.5023394,-115.00581,-73.43597,4.7755837,-90.594025,-69.19604,2.5222843
2025,-8.982747,3.6167855,6.0127745,-49.59123,-1.1831989,0.9240772,153.62823,35.861423,1.311885,141.46472,-23.806087,1.1344773,91.07465,78.751366,8.95899,90.4093,82.07638,2.675034,-88.57627,-34.461143,35.625465,-77.54462,-60.694878,6.4968443,-115.0085,-73.43505,4.7775645,-90.56978,-69.20341,2.523415
2058,-8.990008,3.6240973,6.0119643,-49.59484,-1.1054491,0.94217056,153.593,35.86141,1.309897,141.5344,-23.909763,1.1407301,91.0828,78.75256,8.962128,90.39617,82.0747,2.6710823,-88.53054,-34.462124,35.624523,-77.55613,-60.695995,6.4993997,-115.00589,-73.435356,4.782823,-90.537,-69.201355,2.520795
2072,-8.98963,3.6171348,6.012525,-49.594505,-1.0399964,0.95045656,153.5646,35.87037,1.308401,141.56107,-23.979097,1.1107056,91.076294,78.75093,8.961759,90.382935,82.07603,2.6701748,-88.48307,-34.461384,35.62816,-77.568596,-60.689827,6.5022707,-114.99008,-73.435616,4.7746572,-90.50414,-69.20313,2.5219893
2087,-8.990008,3.6240973,6.0119643,-49.5945,-1.005323,0.9421439,153.53946,35.867435,1.3160273,141.54448,-23.975847,1.0983125,91.06964,78.74475,8.965582,90.3696,82.07736,2.6692677,-88.45113,-34.465115,35.628983,-77.58894,-60.697155,6.501424,-114.980576,-73.44028,4.774772,-90.47968,-69.20358,2.522147
2111,-8.98963,3.6171348,6.012525,-49.590385,-1.005401,0.9421123,153.51744,35.859978,1.310942,141.54375,-23.935942,1.1317635,91.059135,78.74987,8.961698,90.356155,82.07481,2.671996,-88.4051,-34.465393,35.6245,-77.600075,-60.69354,6.501316,-114.982254,-73.43515,4.777814,-90.4467,-69.20152,2.5195327
2129,-8.996443,3.6169696,6.0053163,-49.58647,-1.0396737,0.9347595,153.48628,35.855545,1.3099179,141.5219,-23.875767,1.1559819,91.0526,78.74824,8.961331,90.34265,82.07613,2.6710865,-88.34512,-34.46292,35.618256,-77.611206,-60.68992,6.50121,-114.982254,-73.43515,4.777814,-90.413635,-69.20331,2.5207229
2155,-8.996512,3.6174848,6.012275,-49.586876,-1.114411,0.9230484,153.4579,35.86451,1.3084159,141.52565,-23.84061,1.1533939,91.046,78.748474,8.962457,90.329056,82.07748,2.6701744,-88.29744,-34.462185,35.621887,-77.62032,-60.694733,6.4983773,-114.97276,-73.439804,4.7779293,-90.389015,-69.20683,2.518017
2173,-8.996512,3.6174848,6.012275,-49.61916,-1.205016,0.926817,153.4287,35.865986,1.3150803,141.53445,-23.863293,1.1504443,91.05022,78.75268,8.959087,90.315346,82.07492,2.6729078,-88.25125,-34.462456,35.617405,-77.63143,-60.69112,6.498268,-114.96225,-73.44025,4.7791038,-90.361015,-69.204346,2.5235248
2193,-9.003395,3.6178346,6.0120254,-49.643562,-1.2579656,0.92857134,153.3948,35.868103,1.3127506,141.53499,-23.913263,1.1347256,91.04362,78.752914,8.96021,90.30159,82.07321,2.6689737,-88.20502,-34.46273,35.61293,-77.651726,-60.698444,6.497426,-114.95437,-73.44038,4.775022,-90.32774,-69.20228,2.5209155
2214,-9.003395,3.6178346,6.0120254,-49.63519,-1.2395663,0.9353075,153.3719,35.86397,1.3138568,141.52982,-23.976164,1.1015464,91.03704,78.75128,8.9598465,90.28773,82.07453,2.6680648,-88.15716,-34.46199,35.616558,-77.66282,-60.694828,6.4973135,-114.95605,-73.43526,4.778063,-90.3029,-69.20273,2.5210698
2290,-9.010277,3.6181836,6.0117755,-49.507355,-1.0979111,0.8758761,152.59082,35.861107,1.310643,141.42175,-24.002098,1.108555,90.87933,78.751564,8.960188,89.91475,82.064156,2.6677673,-87.98423,-34.466232,35.61559,-78.0478,-60.69208,6.506134,-114.797516,-73.43895,4.77114,-89.45516,-69.214455,2.5067575
2371,-9.073866,3.6215773,6.009872,-49.66024,-1.0381916,0.8040199,152.4816,35.861774,1.3093567,141.37625,-23.915165,1.1086521,90.84764,78.74718,8.959445,89.86255,82.060814,2.67197,-86.67111,-34.462864,35.604126,-78.09916,-60.689735,6.502536,-114.77142,-73.43905,4.7713885,-89.3353,-69.21385,2.5070882
2390,-9.073866,3.6215773,6.009872,-49.6927,-1.0966302,0.7775105,152.44554,35.865116,1.3135276,141.38983,-23.974834,1.0858574,90.85564,78.74842,8.962539,89.845634,82.05897,2.6681356,-86.62314,-34.467,35.60195,-78.110344,-60.690826,6.5050993,-114.76099,-73.4395,4.7725616,-89.29959,-69.2117,2.5045357
2411,-9.073797,3.6210573,6.002914,-49.76094,-1.1303569,0.770894,152.41995,35.86753,1.3133082,141.37971,-24.028593,1.0585277,90.84478,78.75164,8.957175,89.828636,82.06028,2.6672084,-86.58753,-34.46593,35.60851,-78.12989,-60.69344,6.5016055,-114.7531,-73.43961,4.7684827,-89.26874,-69.20838,2.5034685
2432,-9.080748,3.6219265,6.0096216,-49.72474,-1.058357,0.7601794,152.39581,35.86128,1.3148023,141.3522,-24.06701,1.0381258,90.8378,78.751884,8.958289,89.82065,82.06419,2.6689997,-86.53765,-34.465233,35.612125,-78.1423,-60.691975,6.507135,-114.75579,-73.438705,4.7704635,-89.24152,-69.20883,2.5036101
2453,-9.080678,3.621406,6.002663,-49.68077,-0.9799651,0.74650663,152.36195,35.863373,1.312458,141.3273,-24.091084,1.0130264,90.830826,78.75024,8.957945,89.80346,82.06233,2.6651723,-86.50415,-34.46976,35.616398,-78.150696,-60.69209,6.501633,-114.747925,-73.43882,4.7663846,-89.205605,-69.21064,2.5047407
2474,-9.080678,3.621406,6.002663,-49.692745,-0.97018105,0.73438597,152.33855,35.864536,1.3057235,141.30981,-24.073568,1.0048269,90.8349,78.756355,8.956014,89.79156,82.05564,2.6723633,-86.47024,-34.47353,35.617153,-78.17264,-60.690968,6.5035043,-114.73749,-73.43926,4.7675586,-89.183266,-69.206924,2.509304
2495,-9.087558,3.6217551,6.002413,-49.76518,-1.0351312,0.7268101,152.31158,35.864822,1.3058608,141.26878,-24.022339,1.0061746,90.82792,78.75469,8.955669,89.78332,82.05956,2.6741464,-86.42062,-34.46968,35.622,-78.1838,-60.692062,6.506071,-114.739174,-73.43414,4.7706146,-89.14709,-69.20777,2.5038211
2516,-9.087558,3.6217551,6.002413,-49.90503,-1.0939188,0.7326395,152.28882,35.8607,1.3070022,141.24156,-23.98649,1.0094782,90.820885,78.754944,8.956781,89.76583,82.0577,2.6703286,-86.386665,-34.46952,35.62049,-78.19216,-60.692192,6.500569,-114.732315,-73.43846,4.7654605,-89.1196,-69.20821,2.5039613
2539,-9.087627,3.622276,6.009371,-49.977066,-1.0397354,0.7160418,152.2536,35.860657,1.305015,141.22614,-23.981121,1.003588,90.81387,78.753296,8.956439,89.74825,82.05901,2.6693964,-86.324135,-34.470085,35.613102,-78.20421,-60.68601,6.5033937,-114.72188,-73.43892,4.7666345,-89.08331,-69.21302,2.502142
2558,-9.094439,3.622104,6.0021625,-50.04911,-0.88757145,0.6613444,152.228,35.863075,1.3047929,141.19228,-23.992579,0.9991511,90.802826,78.753876,8.956734,89.7451,82.05557,2.67269,-86.273926,-34.469406,35.61671,-78.215004,-60.682396,6.5032535,-114.71143,-73.439354,4.767809,-89.05569,-69.21348,2.5022755
2580,-9.094439,3.622104,6.0021625,-50.112705,-0.6451657,0.6181685,152.20241,35.865482,1.3045698,141.14497,-23.946514,1.0325304,90.79579,78.75222,8.956393,89.72733,82.056885,2.6717556,-86.22554,-34.469604,35.612263,-78.22579,-60.678783,6.5031133,-114.71569,-73.43391,4.765613,-89.024254,-69.20715,2.5041783
2602,-9.094439,3.622104,6.0021625,-50.160408,-0.36526766,0.57250893,152.17003,35.85891,1.3039497,141.04147,-23.845835,1.1500492,90.78874,78.75056,8.956052,89.70947,82.0582,2.6708236,-86.1752,-34.46892,35.615875,-78.24557,-60.686108,6.502328,-114.713135,-73.434235,4.770864,-88.99641,-69.2106,2.5013664
2621,-9.094506,3.622625,6.009121,-50.20419,-0.09250099,0.56080365,152.15773,35.85385,1.3007091,140.96672,-23.67981,1.3021953,90.7928,78.75668,8.954114,89.700714,82.062126,2.6725821,-86.14099,-34.468758,35.61437,-78.25757,-60.679924,6.505145,-114.703705,-73.4389,4.770962,-88.95984,-69.20841,2.4988334
2642,-9.094439,3.622104,6.0021625,-50.28326,0.122613885,0.6068715,152.12819,35.840744,1.3014661,140.91777,-23.493025,1.4210292,90.78571,78.756935,8.955224,89.68264,82.060234,2.6687794,-86.092415,-34.4729,35.61217,-78.26833,-60.67632,6.505003,-114.69584,-73.43901,4.7668843,-88.936806,-69.20772,2.5004618
2663,-9.101319,3.6224527,6.0019116,-50.45301,0.2802702,0.72614837,152.10341,35.83976,1.2950964,140.89107,-23.304258,1.520015,90.778534,78.75074,8.95909,89.66982,82.057365,2.6722527,-86.058014,-34.480614,35.61517,-78.2791,-60.672707,6.5048575,-114.69753,-73.43389,4.7699413,-88.90887,-69.212166,2.5042427
2685,-9.101319,3.6224527,6.0019116,-50.6179,0.53438336,0.88453233,152.08067,35.835636,1.2962483,140.85764,-23.16065,1.5961555,90.771416,78.751,8.9602,89.66081,82.05433,2.6748958,-86.007965,-34.476776,35.620018,-78.29882,-60.680027,6.5040765,-114.6881,-73.43855,4.770039,-88.872086,-69.20998,2.5017154
2759,-9.1078205,3.6158397,6.0022297,-50.244038,5.8308463,2.4886649,151.34258,35.786816,1.2803081,144.3613,-13.5950365,0.044365518,90.61272,78.76428,8.947598,89.2681,82.05822,2.6735363,-85.82332,-34.475456,35.621273,-78.66811,-60.683548,6.504521,-114.51937,-73.438446,4.765361,-88.02114,-69.20152,2.5004919
2782,-9.108198,3.6228015,6.001662,-49.759636,7.697768,3.0264003,151.31384,35.781048,1.2728741,144.458,-13.656006,-0.2778775,90.6053,78.76261,8.947272,89.25648,82.06223,2.675169,-85.77638,-34.480453,35.61102,-78.68969,-60.68241,6.5063863,-114.523575,-73.43298,4.7631817,-87.98686,-69.19524,2.5025556
2841,-9.170338,3.5988677,6.009,-47.692024,12.334983,10.956318,151.23076,35.793972,1.2776622,145.07042,-13.334916,-1.2673581,90.59436,78.76735,8.946066,89.211464,82.06497,2.671954,-84.46612,-34.479504,35.57488,-78.72793,-60.690968,6.5027146,-114.508064,-73.432625,4.762263,-87.90032,-69.1984,2.501452
2863,-9.177281,3.5997431,6.0157075,-47.806973,12.412109,10.408516,151.19774,35.79082,1.2832366,145.38852,-13.060503,-1.5937408,90.58682,78.76115,8.949963,89.19938,82.069405,2.66701,-84.399254,-34.47918,35.575558,-78.736244,-60.695812,6.499947,-114.4987,-73.4373,4.7623467,-87.86091,-69.196144,2.4989974
2884,-9.171095,3.6127908,6.007855,-47.840508,12.313072,9.88416,151.15813,35.805935,1.278051,145.73013,-12.81923,-1.940452,90.57934,78.76141,8.951059,89.177666,82.06738,2.6632993,-84.36333,-34.478977,35.57406,-78.75441,-60.705715,6.496268,-114.49406,-73.427704,4.757183,-87.8399,-69.18854,2.5082154
2907,-9.177593,3.606178,6.0081773,-47.759274,12.129893,9.427018,151.12389,35.826145,1.2875998,146.0597,-12.607891,-2.2683702,90.568016,78.764595,8.945708,89.155785,82.06905,2.6557698,-84.31148,-34.475163,35.578945,-78.76017,-60.71433,6.488162,-114.48723,-73.43201,4.7520213,-87.80908,-69.19191,2.5053248
2931,-9.184472,3.606527,6.007928,-47.56206,11.920473,9.079545,151.09253,35.841595,1.2845172,146.35524,-12.47046,-2.5994172,90.5606,78.76745,8.941168,89.13906,82.06627,2.6592925,-84.275375,-34.478962,35.579628,-78.779144,-60.716976,6.4846888,-114.47686,-73.43246,4.753193,-87.77352,-69.20341,2.5014086
2948,-9.177973,3.6131396,6.0076046,-47.307842,11.687167,8.828326,151.05441,35.846294,1.2951573,146.61205,-12.398315,-2.9506495,90.53772,78.75825,8.941708,89.12667,82.06696,2.6581683,-84.23923,-34.48277,35.580322,-78.789955,-60.718052,6.4872723,-114.478546,-73.427345,4.756264,-87.7432,-69.189,2.5045352
2969,-9.184472,3.606527,6.007928,-47.066143,11.472729,8.613312,151.02596,35.855232,1.29349,146.84799,-12.31844,-3.3012488,90.53017,78.75852,8.942807,89.114204,82.07101,2.6597667,-84.18647,-34.482124,35.583916,-78.809235,-60.725372,6.4865475,-114.468185,-73.427795,4.757436,-87.70319,-69.189644,2.4990628
2990,-9.177906,3.6126132,6.0006466,-46.84289,11.383222,8.43397,150.99,35.858612,1.2976236,147.05652,-12.224369,-3.6524248,90.537895,78.76178,8.947266,89.09712,82.06489,2.6605701,-84.13582,-34.48625,35.581676,-78.819695,-60.721767,6.4863853,-114.47338,-73.42654,4.754174,-87.672066,-69.193,2.4961646
3012,-9.184405,3.6060004,6.00097,-46.674343,11.378903,8.206595,150.96233,35.862343,1.3038764,147.25111,-12.129684,-4.001797,90.54185,78.76793,8.945269,89.084404,82.07262,2.658327,-84.086624,-34.494305,35.570145,-78.83894,-60.72908,6.4856644,-114.46303,-73.426994,4.755346,-87.64589,-69.193565,2.504364
3032,-9.184405,3.6060004,6.00097,-46.53928,11.313756,7.896627,150.93465,35.866077,1.3101286,147.4533,-11.983406,-4.3293033,90.51897,78.76326,8.941598,89.07162,82.073326,2.6571972,-84.00116,-34.49187,35.56898,-78.8494,-60.725483,6.4854994,-114.45268,-73.427444,4.756519,-87.614494,-69.192795,2.4979544
3054,-9.190528,3.5924268,6.0018673,-46.485752,11.13555,7.5467176,150.90244,35.85775,1.3236208,147.66049,-11.854064,-4.644645,90.51138,78.76158,8.941283,89.044495,82.06444,2.655458,-83.920074,-34.49493,35.55399,-78.860176,-60.726547,6.4880877,-114.445854,-73.431755,4.751355,-87.57895,-69.18239,2.4965777
3075,-9.190906,3.599388,6.0012937,-46.478577,10.964443,7.129906,150.85449,35.872517,1.3162621,147.87112,-11.7502165,-4.952604,90.51906,78.75836,8.948541,89.01196,82.05991,2.6426787,-83.83176,-34.510048,35.553288,-78.864685,-60.737762,6.4770484,-114.4397,-73.42673,4.750355,-87.556885,-69.18266,2.5023265
3096,-9.185163,3.6199234,5.9998245,-46.439747,10.8927,6.6515446,150.81299,35.901928,1.3373054,148.06104,-11.694428,-5.2740016,90.5268,78.759674,8.951576,88.968864,82.06369,2.6143522,-83.77005,-34.523125,35.532993,-78.87361,-60.756927,6.4516716,-114.43923,-73.41163,4.743034,-87.53018,-69.17499,2.5035365
3117,-9.17904,3.6334975,5.9989295,-46.446354,10.819655,6.0873995,150.77686,35.917835,1.3251694,148.23412,-11.658534,-5.6387715,90.515045,78.72687,8.975681,88.94065,82.06585,2.5996373,-83.70814,-34.544247,35.517017,-78.878426,-60.772808,6.4433975,-114.42206,-73.41638,4.7390413,-87.50318,-69.186295,2.5051663
3137,-9.173226,3.6535072,5.9905057,-46.536907,10.714704,5.483859,150.7369,35.89101,1.3246835,148.39626,-11.594811,-6.0096283,90.48424,78.704956,8.982971,88.922195,82.07051,2.5940113,-83.66245,-34.550648,35.50222,-78.895035,-60.783913,6.4373546,-114.42373,-73.41127,4.7421203,-87.467316,-69.17589,2.5038242
3158,-9.172917,3.647072,5.9980364,-46.679188,10.65918,4.916768,150.70438,35.869705,1.3184001,148.55724,-11.531963,-6.4156747,90.44582,78.699196,8.977384,88.898994,82.06493,2.5876637,-83.64185,-34.547802,35.508385,-78.91139,-60.7655,6.448057,-114.407715,-73.42178,4.7496147,-87.42604,-69.18307,2.4882824
3232,-9.174737,3.6813529,5.9882154,-47.815044,11.972276,2.9680626,149.53479,35.947247,1.7488927,155.31227,-9.119103,-20.405558,90.08183,78.53278,8.983017,88.37926,81.36408,2.7843623,-83.554756,-34.599663,35.537437,-78.99479,-60.013893,6.7538877,-114.163246,-73.51609,4.7395506,-86.36326,-69.171646,2.1696932
3253,-9.168164,3.6874413,5.9809403,-48.043053,12.400665,2.6212146,149.51134,35.95419,1.7701665,155.71483,-8.84566,-20.997152,90.13992,78.57243,8.977283,88.372665,81.34969,2.7941968,-83.524605,-34.62175,35.522682,-79.020134,-60.01094,6.766669,-114.14977,-73.526245,4.7417693,-86.3387,-69.18176,2.1726668
3310,-9.236905,3.5204372,5.760284,-45.28441,7.3854856,-12.48662,149.40277,35.96687,1.824842,157.22911,-7.238204,-22.542887,90.12775,78.570625,8.978997,88.42378,81.3292,2.8921072,-82.84467,-34.813854,35.502056,-79.1321,-60.00006,6.820292,-114.13761,-73.51619,4.7397738,-86.25043,-69.1722,2.1774585
3333,-9.246036,3.529572,5.780672,-44.58269,6.8976173,-13.313864,149.40819,35.958176,1.8923186,157.694,-6.93098,-23.070019,90.16244,78.58112,8.982277,88.66607,81.276726,3.13614,-82.86984,-34.804688,35.523014,-79.1635,-59.905544,6.878285,-114.119705,-73.50477,4.7086864,-86.24019,-69.1906,2.1903372
3355,-9.239754,3.5420966,5.7658477,-43.92281,6.5870137,-14.128009,149.44281,36.030293,1.992888,158.11232,-6.766109,-23.634836,90.140686,78.67912,8.901409,88.791595,81.24393,3.264356,-82.884056,-34.816513,35.53223,-79.199844,-59.866604,6.9102826,-114.13756,-73.46462,4.7012267,-86.1971,-69.14773,2.1871672
3376,-9.231277,3.546355,5.7373514,-43.452145,6.271531,-14.892246,149.38113,36.175575,2.0365982,158.46855,-6.658571,-24.229326,90.09631,78.82196,8.7719965,88.7696,81.22734,3.2710197,-82.85211,-34.826656,35.52238,-79.2251,-59.863556,6.9230423,-114.11926,-73.489624,4.701407,-86.13416,-69.12783,2.1601255
3401,-9.231141,3.545292,5.7234354,-43.22045,6.1037645,-15.61184,149.33846,36.210392,2.0492048,158.80058,-6.585364,-24.84607,90.15893,78.89755,8.734751,88.74721,81.21484,3.267397,-82.78448,-34.802982,35.51378,-79.23907,-59.853466,6.9309607,-114.12096,-73.48451,4.70449,-86.11376,-69.12707,2.1674485
3423,-9.231708,3.5538485,5.7437353,-43.206036,6.396847,-16.303843,149.3461,36.088226,2.0594397,159.14046,-6.460697,-25.428686,90.24773,78.91015,8.756737,88.73514,81.21133,3.2778304,-82.691444,-34.796505,35.48841,-79.25807,-59.835667,6.949572,-114.12513,-73.47901,4.7023354,-86.08891,-69.13444,2.1735108
3443,-9.231708,3.5538485,5.7437353,-43.34824,7.095388,-16.948353,149.33025,35.99665,2.0740647,159.50876,-6.225479,-25.962353,90.212814,78.89935,8.756214,88.72281,81.2082,3.2818272,-82.61181,-34.79696,35.46673,-79.27234,-59.830208,6.960272,-114.11486,-73.47947,4.7035036,-86.04943,-69.12646,2.1693914
3465,-9.23164,3.5533164,5.7367773,-43.666595,7.8545012,-17.53389,149.29578,36.05728,2.092101,159.91806,-5.798097,-26.44231,90.174065,78.891335,8.749257,88.715256,81.20097,3.2904477,-82.528435,-34.780712,35.456005,-79.282684,-59.82657,6.9599524,-114.12119,-73.484,4.711706,-86.01454,-69.12515,2.1630914
3487,-9.224915,3.5583527,5.7155733,-44.094643,8.543567,-18.024837,149.24055,36.143642,2.1018445,160.3172,-5.225485,-26.875246,90.19713,78.89587,8.755603,88.702805,81.19414,3.2983267,-82.4593,-34.772278,35.452393,-79.31042,-59.819633,6.9780536,-114.11093,-73.48446,4.7128735,-85.98459,-69.12155,2.167954
3508,-9.224554,3.5513904,5.716147,-44.532825,9.234119,-18.539576,149.21577,36.119083,2.1123478,160.70605,-4.516568,-27.261295,90.23183,78.89729,8.767287,88.69013,81.19102,3.3023357,-82.439186,-34.78145,35.45341,-79.3331,-59.820396,6.9854603,-114.103134,-73.48453,4.708803,-85.95437,-69.125015,2.173076
3529,-9.224624,3.5519214,5.723106,-44.94506,9.932267,-18.987997,149.20633,36.038136,2.113179,161.08084,-3.727666,-27.651955,90.223976,78.897575,8.768383,88.68766,81.193924,3.311338,-82.432205,-34.782448,35.464527,-79.35325,-59.825005,6.987521,-114.104836,-73.479416,4.7118874,-85.92374,-69.11988,2.1714458
3551,-9.224554,3.5513904,5.716147,-45.315784,10.506011,-19.438116,149.18155,36.01358,2.1237242,161.40265,-2.9110563,-28.0239,90.20062,78.89473,8.76616,88.66988,81.19491,3.3107147,-82.42022,-34.77807,35.489445,-79.3759,-59.825764,6.9949307,-114.09141,-73.489586,4.7140985,-85.888664,-69.12286,2.1685274
3572,-9.224775,3.5572898,5.7016554,-45.630825,10.883606,-19.928019,149.13219,36.064964,2.1393168,161.68648,-2.1171265,-28.388094,90.2082,78.8916,8.773405,88.65694,81.184746,3.3160608,-82.41448,-34.791035,35.495438,-79.39775,-59.833763,7.0022573,-114.08895,-73.489975,4.719336,-85.849014,-69.12966,2.1609359
3597,-9.224706,3.5567586,5.694697,-45.9007,11.212192,-20.513178,149.10403,36.087112,2.157091,161.93976,-1.3725612,-28.787209,90.2313,78.89409,8.778333,88.63365,81.17525,3.3215292,-82.37488,-34.79105,35.50525,-79.42182,-59.833267,7.012137,-114.08749,-73.494576,4.723466,-85.82754,-69.1317,2.1651294
3613,-9.224346,3.5497968,5.6952715,-46.138447,11.634045,-21.240904,149.07994,36.059063,2.161542,162.1757,-0.64884305,-29.225918,90.219604,78.89267,8.777222,88.62042,81.17215,3.325552,-82.319984,-34.78237,35.50454,-79.43602,-59.827763,7.0228324,-114.0797,-73.494644,4.7193933,-85.78312,-69.12474,2.1595194
3707,-9.224635,3.5562277,5.687739,-46.079323,13.252564,-24.851315,148.3177,36.101463,2.2520041,165.38347,15.737931,-37.274853,90.07168,79.02634,8.678593,88.382126,81.09606,3.577473,-82.00004,-34.756195,35.45948,-79.87833,-59.769505,7.1032743,-113.924286,-73.483,4.705129,-84.88027,-69.12243,2.1985874
3729,-9.224635,3.5562277,5.687739,-45.849003,13.559159,-25.263626,148.27786,36.153416,2.2487833,165.29353,15.961357,-37.374912,90.044044,79.02625,8.669974,88.3607,81.09389,3.5744028,-81.95779,-34.76668,35.46866,-79.897,-59.776707,7.1024966,-113.92285,-73.487625,4.709245,-84.84226,-69.125374,2.1956007
3786,-9.341437,3.5272632,5.6868014,-48.826004,19.452055,-35.732796,148.21362,36.1236,2.220429,164.50687,16.068567,-37.632435,89.98419,79.016975,8.663112,88.28488,81.091705,3.5613453,-80.781296,-34.753822,35.473377,-79.911964,-59.777206,7.091136,-113.90657,-73.48303,4.7094374,-84.745605,-69.1253,2.195249
3809,-9.348311,3.527593,5.6865573,-48.63968,19.68958,-35.517696,148.18718,36.13129,2.2120376,164.07993,15.954776,-37.69592,89.96393,79.00722,8.664588,88.2628,81.0932,3.5543535,-80.713974,-34.746765,35.465397,-79.92202,-59.77355,7.0907836,-113.89979,-73.487305,4.7042503,-84.711975,-69.12185,2.200197
3831,-9.348311,3.527593,5.6865573,-48.808598,20.030798,-34.972736,148.16278,36.137558,2.1971893,163.64607,15.852919,-37.75649,89.95564,79.005455,8.664292,88.24541,81.093994,3.5544674,-80.65981,-34.746773,35.460968,-79.92875,-59.78106,7.085071,-113.88183,-73.48782,4.7013464,-84.68712,-69.11961,2.2010894
3851,-9.355251,3.5284617,5.693272,-49.28974,20.329542,-34.21776,148.1333,36.137012,2.1817904,163.22711,15.827657,-37.82238,89.94362,79.004,8.663199,88.218376,81.099525,3.542766,-80.595856,-34.75935,35.470245,-79.94708,-59.78367,7.0814724,-113.87575,-73.48277,4.700376,-84.658554,-69.12281,2.2036521
3872,-9.34802,3.5211706,5.694098,-50.043858,20.683344,-33.47097,148.10608,36.126286,2.1824863,162.82925,15.835716,-37.93488,89.95479,79.00063,8.671211,88.191216,81.10505,3.5310607,-80.55618,-34.75913,35.4687,-79.95119,-59.795067,7.070431,-113.87209,-73.47731,4.694175,-84.62874,-69.11127,2.2101345
3895,-9.348378,3.5281317,5.693516,-50.942757,21.132843,-32.897472,148.0693,36.135048,2.1784027,162.44864,15.898334,-38.117245,89.93444,78.983894,8.682566,88.16402,81.113914,3.5217469,-80.52307,-34.753994,35.465412,-79.95761,-59.79797,7.0618925,-113.87479,-73.476425,4.696155,-84.594505,-69.103424,2.2118704
3916,-9.341504,3.5278018,5.6937585,-51.860886,21.446032,-32.69116,148.0254,36.138397,2.1802247,162.0517,16.037535,-38.333298,89.95765,78.98199,8.691667,88.15246,81.11777,3.523408,-80.49283,-34.76457,35.447598,-79.962715,-59.80673,7.053721,-113.85683,-73.47693,4.693253,-84.565445,-69.11371,2.2144654
3938,-9.348378,3.5281317,5.693516,-53.05738,21.502207,-33.034134,147.99312,36.12085,2.1803887,161.61372,16.190073,-38.568676,89.96509,78.98341,8.694629,88.12994,81.1189,3.522747,-80.41688,-34.76277,35.452686,-79.986496,-59.80614,7.063609,-113.84763,-73.481606,4.6932964,-84.536095,-69.1196,2.2138233
3963,-9.341864,3.5347633,5.693177,-54.355034,21.667063,-33.59682,147.95412,36.10907,2.1858017,161.0802,16.311016,-38.769306,89.94095,78.98051,8.6924515,88.09633,81.10341,3.5165877,-80.35688,-34.768604,35.453396,-79.99839,-59.80584,7.0685554,-113.84522,-73.48201,4.698528,-84.49237,-69.11737,2.199606
3983,-9.34867,3.5345542,5.6859756,-55.763535,21.77209,-34.305767,147.90746,36.13216,2.205529,160.36264,16.525661,-38.82297,89.928856,78.98355,8.687115,88.03266,81.091,3.482129,-80.28488,-34.779324,35.445328,-80.01317,-59.83605,7.065249,-113.83603,-73.486694,4.6985703,-84.45911,-69.11274,2.1941519
4008,-9.34867,3.5345542,5.6859756,-57.514984,21.537407,-34.910244,147.85909,36.163906,2.2232459,159.43005,16.708622,-38.813663,89.92051,78.95968,8.7010765,87.993706,81.08671,3.4633887,-80.224365,-34.7701,35.422974,-80.02244,-59.83965,7.064872,-113.82584,-73.48715,4.6997333,-84.42952,-69.118614,2.1934986
4024,-9.348963,3.540976,5.678436,-59.668816,21.21437,-35.186386,147.82646,36.17584,2.234176,158.3932,16.697636,-38.87416,89.90008,78.92983,8.718199,87.97525,81.08032,3.4651234,-80.19721,-34.761875,35.401894,-80.04461,-59.840305,7.072306,-113.81809,-73.487206,4.695666,-84.39428,-69.11342,2.1920574
4045,-9.348963,3.540976,5.678436,-62.247547,21.09204,-35.180027,147.79984,36.161552,2.2288263,157.25542,16.476234,-38.986263,89.89167,78.92356,8.722162,87.956955,81.07373,3.473195,-80.145035,-34.77475,35.395615,-80.05721,-59.832756,7.077282,-113.816666,-73.49184,4.6997733,-84.35491,-69.11633,2.1890502
4070,-9.34867,3.5345542,5.6859756,-65.05407,21.162788,-34.981934,147.76369,36.168835,2.2388334,156.15353,16.204979,-39.134563,89.89535,78.92982,8.720085,87.95903,81.05823,3.4969888,-80.09761,-34.78077,35.41049,-80.08197,-59.829494,7.0900397,-113.82078,-73.48631,4.697645,-84.32504,-69.1222,2.1883833
4090,-9.348179,3.5265143,5.672641,-67.6669,21.14079,-34.666573,147.72205,36.198776,2.2590337,155.10637,15.896158,-39.33972,89.88322,78.932846,8.714758,87.97691,81.041214,3.53414,-80.05319,-34.78319,35.41545,-80.09918,-59.812717,7.106053,-113.79971,-73.49655,4.695747,-84.29489,-69.12362,2.1845098
4161,-9.354985,3.5263033,5.6654396,-74.0645,19.719381,-34.350903,146.9076,36.19194,2.0462248,118.78815,8.970841,-35.53584,89.48582,78.85816,8.679397,87.348175,81.01082,3.4636161,-79.90736,-34.78847,35.40257,-80.3296,-59.88205,6.9746394,-113.529366,-73.507095,4.625376,-83.38427,-69.11907,2.1709468
4183,-9.3549185,3.5257633,5.658481,-75.08805,19.387259,-34.180534,146.8788,36.17274,2.0195258,118.05774,8.751602,-34.76245,89.464516,78.84814,8.681003,87.316185,81.01579,3.4519877,-79.84964,-34.783787,35.404037,-80.335754,-59.885,6.9661136,-113.52568,-73.501564,4.6192036,-83.35627,-69.11425,2.175158
4241,-9.440728,3.5174642,5.7623386,-95.15774,20.865335,-17.266872,146.77834,36.235188,1.9683219,116.42707,7.9823895,-31.905514,89.397,78.80939,8.693528,87.205086,81.01695,3.4160194,-78.61469,-34.729824,35.478878,-80.35889,-59.90262,6.9324293,-113.506134,-73.50493,4.6078534,-83.26291,-69.12113,2.1777909
4262,-9.466638,3.4861813,5.792138,-94.05681,20.219357,-15.483779,146.75223,36.212296,1.9857016,115.96481,7.661169,-30.694195,89.37197,78.80626,8.691443,87.18849,81.02081,3.411377,-78.53708,-34.69623,35.482956,-80.357574,-59.89206,6.9270983,-113.50378,-73.50538,4.613079,-83.22989,-69.12245,2.173896
4283,-9.460739,3.505636,5.7766995,-92.86043,19.593187,-13.559767,146.7404,36.20644,2.0190618,115.4403,7.1711755,-29.505562,89.38278,78.79197,8.70663,87.16245,81.00008,3.4185061,-78.50292,-34.70618,35.472992,-80.38276,-59.88158,6.9398417,-113.49735,-73.51139,4.620413,-83.176765,-69.113205,2.1623752
4304,-9.454108,3.5111713,5.7624393,-91.71138,19.200796,-11.455878,146.69954,36.240826,1.9880921,115.026024,6.618764,-28.352789,89.40971,78.77662,8.729269,87.13435,80.99749,3.415709,-78.45923,-34.71747,35.473953,-80.389145,-59.889103,6.9341865,-113.47513,-73.51563,4.607085,-83.1528,-69.1139,2.1776385
4325,-9.448089,3.525849,5.7754207,-90.67561,18.923819,-9.456693,146.68076,36.235245,1.9623685,114.75241,5.8861656,-27.217297,89.380875,78.789375,8.714975,87.11273,81.012344,3.4045007,-78.382034,-34.708366,35.478523,-80.396225,-59.889404,6.928515,-113.484566,-73.51054,4.6142645,-83.12435,-69.13148,2.167694
4346,-9.454961,3.5261836,5.7751765,-89.81172,18.652254,-7.623466,146.65894,36.193787,1.9980409,114.54187,5.0043063,-26.055756,89.33966,78.78063,8.708348,87.086266,80.99519,3.4139185,-78.31987,-34.69072,35.48208,-80.41772,-59.885483,6.9330974,-113.47683,-73.51054,4.610203,-83.08976,-69.120094,2.1745248
4368,-9.4611025,3.5125968,5.7761106,-89.08833,18.421825,-5.945016,146.62427,36.22924,2.01202,114.33064,4.1627483,-24.881168,89.34674,78.77557,8.714231,87.06931,80.9955,3.4133089,-78.27761,-34.698826,35.48445,-80.42841,-59.879208,6.9355764,-113.48221,-73.51098,4.6194887,-83.0417,-69.12449,2.160235
4390,-9.4486265,3.5381362,5.753373,-88.58622,18.333178,-4.4350424,146.58958,36.264698,2.0259848,114.16188,3.360013,-23.682865,89.369965,78.77828,8.725997,87.05407,80.98128,3.4249332,-78.218956,-34.710308,35.482533,-80.44989,-59.87528,6.9401574,-113.46367,-73.520775,4.612328,-83.00625,-69.11568,2.1638134
4416,-9.442415,3.5511804,5.7454844,-88.30513,18.442995,-3.1442769,146.55957,36.245605,2.019863,114.02133,2.5896227,-22.4175,89.37715,78.76874,8.736124,87.032234,80.992584,3.4177258,-78.15823,-34.68947,35.487526,-80.45989,-59.87624,6.9426575,-113.457634,-73.51568,4.6113863,-82.983284,-69.13364,2.171373
4434,-9.448753,3.539226,5.7672873,-88.3122,18.712393,-2.1017077,146.5529,36.203514,2.0238714,113.68277,1.9901768,-21.149366,89.33566,78.7711,8.72236,87.00787,80.989716,3.421978,-78.11625,-34.689205,35.486015,-80.48107,-59.867733,6.94436,-113.46302,-73.516136,4.6206713,-82.9393,-69.12736,2.162149
4455,-9.455626,3.53956,5.7670417,-88.45328,19.174463,-1.2135371,146.52586,36.192,2.0610726,113.308914,1.4593188,-20.009596,89.34284,78.763756,8.733831,87.00857,80.97103,3.444628,-78.07665,-34.70611,35.484398,-80.50914,-59.857872,6.9652624,-113.47075,-73.51612,4.624732,-82.90322,-69.114006,2.1626825
4479,-9.462133,3.5329335,5.767386,-88.57989,19.73366,-0.49633074,146.48946,36.236107,2.072919,112.99072,1.0003746,-18.978098,89.39471,78.77371,8.744231,86.98378,80.96457,3.446679,-78.015785,-34.685265,35.489403,-80.5272,-59.865093,6.9645677,-113.460655,-73.51659,4.625895,-82.873505,-69.11632,2.1667204
4501,-9.462133,3.5329335,5.767386,-88.61517,20.106997,0.11716546,146.4603,36.253586,2.0482008,112.82255,0.6539761,-18.126184,89.38563,78.774025,8.745346,86.95854,80.961624,3.4447079,-77.97124,-34.66104,35.4987,-80.536896,-59.861473,6.9641895,-113.45155,-73.52126,4.625913,-82.83905,-69.124725,2.1625957
4521,-9.468703,3.526853,5.774688,-88.53748,20.120161,0.64067847,146.44313,36.206257,2.0286713,112.71637,0.43476647,-17.399073,89.32807,78.76189,8.735551,86.92881,80.96616,3.4401329,-77.92838,-34.673355,35.502995,-80.543884,-59.86178,6.9585104,-113.44789,-73.51573,4.619746,-82.803825,-69.11793,2.1725433
4542,-9.468765,3.5273988,5.7816453,-88.291794,19.811209,1.1152099,146.43263,36.17907,2.0084085,112.54589,0.2851328,-16.681807,89.31891,78.76221,8.7366705,86.91065,80.97361,3.4377027,-77.897285,-34.67671,35.51412,-80.55019,-59.86932,6.9528666,-113.437805,-73.51619,4.6209087,-82.76955,-69.11922,2.1686416
4563,-9.475574,3.5271873,5.7744427,-87.82867,19.286087,1.6042267,146.39525,36.21331,2.0069005,112.37149,0.100259624,-15.942019,89.34204,78.76502,8.741496,86.88494,80.97065,3.4357352,-77.82796,-34.65406,35.531494,-80.56793,-59.871967,6.9492984,-113.4287,-73.52088,4.6209254,-82.73942,-69.121544,2.1726673
4635,-9.490383,3.5147252,5.782426,-85.65358,17.42117,4.6777825,145.6476,36.23123,1.9589571,108.55363,-10.634969,1.3801951,89.13458,78.738174,8.759393,86.30721,80.99303,3.444768,-77.62699,-34.654003,35.530952,-80.90549,-59.926136,6.8960075,-113.27245,-73.51856,4.607732,-81.77555,-69.1127,2.214029
4657,-9.490383,3.5147252,5.782426,-85.3587,17.358294,5.6718063,145.62743,36.218704,1.9624029,108.59416,-10.932885,1.7612785,89.125,78.7363,8.759194,86.277275,80.98656,3.4469616,-77.568,-34.65711,35.52517,-80.91497,-59.922523,6.895614,-113.27648,-73.51301,4.605643,-81.73211,-69.11205,2.2158282
4715,-9.552275,3.51829,5.787186,-82.0969,13.040376,17.035189,145.54129,36.227486,1.9654338,108.69622,-11.636373,2.9228559,89.10907,78.74109,8.7579775,86.21821,80.99772,3.446726,-76.175934,-34.61672,35.573944,-80.94881,-59.92649,6.8889074,-113.24969,-73.51815,4.60275,-81.63035,-69.11263,2.2185225
4736,-9.552275,3.51829,5.787186,-82.134026,13.19964,17.178722,145.516,36.230034,1.9650124,108.74174,-11.74746,3.2903597,89.099434,78.73921,8.757782,86.199974,80.99427,3.4509733,-76.1173,-34.616604,35.569614,-80.96922,-59.92977,6.8935475,-113.25139,-73.51306,4.6058803,-81.59636,-69.11045,2.2195575
4756,-9.558837,3.512217,5.7944937,-82.31147,13.346847,16.589884,145.48576,36.225723,1.9641768,108.76932,-11.815886,3.6477299,89.0899,78.73287,8.761846,86.16878,80.99125,3.4490926,-76.06992,-34.611786,35.574078,-80.97956,-59.9235,6.8959928,-113.24368,-73.51306,4.6018224,-81.562584,-69.11292,2.2235143
4778,-9.552275,3.51829,5.787186,-82.33081,13.96565,15.7071495,145.46777,36.218685,1.9526372,108.768745,-11.95965,4.068006,89.096664,78.73448,8.764782,86.149796,80.99124,3.449251,-76.01117,-34.611664,35.569748,-80.98622,-59.923843,6.890318,-113.24635,-73.512184,4.6038,-81.51808,-69.10764,2.222397
4799,-9.559143,3.5186253,5.7869415,-82.43783,14.620977,14.40565,145.4342,36.220833,1.950084,108.823814,-12.273304,4.5702653,89.086975,78.7326,8.764588,86.12686,80.99155,3.4486341,-75.94867,-34.611237,35.573215,-81.00662,-59.927124,6.894962,-113.236336,-73.51265,4.6049604,-81.48,-69.10887,2.218478
4820,-9.559143,3.5186253,5.7869415,-82.674324,15.124258,13.353567,145.40892,36.22337,1.9496605,108.94162,-12.706126,5.142417,89.07729,78.73071,8.764396,86.09938,80.984764,3.4516416,-75.904564,-34.610962,35.57174,-81.016045,-59.923523,6.894563,-113.23402,-73.51312,4.610178,-81.445076,-69.11382,2.219088
4842,-9.559202,3.519177,5.793898,-83.13489,15.281429,12.567405,145.37634,36.235493,1.9603481,109.12597,-13.190041,5.761032,89.0677,78.72438,8.768464,86.07995,80.98476,3.4518054,-75.856674,-34.6104,35.578056,-81.03338,-59.9262,6.8910127,-113.22632,-73.51312,4.60612,-81.41052,-69.11165,2.2201293
4864,-9.56782,3.519755,5.793988,-83.68667,15.312905,12.149054,145.35106,36.238033,1.9599221,109.300705,-13.704578,6.336996,89.058,78.7247,8.769572,86.05672,80.9888,3.453236,-75.79976,-34.607075,35.575184,-81.04305,-59.927143,6.8935356,-113.21727,-73.51781,4.606124,-81.37618,-69.11412,2.2240756
4885,-9.56782,3.519755,5.793988,-84.133354,15.486957,11.824738,145.32951,36.2304,1.9552507,109.47162,-14.286596,6.9018507,89.06475,78.72632,8.772507,86.02447,80.98577,3.4513762,-75.751755,-34.606514,35.581497,-81.04968,-59.927498,6.8878613,-113.21897,-73.51272,4.609256,-81.34141,-69.111946,2.225119
4910,-9.568184,3.5267153,5.793393,-84.36674,15.873989,11.457906,145.30128,36.22452,1.9480036,109.596436,-14.990305,7.462616,89.0515,78.72918,8.76724,86.004555,80.98576,3.4515398,-75.70744,-34.606243,35.580025,-81.07003,-59.93077,6.892509,-113.211266,-73.51271,4.6051993,-81.30942,-69.10887,2.2277927
4928,-9.575053,3.527051,5.7931476,-84.464775,16.362135,11.087527,145.27936,36.220596,1.9493092,109.69988,-15.64834,7.9077864,89.041725,78.727295,8.76705,85.9845,80.985756,3.4517019,-75.6449,-34.601574,35.581646,-81.07663,-59.931118,6.886836,-113.20223,-73.517395,4.605202,-81.27102,-69.11474,2.2267582
4950,-9.575053,3.527051,5.7931476,-84.467285,16.857294,10.689741,145.24046,36.230774,1.951435,109.855095,-16.142023,8.258984,89.03197,78.72762,8.768157,85.96473,80.98232,3.455973,-75.58226,-34.596905,35.583267,-81.09671,-59.929848,6.8885627,-113.20393,-73.51231,4.608336,-81.2359,-69.11258,2.227805
4971,-9.575053,3.527051,5.7931476,-84.35924,17.44794,10.2858515,145.2132,36.234882,1.9574227,110.048676,-16.600214,8.55232,89.0223,78.72128,8.772229,85.94436,80.98232,3.4561377,-75.54132,-34.60116,35.575855,-81.10355,-59.93475,6.885812,-113.20162,-73.51279,4.6135545,-81.189445,-69.10976,2.2233715
4993,-9.581923,3.5273862,5.7929025,-84.21145,18.139097,9.944036,145.18794,36.23742,1.9569932,110.29299,-17.101957,8.764971,89.02553,78.727646,8.770082,85.923996,80.98607,3.4583218,-75.47829,-34.600746,35.579323,-81.11381,-59.928474,6.8882437,-113.19392,-73.51278,4.6094956,-81.15408,-69.10759,2.2244256
5015,-9.581923,3.5273862,5.7929025,-84.10992,18.852306,9.704496,145.16148,36.222935,1.9519367,110.546295,-17.579515,8.941102,89.0157,78.72576,8.769895,85.89914,80.98979,3.4535906,-75.43375,-34.60047,35.577854,-81.13323,-59.93441,6.8900633,-113.188896,-73.511894,4.607415,-81.11894,-69.11009,2.2283607
5036,-9.581923,3.5273862,5.7929025,-84.10103,19.471983,9.495135,145.13959,36.219017,1.9532477,110.792336,-18.04005,9.103393,89.00587,78.72388,8.769708,85.86611,80.98333,3.455869,-75.3706,-34.600063,35.581318,-81.14068,-59.932102,6.887223,-113.188896,-73.511894,4.607415,-81.08336,-69.107925,2.2294152
5108,-9.588791,3.5277212,5.792658,-84.94927,20.770132,8.242384,144.40298,36.198635,1.9200559,121.66153,-30.429401,8.402543,88.82808,78.70787,8.7894945,85.20924,81.0031,3.4683564,-75.17499,-34.599895,35.583668,-81.47828,-59.959152,6.8524923,-113.041885,-73.5002,4.602639,-80.03902,-69.10315,2.2584825
5129,-9.595659,3.528057,5.792413,-85.42225,20.815077,7.901476,144.37479,36.21081,1.9032525,122.102356,-30.09267,8.571931,88.817856,78.70821,8.790591,85.179504,81.00676,3.4635603,-75.12661,-34.595097,35.58815,-81.487465,-59.955555,6.8520737,-113.041885,-73.5002,4.602639,-79.99892,-69.10341,2.2561858
5207,-9.67786,3.4928002,5.8212414,-64.95543,1.2181884,20.3505,144.28389,36.215958,1.8548716,125.90957,-30.6058,8.194283,88.79009,78.71114,8.789161,85.07077,81.010445,3.4591718,-73.53661,-34.5576,35.642212,-81.52555,-59.962666,6.836904,-113.01792,-73.50448,4.6017118,-79.85166,-69.10998,2.2647626
5229,-9.685092,3.5000963,5.820395,-63.237926,-0.17999014,20.089045,144.26839,36.15642,1.8530318,126.8373,-30.69239,7.9797773,88.762856,78.70345,8.784668,85.04354,81.013794,3.4551384,-73.45772,-34.544407,35.637535,-81.53184,-59.963062,6.83123,-113.0142,-73.49887,4.595595,-79.8265,-69.112526,2.275715
5249,-9.684725,3.4931371,5.8209987,-61.399696,-1.7768615,19.745285,144.247,36.155666,1.8397902,127.67357,-30.888798,7.721205,88.72201,78.69636,8.780468,85.02621,81.02056,3.4522078,-73.396965,-34.5399,35.6315,-81.5487,-59.965775,6.827699,-113.00425,-73.499344,4.596754,-79.774506,-69.10487,2.2686243
5270,-9.69159,3.493474,5.8207545,-59.468285,-3.3918586,19.401741,144.20776,36.18772,1.8381513,128.50652,-31.052982,7.44599,88.74214,78.70189,8.785604,85.003174,81.01695,3.4572854,-73.339294,-34.5485,35.623028,-81.5581,-59.96671,6.8302393,-113.00197,-73.49985,4.601968,-79.734505,-69.10275,2.2697353
5291,-9.698143,3.487412,5.82807,-57.514797,-4.6997275,18.913185,144.17908,36.196674,1.8359258,129.41101,-31.158249,7.214232,88.74862,78.703545,8.788495,84.97203,81.020584,3.4524684,-73.288605,-34.548054,35.62931,-81.56352,-59.969788,6.821742,-112.996956,-73.498955,4.5998926,-79.7045,-69.11096,2.272208
5312,-9.698143,3.487412,5.82807,-55.574783,-5.5604515,18.388025,144.1561,36.175663,1.8327888,130.37845,-31.245697,6.974565,88.72131,78.698074,8.785277,84.944664,81.0206,3.452598,-73.234,-34.54313,35.64156,-81.583496,-59.97304,6.826428,-112.98927,-73.498924,4.5958405,-79.664246,-69.10885,2.273318
5334,-9.705062,3.48831,5.8347836,-53.763325,-6.1190915,17.878183,144.14334,36.15344,1.8253808,131.32452,-31.319092,6.729924,88.71087,78.69617,8.785118,84.91711,81.0206,3.4527283,-73.18704,-34.54716,35.64187,-81.58972,-59.973446,6.8207536,-112.99096,-73.49384,4.5989904,-79.62627,-69.10587,2.276082
5355,-9.705008,3.4877496,5.8278275,-52.261047,-6.5429378,17.489307,144.1099,36.162453,1.8141596,132.28865,-31.38744,6.509807,88.71751,78.6934,8.792279,84.88873,81.02393,3.4486787,-73.157234,-34.5479,35.6465,-81.606804,-59.98068,6.820194,-112.98199,-73.498535,4.5989776,-79.58613,-69.10853,2.2799234
5376,-9.711872,3.4880867,5.827584,-51.111607,-6.898231,17.206173,144.0793,36.173042,1.8183324,133.28307,-31.345995,6.3267894,88.690155,78.69016,8.790327,84.85686,81.02754,3.443853,-73.09196,-34.543236,35.6482,-81.61303,-59.98108,6.814519,-112.97431,-73.498505,4.594927,-79.55524,-69.111984,2.2796454
5401,-9.711927,3.488648,5.83454,-50.33681,-6.9752383,17.02912,144.05063,36.181988,1.8160994,134.20567,-31.263603,6.1671147,88.662735,78.68467,8.787123,84.82873,81.02755,3.4439805,-73.04485,-34.54727,35.64851,-81.63007,-59.98831,6.813965,-112.97599,-73.49342,4.5980773,-79.51447,-69.109886,2.2807596
5418,-9.711927,3.488648,5.83454,-49.87752,-6.6693,16.928473,144.0224,36.175983,1.8089268,135.04153,-31.171673,6.0094175,88.665764,78.69106,8.7849245,84.80039,81.02756,3.444107,-72.976616,-34.550137,35.65046,-81.63917,-59.98473,6.813539,-112.96606,-73.4939,4.599236,-79.47397,-69.11255,2.2845898
5439,-9.720622,3.4897883,5.8415885,-49.814888,-6.003522,16.884157,144.0009,36.168266,1.8043541,135.77017,-31.146349,5.860848,88.67219,78.69274,8.787811,84.78556,81.03072,3.4460833,-72.91545,-34.5456,35.64444,-81.645355,-59.98513,6.8078656,-112.95935,-73.498085,4.594013,-79.43186,-69.112816,2.282284
5460,-9.7271185,3.4831674,5.841951,-50.112896,-4.889559,16.912477,143.97906,36.164326,1.8057095,136.4221,-31.145132,5.717825,88.661644,78.69083,8.787658,84.75685,81.03073,3.446206,-72.85032,-34.536606,35.644398,-81.65361,-59.98424,6.804617,-112.96104,-73.493004,4.5971656,-79.40048,-69.11628,2.2819912
5482,-9.733983,3.4835057,5.8417077,-50.51511,-3.233765,17.003044,143.9504,36.17327,1.8034713,136.99495,-31.206348,5.537967,88.63418,78.68758,8.785712,84.72797,81.03075,3.4463282,-72.80302,-34.54064,35.644707,-81.67062,-59.991474,6.804066,-112.951096,-73.493484,4.5983224,-79.3592,-69.11418,2.2831082
5505,-9.733667,3.4771087,5.8492694,-51.024754,-1.2991453,17.206528,143.92897,36.172466,1.7902286,137.55057,-31.256853,5.3228827,88.63739,78.689545,8.787782,84.69478,81.03045,3.4396582,-72.73843,-34.54797,35.640682,-81.679695,-59.98789,6.803638,-112.94116,-73.49396,4.599483,-79.3167,-69.11445,2.2807996
5575,-9.72754,3.4906888,5.848302,-52.181572,3.0617564,17.775465,143.15236,36.07823,1.7146156,157.42159,-23.264097,-0.764898,88.43161,78.70319,8.774089,83.94368,81.095505,3.4137433,-72.53306,-34.54197,35.66402,-81.971085,-60.030495,6.732613,-112.79897,-73.50135,4.595365,-78.19799,-69.133865,2.3087742
5596,-9.72754,3.4906888,5.848302,-51.77155,2.921096,17.468887,143.13248,36.07258,1.7096251,157.83475,-22.98734,-1.0143559,88.42059,78.70126,8.773949,83.90871,81.095505,3.41382,-72.47072,-34.546104,35.661488,-81.990486,-60.02924,6.734332,-112.79132,-73.50131,4.5913153,-78.16254,-69.13735,2.308388
5656,-9.776745,3.5145,5.851726,-35.712852,2.7481399,6.3371806,143.03967,36.094128,1.7088923,159.31393,-22.097502,-1.6612735,88.40143,78.706116,8.772655,83.81679,81.094795,3.4140828,-72.28574,-34.547226,35.662186,-82.02491,-60.02935,6.732939,-112.76582,-73.51065,4.5872135,-78.03864,-69.13361,2.3154306
5697,-9.785396,3.515082,5.851818,-34.85753,2.6422358,6.0091043,142.99129,36.079357,1.7114284,160.2296,-21.508657,-2.0573196,88.37925,78.702255,8.772379,83.759476,81.098076,3.4159632,-70.79895,-34.53784,35.68703,-82.05042,-60.03303,6.7319922,-112.757614,-73.50606,4.591531,-77.95655,-69.13505,2.3161833
5717,-9.78545,3.5156467,5.858774,-34.603115,2.8795662,5.9292235,142.96902,36.090424,1.717636,160.5342,-21.300167,-2.3318248,88.36818,78.702614,8.773466,83.73786,81.10133,3.4177623,-70.735115,-34.541977,35.684464,-82.059265,-60.029457,6.7315445,-112.757614,-73.50606,4.591531,-77.909035,-69.135284,2.3138568
5738,-9.791944,3.5090265,5.8591385,-34.47902,3.3863993,5.845514,142.94757,36.089485,1.7044158,160.86464,-21.07903,-2.5900993,88.37454,78.69761,8.779374,83.70107,81.09737,3.4161441,-70.685875,-34.546062,35.684696,-82.068115,-60.025887,6.731096,-112.74105,-73.51072,4.5874543,-77.86264,-69.13324,2.315009
5759,-9.792314,3.5159862,5.8585286,-34.493946,3.9677703,5.810745,142.92279,36.070114,1.7079077,161.16652,-20.83904,-2.8590267,88.35989,78.70711,8.771079,83.66406,81.09338,3.414534,-70.615715,-34.540215,35.68325,-82.08526,-60.02595,6.730398,-112.750374,-73.505684,4.5946665,-77.82609,-69.13672,2.314604
5783,-9.798806,3.5093656,5.8588934,-34.770206,4.5632334,5.6042285,142.90504,36.058903,1.6906546,161.47423,-20.590332,-3.1360853,88.34897,78.70075,8.775228,83.64184,81.09665,3.4163272,-70.562584,-34.535503,35.687813,-82.09433,-60.02687,6.732958,-112.735085,-73.50559,4.5865693,-77.782524,-69.131584,2.3209133
5804,-9.798806,3.5093656,5.8588934,-35.142597,5.301838,5.2291427,142.8715,36.060925,1.6881042,161.77989,-20.38066,-3.3852453,88.33754,78.70325,8.770809,83.61857,81.103134,3.4138672,-70.498535,-34.53964,35.685238,-82.099434,-60.030018,6.724478,-112.726166,-73.510284,4.586539,-77.7344,-69.13182,2.3185887
5824,-9.798806,3.5093656,5.8588934,-35.59777,6.229678,4.859706,142.8391,36.080082,1.6898389,162.08246,-20.102472,-3.6699476,88.34392,78.70054,8.777936,83.57752,81.1066,3.4089222,-70.4491,-34.543724,35.68547,-82.11875,-60.028755,6.7261972,-112.726166,-73.510284,4.586539,-77.6974,-69.1353,2.3181782
5848,-9.805669,3.5097048,5.8586483,-35.99587,7.0963116,4.470152,142.81387,36.082558,1.6893919,162.44629,-19.752016,-3.8657012,88.32918,78.70775,8.76842,83.539566,81.1026,3.4073212,-70.3958,-34.539017,35.69003,-82.124825,-60.033703,6.723536,-112.7202,-73.50517,4.5856547,-77.64986,-69.1284,2.3167922
5870,-9.805669,3.5097048,5.8586483,-36.232174,7.694334,4.0748405,142.79398,36.07006,1.6931589,162.81604,-19.406294,-4.052958,88.318245,78.70368,8.773791,83.51653,81.10589,3.4090967,-70.34334,-34.546303,35.688717,-82.14413,-60.03244,6.7252517,-112.7113,-73.509865,4.5856247,-77.60126,-69.128624,2.3144703
5893,-9.812585,3.5106106,5.865358,-36.21387,8.031722,3.6451929,142.7741,36.06439,1.6881866,163.26666,-19.060968,-4.2865353,88.32431,78.70311,8.7754135,83.47813,81.101875,3.4075046,-70.274796,-34.546043,35.69213,-82.15019,-60.037384,6.722596,-112.70144,-73.51034,4.58678,-77.56384,-69.13211,2.314054
5918,-9.812531,3.5100439,5.858403,-35.895744,8.142714,3.1972759,142.74243,36.06469,1.6792475,163.7369,-18.646353,-4.550251,88.31311,78.70347,8.776497,83.45467,81.10517,3.4092717,-70.22179,-34.53694,35.695045,-82.16948,-60.03612,6.724313,-112.712975,-73.50478,4.5887904,-77.51628,-69.130066,2.3152196
5935,-9.812585,3.5106106,5.865358,-35.33972,7.980247,2.7702804,142.72255,36.05901,1.6742783,164.18643,-18.148619,-4.767932,88.30183,78.70154,8.776364,83.41578,81.10116,3.4076884,-70.15745,-34.541084,35.692463,-82.17553,-60.041065,6.7216578,-112.69547,-73.50522,4.585899,-77.48164,-69.130486,2.3199646
5955,-9.812585,3.5106106,5.865358,-34.63276,7.6211443,2.3981478,142.69757,36.057636,1.6679528,164.60724,-17.647934,-4.957328,88.307884,78.70096,8.777987,83.39103,81.107635,3.405194,-70.107704,-34.545177,35.692677,-82.181335,-60.041523,6.7159853,-112.700325,-73.50383,4.582673,-77.4438,-69.13399,2.3195395
5976,-9.812585,3.5106106,5.865358,-33.82259,7.3227143,2.0759003,142.67097,36.046803,1.6691265,164.99437,-17.201712,-5.1686316,-89.569,6.1113267,-38.420975,83.34811,81.10705,3.3985925,-70.04421,-34.54051,35.686806,-82.2006,-60.040257,6.7177033,-112.69046,-73.50432,4.5838304,-77.39274,-69.134995,2.315535
6054,-9.826309,3.5112894,5.864868,-30.896318,8.066762,1.5249538,141.92966,35.99749,1.5744871,-179.785,-4.8172894,-13.122584,88.00894,78.64578,8.8036175,82.35957,81.14947,3.323121,-69.81922,-34.542538,35.692028,-82.49702,-60.076084,6.6538506,-112.5393,-73.51215,4.580831,-76.18976,-69.16132,2.332923
6070,-9.826309,3.5112894,5.864868,-30.235905,8.143727,1.2956284,141.89961,35.993046,1.5738404,-179.36542,-4.544582,-13.377988,88.014694,78.645226,8.805244,82.31286,81.149414,3.3231862,-69.76919,-34.54664,35.692238,-82.505615,-60.07253,6.6533804,-112.5371,-73.512695,4.5860295,-76.146996,-69.15989,2.329987
6109,-9.883472,3.5223467,5.876538,-19.103735,14.742855,-9.315254,141.84015,36.016422,1.581355,-178.72612,-3.9573464,-13.88283,88.005844,78.64765,8.808325,82.23615,81.14421,3.3226016,-69.64655,-34.53729,35.698586,-82.531136,-60.07353,6.6552663,-112.53211,-73.51179,4.5839624,-76.05456,-69.15843,2.335879
6150,-9.88379,3.5287342,5.8689685,-19.321821,15.939786,-9.759504,141.79329,36.008175,1.5911568,-178.243,-3.222244,-14.35217,87.98172,78.64815,8.8038225,82.17262,81.14678,3.3243601,-68.12788,-34.541496,35.700436,-82.558945,-60.0732,6.659557,-112.52615,-73.50665,4.5830956,-75.973206,-69.16031,2.3435829
6171,-9.89028,3.5221155,5.8693376,-19.381233,16.411724,-10.056148,141.75603,36.020443,1.5925411,-177.91428,-2.8178601,-14.621561,87.96668,78.65321,8.799795,82.14064,81.15013,3.3259933,-68.07695,-34.541172,35.699017,-82.56449,-60.073685,6.653888,-112.51634,-73.50714,4.5842505,-75.91787,-69.15555,2.3388424
6192,-9.883737,3.5281632,5.8620143,-19.322117,16.773048,-10.469296,141.729,36.024673,1.5984548,-177.47534,-2.4034288,-14.941107,87.972725,78.64825,8.805715,82.108116,81.14935,3.326108,-68.01092,-34.545303,35.69639,-82.583694,-60.0769,6.6586523,-112.507484,-73.51183,4.584204,-75.87462,-69.15905,2.3383074
6218,-9.89028,3.5221155,5.8693376,-19.042732,17.066406,-11.105636,141.70567,36.01861,1.6004332,-176.96426,-1.9465914,-15.363443,87.960526,78.65303,8.802498,82.06231,81.14188,3.3297331,-67.95531,-34.54063,35.700996,-82.58921,-60.077385,6.6529818,-112.49987,-73.51178,4.580159,-75.83121,-69.16255,2.3377666
6235,-9.89028,3.5221155,5.8693376,-18.533384,17.231466,-12.004756,141.681,36.005974,1.5953346,-176.41913,-1.4942701,-15.825673,87.94887,78.64666,8.806692,82.02837,81.14829,3.3270519,-67.90426,-34.54031,35.699577,-82.6084,-60.0806,6.6577487,-112.50153,-73.50671,4.5833383,-75.780174,-69.15762,2.3441992
6256,-9.890227,3.521544,5.8623834,-17.865585,17.135891,-12.9684305,141.6612,35.993507,1.5992353,-175.8827,-0.96353614,-16.323996,87.95463,78.648445,8.809494,81.991844,81.15079,3.3221018,-67.852615,-34.54444,35.69973,-82.61391,-60.081097,6.652079,-112.49172,-73.507195,4.584493,-75.73596,-69.15618,2.341277
6277,-9.897509,3.5294132,5.868476,-17.122456,16.924215,-13.910573,141.63231,36.00626,1.6027098,-175.3873,-0.36099523,-16.820902,87.94263,78.646484,8.809395,81.96177,81.15088,3.328784,-67.78696,-34.544113,35.695534,-82.622444,-60.07755,6.651605,-112.48506,-73.511345,4.5792465,-75.69206,-69.15969,2.3407304
6301,-9.897509,3.5294132,5.868476,-16.334772,16.960882,-14.803819,141.60005,36.021523,1.5984162,-174.91023,0.13899127,-17.29741,87.92743,78.64921,8.804187,81.92795,81.15009,3.328902,-67.71719,-34.53499,35.695793,-82.64161,-60.08075,6.656372,-112.494354,-73.50633,4.5864716,-75.63616,-69.15986,2.3383842
6322,-9.897509,3.5294132,5.868476,-15.493167,17.44561,-15.59092,141.57356,36.010674,1.5996958,-174.48355,0.64788,-17.78432,87.93318,78.65099,8.806986,81.89296,81.15651,3.3261952,-67.66203,-34.54232,35.694363,-82.647095,-60.081253,6.6507025,-112.48455,-73.50682,4.587626,-75.59579,-69.15332,2.3442583
6341,-9.897509,3.5294132,5.868476,-14.590948,17.977768,-16.302765,141.55377,35.998215,1.6036069,-174.04407,1.2133236,-18.242168,87.92113,78.64903,8.806886,81.85861,81.15573,3.3263106,-67.609634,-34.55091,35.69607,-82.66602,-60.079994,6.6524153,-112.48622,-73.501755,4.5908065,-75.55141,-69.15683,2.3437061
6361,-9.890913,3.5348897,5.8541975,-13.736438,18.146374,-16.799524,141.52858,36.00066,1.6031499,-173.50577,1.9090984,-18.653666,87.90595,78.6541,8.802854,81.80749,81.15153,3.3248904,-67.53972,-34.541786,35.696335,-82.67477,-60.080917,6.654995,-112.47955,-73.50591,4.5855613,-75.50687,-69.16033,2.3431482
6382,-9.904317,3.5291803,5.8612747,-12.919909,18.091871,-17.264885,141.4997,36.01342,1.6066083,-172.91121,2.5492892,-18.947746,87.91163,78.65355,8.804475,81.77258,81.15075,3.3250093,-67.47443,-34.536983,35.690594,-82.69062,-60.083706,6.651516,-112.46976,-73.506386,4.5867143,-75.45295,-69.15759,2.3460526
6403,-9.904317,3.5291803,5.8612747,-11.977494,18.289494,-17.768768,141.47266,36.01767,1.6125143,-172.2188,3.081,-19.242046,87.89926,78.65834,8.801251,81.736496,81.15715,3.3222857,-67.426445,-34.53345,35.690765,-82.69935,-60.084618,6.654099,-112.47143,-73.50132,4.589896,-75.40922,-69.15398,2.3466938
6425,-9.9042635,3.5286083,5.8543205,-10.854634,18.71954,-18.329138,141.45813,35.99419,1.6266543,-171.44557,3.6068764,-19.593016,87.90557,78.64896,8.811471,81.70446,81.15727,3.3289492,-67.370445,-34.545254,35.69088,-82.71894,-60.080643,6.6586037,-112.47143,-73.50132,4.589896,-75.36252,-69.15964,2.3425732
6445,-9.904632,3.5355666,5.853704,-9.722328,18.961708,-18.677046,141.43182,35.97945,1.6221172,-170.6229,4.139733,-19.95022,87.89007,78.66078,8.804305,81.66875,81.1565,3.329065,-67.31428,-34.54059,35.69549,-82.72437,-60.08115,6.6529326,-112.46643,-73.50041,4.587835,-75.32163,-69.158104,2.3508167
6518,-9.911439,3.5353322,5.846503,-6.7807546,19.573025,-18.64297,140.62183,36.029144,1.8532416,-161.1009,15.78154,-34.66967,87.80826,78.699326,8.817469,80.6132,81.14582,3.3860247,-67.092834,-34.543705,35.688625,-83.123505,-60.07637,6.7186546,-112.351265,-73.484634,4.6006126,-73.937515,-69.13,2.3570714
6539,-9.904579,3.5349944,5.8467493,-6.421816,19.870844,-18.54131,140.593,36.039238,1.871273,-160.86058,16.26592,-35.392525,87.81412,78.69436,8.823382,80.56891,81.14508,3.3861518,-67.01847,-34.54224,35.688873,-83.14302,-60.076782,6.726231,-112.34462,-73.48879,4.5953603,-73.88722,-69.13351,2.3564498
6577,-9.892702,3.6101456,5.7491126,1.8997786,21.357616,-41.69985,140.53444,36.03557,1.9122324,-160.63948,16.988628,-36.82463,87.822266,78.70495,8.824903,80.48791,81.1313,3.4053433,-66.89572,-34.537228,35.689316,-83.184296,-60.071823,6.740696,-112.334854,-73.48927,4.5965123,-73.77698,-69.12221,2.3579495
6619,-9.886507,3.6231596,5.7411776,1.4155167,21.092712,-43.029186,140.46863,36.05139,1.9403538,-160.51639,17.539808,-38.204544,87.812515,78.70506,8.826744,80.3994,81.12245,3.4093993,-65.28272,-34.577084,35.633926,-83.22572,-60.071274,6.758247,-112.3353,-73.48898,4.6036863,-73.674545,-69.12418,2.35448
6640,-9.886806,3.6295476,5.7336087,0.69314027,20.619162,-43.711407,140.43161,36.057095,1.9504477,-160.56386,17.705393,-38.918278,87.81804,78.70453,8.828342,80.35502,81.11876,3.413897,-65.21608,-34.572155,35.628284,-83.24457,-60.0744,6.763053,-112.327705,-73.488914,4.5996466,-73.62334,-69.127686,2.3538496
6661,-9.893306,3.6229196,5.733972,-0.2851473,20.001686,-44.496822,140.40652,36.056892,1.9646345,-160.7087,17.803404,-39.676018,87.82052,78.711,8.825968,80.32683,81.12153,3.415448,-65.172295,-34.584843,35.616287,-83.2537,-60.072536,6.7684174,-112.317955,-73.4894,4.6008005,-73.571396,-69.12615,2.351007
6683,-9.961783,3.5905316,5.7209754,-1.5406743,19.337181,-45.364758,140.37492,36.051655,1.9850545,-161.00032,17.79773,-40.554836,87.80797,78.71139,8.827006,80.26211,81.11732,3.4141827,-65.10114,-34.587616,35.61051,-83.272316,-60.071236,6.7701287,-112.317955,-73.4894,4.6008005,-73.519264,-69.1246,2.3481653
6709,-9.962205,3.598066,5.7273097,-3.0839686,18.539213,-46.365215,140.34808,36.05329,2.0055845,-161.43752,17.699139,-41.5251,87.81388,78.708755,8.834055,80.219376,81.110466,3.42381,-65.02135,-34.57279,35.613865,-83.28434,-60.060852,6.777571,-112.31579,-73.48996,4.6059914,-73.46694,-69.12306,2.3453262
6727,-9.961902,3.5916834,5.7348843,-4.9116163,17.550081,-47.46222,140.32289,36.059776,2.0109031,-161.97879,17.519588,-42.516994,87.81946,78.71054,8.836787,80.17435,81.102356,3.427771,-64.95326,-34.57688,35.61119,-83.306694,-60.052715,6.7872224,-112.307,-73.49467,4.6059303,-73.402016,-69.118095,2.340812
6747,-9.955587,3.6035438,5.7130313,-6.9271903,16.3911,-48.605606,140.34325,36.085632,2.0623531,-162.6057,17.234198,-43.579422,87.82496,78.71,8.83838,80.12829,81.09868,3.4322853,-64.90505,-34.580765,35.603752,-83.31578,-60.05084,6.792582,-112.314156,-73.4837,4.5947638,-73.353905,-69.11104,2.3486214
6771,-9.962447,3.6038728,5.712781,-9.059204,15.101578,-49.715252,140.332,36.157337,2.0955098,-163.29253,16.868727,-44.67613,87.81271,78.70596,8.843733,80.08287,81.09481,3.4375668,-64.85635,-34.57266,35.602516,-83.33812,-60.042686,6.8022313,-112.338326,-73.45405,4.6076727,-73.292274,-69.09623,2.3508632
6795,-9.962447,3.6038728,5.712781,-11.182571,13.781883,-50.77899,140.27585,36.2247,2.1027782,-163.98772,16.470388,-45.753513,87.81516,78.71244,8.841345,80.034485,81.09409,3.4377234,-64.802444,-34.5768,35.6026,-83.356895,-60.045807,6.807039,-112.3196,-73.473015,4.5959654,-73.239716,-69.099724,2.3502362
6813,-9.962447,3.6038728,5.712781,-13.215614,12.447518,-51.851326,140.27274,36.178272,2.1173034,-164.75963,15.993261,-46.90017,87.80247,78.71051,8.841247,79.98796,81.08598,3.4417179,-64.7485,-34.580948,35.60267,-83.375465,-60.044495,6.8087497,-112.31814,-73.4643,4.6055684,-73.18642,-69.09817,2.3474224
6841,-9.962808,3.610831,5.7121615,-15.105233,11.042051,-52.91477,140.26378,36.110508,2.113142,-165.53108,15.532064,-48.01222,87.80803,78.712296,8.843971,79.94139,81.08212,3.4470112,-64.67659,-34.571705,35.603104,-83.38432,-60.03819,6.811006,-112.3115,-73.468445,4.600317,-73.13518,-69.093864,2.3499396
6860,-9.955828,3.6093512,5.698503,-16.984575,9.483587,-53.888866,140.23674,36.121574,2.110103,-166.32428,15.07397,-49.115284,87.810486,78.718765,8.841579,79.89189,81.08142,3.447179,-64.62324,-34.571316,35.60172,-83.40684,-60.034443,6.823749,-112.32073,-73.46345,4.6075544,-73.08205,-69.09737,2.349307
6877,-9.956188,3.6163096,5.697883,-18.837187,7.940263,-54.76114,140.191,36.17818,2.1366413,-167.21695,14.56446,-50.231133,87.79811,78.71242,8.845798,79.842026,81.08071,3.447348,-64.57417,-34.579723,35.595745,-83.42537,-60.033134,6.825458,-112.30056,-73.47371,4.6054463,-73.02816,-69.095795,2.346498
6898,-9.956188,3.6163096,5.697883,-20.702745,6.547432,-55.496723,140.16042,36.192917,2.1462564,-168.26166,13.922713,-51.401436,87.80364,78.714195,8.848519,79.79431,81.07686,3.4526484,-64.516075,-34.575794,35.585728,-83.444725,-60.03348,6.833035,-112.31195,-73.46816,4.6074934,-72.97464,-69.09929,2.3458605
6972,-10.022199,3.5737858,5.650432,-29.52323,1.2572212,-56.506447,139.4865,36.367195,3.2816725,169.29886,-1.8988247,-68.13567,87.23865,79.15052,8.233392,78.64841,79.9155,4.6587734,-64.271194,-34.59669,35.559147,-84.43848,-59.587563,7.8185115,-112.40242,-73.26099,4.4372196,-71.41539,-68.94205,2.0270283
6992,-10.0283985,3.5607755,5.658385,-31.754143,0.093661316,-56.3143,139.51491,36.265526,3.3230898,168.69542,-2.2785628,-68.3964,87.282745,79.12942,8.265404,78.62658,79.918655,4.6576257,-64.19093,-34.599037,35.543133,-84.46884,-59.65636,7.8095374,-112.43406,-73.2982,4.3021827,-71.35844,-68.876656,2.072036
7013,-10.083298,3.5288393,5.659862,-33.862823,-1.0250589,-56.08569,139.40111,36.36891,3.3696518,168.18114,-2.6207511,-68.70437,87.47228,79.1494,8.307349,78.61778,79.98703,4.5941954,-64.10136,-34.61685,35.52674,-84.50418,-59.672813,7.8366413,-112.57592,-73.229256,4.3145714,-71.26192,-68.82618,2.0095708
7053,-11.028607,3.5454555,5.2322206,-72.81025,-17.707556,-49.26195,139.24596,36.23326,3.5418644,167.12732,-3.0502656,-68.988846,87.270294,79.16763,8.174084,78.77818,79.80561,4.8343616,-63.95053,-34.61275,35.502068,-84.54332,-59.557682,7.9013324,-112.93801,-72.99802,4.281919,-71.336395,-68.81019,1.9613072
7094,-11.143937,3.4962316,5.1706038,-78.346405,-18.178982,-48.05418,139.00925,36.333363,3.5956018,165.77219,-3.5732865,-68.999916,87.63882,79.396904,8.073857,79.090034,79.73419,5.0243483,-63.312916,-34.715855,35.263607,-84.5841,-59.593273,7.8704376,-113.05354,-73.114845,4.082693,-71.18532,-68.715385,1.8336699
7114,-11.232,3.543278,5.17799,-81.33776,-18.540588,-47.06881,138.9487,36.42367,3.624451,165.0113,-3.8593864,-68.925674,87.664276,79.46193,8.0083685,79.15249,79.70026,5.0808063,-63.101913,-34.63962,35.315163,-84.57253,-59.54825,7.857508,-113.25064,-72.92643,4.04185,-71.14374,-68.63608,1.7888829
7135,-11.278155,3.513571,5.137361,-84.55783,-18.862078,-45.83598,138.88248,36.47815,3.729265,164.2031,-4.1553626,-68.8344,87.35571,79.505486,7.8411193,79.27625,79.62359,5.192264,-62.967033,-34.54817,35.338943,-84.58205,-59.540806,7.839778,-113.33548,-72.830055,3.946565,-71.169136,-68.61422,1.8022904
7157,-11.315911,3.549375,5.1259756,-87.86386,-18.878977,-44.603905,138.82788,36.439884,3.790961,163.30367,-4.5638967,-68.70261,87.53935,79.565125,7.842891,79.306335,79.59936,5.2147293,-63.03309,-34.59359,35.294704,-84.588295,-59.573853,7.804863,-113.39265,-72.89401,3.8834307,-71.07217,-68.54369,1.7719973
7178,-11.3777485,3.5632353,5.094549,-90.91658,-18.824713,-43.441433,138.73964,36.417583,3.7348814,162.41164,-4.961459,-68.56634,87.954735,79.6839,7.882598,79.340546,79.62779,5.206238,-63.073353,-34.653343,35.276585,-84.586914,-59.582893,7.7887797,-113.46848,-72.890434,3.8830683,-70.96156,-68.49532,1.7080141
7201,-11.424641,3.502935,5.099463,-93.23423,-19.050953,-42.502945,138.65434,36.418545,3.7450497,161.57608,-5.2375746,-68.41846,87.7474,79.62124,7.849086,79.33196,79.63423,5.1831765,-62.93763,-34.62334,35.32651,-84.56358,-59.609604,7.7409706,-113.50634,-72.81234,3.8777318,-70.97029,-68.517334,1.6660533
7223,-11.453216,3.3862007,5.110286,-94.86083,-19.680288,-41.410892,138.59808,36.422108,3.7353451,160.70105,-5.5261774,-68.22824,87.492096,79.656456,7.720619,79.26768,79.61287,5.1611495,-62.79308,-34.599743,35.37314,-84.5805,-59.601368,7.7199445,-113.507904,-72.86523,3.8326893,-71.003975,-68.598465,1.6500977
7246,-11.478952,3.3555155,5.0704875,-96.2374,-20.369207,-40.38482,138.55672,36.428246,3.7362187,159.87894,-5.7700825,-68.0307,87.762405,79.75308,7.7317977,79.330025,79.59941,5.226782,-62.750317,-34.641685,35.367577,-84.61095,-59.58629,7.7316284,-113.53079,-72.91064,3.8021111,-70.88906,-68.54904,1.6194317
7267,-11.471977,3.3525345,5.042928,-97.83024,-20.552217,-39.50252,138.47964,36.457706,3.7505302,158.86958,-6.2897506,-67.75022,87.95733,79.77471,7.7757335,79.34608,79.57462,5.2694645,-62.711426,-34.634975,35.347443,-84.609314,-59.59104,7.7124314,-113.579796,-72.91199,3.7990594,-70.82254,-68.51318,1.6122398
7288,-11.485372,3.3475041,5.057065,-99.64029,-20.142895,-38.775257,138.40869,36.524208,3.766327,157.89401,-6.8970194,-67.43339,87.82938,79.77435,7.724375,79.336205,79.55405,5.2923098,-62.65614,-34.59358,35.331276,-84.60819,-59.57721,7.689274,-113.54175,-72.94776,3.7970607,-70.85359,-68.59155,1.5886898
7311,-11.485164,3.3425744,5.07862,-101.310616,-19.548342,-38.130257,138.37866,36.420452,3.778008,157.0232,-7.3965015,-67.09,87.49873,79.60162,7.728891,79.03944,79.43769,5.25723,-62.61653,-34.61028,35.31316,-84.59904,-59.607536,7.6578865,-113.51282,-72.978874,3.7949872,-70.87018,-68.67725,1.5676494
7332,-11.492586,3.356092,5.070016,-102.418495,-19.146143,-37.665783,138.38405,36.297367,3.782173,156.22441,-7.725987,-66.73599,87.33355,79.51033,7.7235126,78.61321,79.24557,5.2254534,-62.546604,-34.637703,35.312504,-84.627426,-59.594803,7.680882,-113.476654,-73.0021,3.7722921,-70.89037,-68.74014,1.5861657
7356,-11.492625,3.3567665,5.076964,-102.89915,-19.068804,-37.372017,138.33072,36.34165,3.7865236,155.48169,-7.866576,-66.427414,87.335205,79.55264,7.679116,78.46226,79.125404,5.2769403,-62.42717,-34.61632,35.328236,-84.63227,-59.55488,7.683925,-113.45415,-73.00543,3.7590756,-70.844315,-68.737526,1.5796614
7375,-11.485769,3.355804,5.070251,-103.08485,-19.098866,-37.28863,138.25398,36.487343,3.8129478,154.80261,-7.8193574,-66.12177,87.27243,79.52725,7.6731377,78.41797,79.08417,5.312439,-62.37322,-34.59923,35.331795,-84.63989,-59.55838,7.6837506,-113.42762,-73.00261,3.739769,-70.81402,-68.73796,1.5748749
7451,-11.522709,3.3734107,5.088781,-102.89115,-18.683292,-38.244785,136.80597,36.912697,4.25545,125.631454,-10.581639,-57.935535,86.90865,79.35394,7.481052,76.31006,77.80752,5.903474,-62.211533,-34.651176,35.321518,-85.0366,-59.32938,7.7324877,-113.75433,-73.00226,3.764071,-69.927086,-69.0541,1.6070086
7468,-11.542509,3.3603752,5.0894976,-103.020454,-18.2266,-38.56243,136.74568,36.988552,4.278387,123.96885,-10.277537,-57.632988,86.719536,79.293564,7.4517064,76.19878,77.78147,5.8952413,-62.017868,-34.67802,35.34751,-85.06254,-59.344177,7.743454,-113.75195,-73.00299,3.7693388,-69.91385,-69.099396,1.6043159
7528,-12.319723,3.5051837,4.9139314,-131.3598,-9.17101,-32.52596,136.64339,37.008392,4.2933526,117.99803,-9.281516,-56.434853,86.766914,79.2432,7.5074973,75.89733,77.68807,5.9197965,-61.80885,-34.641018,35.309948,-85.110085,-59.36376,7.7449045,-113.72981,-72.985016,3.7595174,-69.719604,-69.03493,1.5898459
7568,-12.320038,3.5121307,4.9131703,-131.84508,-7.9405427,-31.329462,136.55635,37.069454,4.25488,114.22429,-9.35735,-55.410072,86.59179,79.192665,7.4830823,75.69932,77.68469,5.8641434,-60.58245,-34.346996,35.66396,-85.10062,-59.36516,7.725818,-113.69948,-73.00004,3.7504957,-69.64658,-69.06088,1.5948536
7590,-12.326554,3.5061843,4.9206285,-132.30455,-7.2424197,-30.543678,136.53098,37.055252,4.2506447,112.55009,-9.466702,-54.883305,86.64858,79.19768,7.502502,75.62141,77.687996,5.861994,-60.484985,-34.338142,35.639713,-85.097565,-59.358032,7.7170105,-113.70884,-72.995224,3.757685,-69.57452,-69.04323,1.6031824
7612,-12.326554,3.5061843,4.9206285,-132.8396,-6.598344,-29.704212,136.51497,37.026466,4.244696,110.958855,-9.54463,-54.356487,86.67101,79.20452,7.5085826,75.56572,77.69124,5.8654265,-60.43489,-34.347576,35.651257,-85.09495,-59.34806,7.7108774,-113.69859,-72.9957,3.7589345,-69.516594,-69.03962,1.6170244
7632,-12.326554,3.5061843,4.9206285,-133.45242,-6.135364,-28.810781,136.48802,37.01828,4.2524376,109.418465,-9.594366,-53.829918,86.61348,79.18222,7.509986,75.48904,77.6872,5.866452,-60.436268,-34.340137,35.69823,-85.11613,-59.34225,7.7176433,-113.70009,-72.990616,3.7621057,-69.48032,-69.04728,1.6247629
7657,-12.3333845,3.5071862,4.9273257,-134.20467,-5.75369,-27.8392,136.44951,37.052967,4.2478113,107.86021,-9.641518,-53.305424,86.606094,79.1711,7.519278,75.41183,77.68317,5.8674827,-60.458885,-34.347656,35.747528,-85.131165,-59.35354,7.7204866,-113.69771,-72.99136,3.7673714,-69.433395,-69.049644,1.6346855
7674,-12.3333845,3.5071862,4.9273257,-135.06749,-5.164651,-26.929567,136.41534,37.07054,4.2486925,106.299675,-9.75442,-52.749725,86.62901,79.17375,7.5296135,75.35839,77.67982,5.8804474,-60.504627,-34.372826,35.79005,-85.149254,-59.35627,7.725295,-113.699196,-72.98628,3.7705438,-69.37143,-69.04258,1.6428552
7696,-12.340214,3.5081885,4.9340234,-135.97307,-4.4231515,-26.150429,136.39716,37.050293,4.2400055,104.725494,-9.98188,-52.18804,86.61825,79.16434,7.5324817,75.28015,77.6758,5.881484,-60.507774,-34.382282,35.81738,-85.16091,-59.367535,7.7198305,-113.68896,-72.986755,3.7717943,-69.32405,-69.04496,1.6527756
7717,-12.340214,3.5081885,4.9340234,-136.84457,-3.9302077,-25.434086,136.38495,37.030735,4.219295,103.1463,-10.186647,-51.619293,86.593506,79.152756,7.5344524,75.199,77.6791,5.8793206,-60.445217,-34.382366,35.823452,-85.18596,-59.376625,7.7218037,-113.69932,-72.98611,3.7778227,-69.27379,-69.0491,1.6590083
7740,-12.347004,3.5084655,4.9337773,-137.67761,-3.814794,-24.785019,136.36342,37.02988,4.2060156,101.6092,-10.29116,-51.080654,86.58293,79.14889,7.5399804,75.140045,77.67821,5.881685,-60.336323,-34.377327,35.80494,-85.190605,-59.38155,7.7191854,-113.689095,-72.98659,3.779071,-69.212135,-69.042694,1.6654663
7762,-12.349248,3.5087104,4.9340534,-138.47073,-3.75029,-24.252663,136.34026,37.030937,4.198965,100.02874,-10.44979,-50.531727,86.59228,79.14241,7.5523443,75.06061,77.67835,5.8837767,-60.208,-34.362267,35.77095,-85.20851,-59.380005,7.720819,-113.68672,-72.98733,3.7843363,-69.160736,-69.0416,1.669722
7784,-12.3557625,3.5027666,4.9415126,-139.20934,-3.4093332,-23.846022,136.32254,37.019608,4.18223,98.46956,-10.670496,-49.97497,86.58155,79.13577,7.5565467,75.0007,77.67747,5.886138,-60.075104,-34.338318,35.741737,-85.20954,-59.362923,7.7224813,-113.677505,-72.991974,3.7844226,-69.109795,-69.04577,1.6759464
7805,-12.3557625,3.5027666,4.9415126,-139.85112,-2.8854446,-23.476933,136.30704,37.003853,4.173991,96.99161,-10.913014,-49.41662,86.57353,79.128845,7.561591,74.91733,77.68078,5.883963,-59.96828,-34.326134,35.71652,-85.22032,-59.350765,7.7237587,-113.678986,-72.98689,3.7875972,-69.04811,-69.04463,1.684381
7827,-12.3557625,3.5027666,4.9415126,-140.42804,-2.5375023,-23.163805,136.29317,36.98616,4.159529,95.615105,-11.162517,-48.870625,86.562775,79.1222,7.565796,74.857124,77.67649,5.891611,-59.902683,-34.32009,35.718307,-85.217674,-59.340805,7.7176046,-113.67662,-72.98763,3.792862,-68.9976,-69.0412,1.6940541
7900,-12.369419,3.504776,4.954907,-142.42589,-1.1632621,-22.28683,135.96227,36.283737,3.4718518,55.69596,-14.144924,-25.394997,86.59905,78.89634,7.8678207,72.4691,77.717125,5.9469905,-59.898937,-34.313923,35.87341,-85.67692,-59.39768,7.7552004,-113.634476,-73.077,3.9635305,-67.38783,-69.15659,2.0494766
7922,-12.37593,3.4988353,4.9623675,-142.84927,-0.69984984,-21.8678,135.97466,36.215786,3.4263306,55.003796,-13.995491,-24.664576,86.634254,78.930176,7.861501,72.44768,77.73975,5.97103,-59.902344,-34.31884,35.899345,-85.7126,-59.429337,7.7556486,-113.64377,-73.06037,3.9625192,-67.289375,-69.12529,2.0676885
7943,-12.382755,3.4998422,4.9690647,-143.32707,-0.4837276,-21.230476,136.00212,36.11683,3.342725,54.379753,-13.91476,-23.964903,86.69236,79.00618,7.8300614,72.47537,77.7715,6.0149627,-59.851307,-34.298653,35.904854,-85.7415,-59.443302,7.7551355,-113.638954,-73.04999,3.9648337,-67.21922,-69.11406,2.1013687
7985,-12.459454,3.4507878,5.1342745,-155.91443,12.676992,0.9621401,135.98874,35.875114,3.2012336,53.14539,-13.872107,-22.619036,86.8862,79.0642,7.863078,72.51154,77.836555,6.0772543,-59.61434,-34.188404,35.96211,-85.774124,-59.460827,7.746185,-113.61626,-73.09568,4.007355,-67.062065,-69.116066,2.1265864
8021,-12.459454,3.4507878,5.1342745,-156.15007,14.306797,1.598653,135.96436,35.85054,3.122016,51.64648,-13.533985,-21.096624,86.76876,79.0332,7.8542666,72.35846,77.891624,6.056563,-58.026127,-33.71631,36.230442,-85.80992,-59.49613,7.7299285,-113.603134,-73.094376,4.0013084,-66.98093,-69.161125,2.1551201
8043,-12.466292,3.4525428,5.147913,-156.24266,15.112413,2.0359519,135.94395,35.831787,3.119927,50.74911,-13.207703,-20.248238,86.85385,79.06655,7.861985,72.31943,77.91385,6.065444,-57.934414,-33.67676,36.2374,-85.83116,-59.48739,7.739338,-113.60602,-73.08443,4.000381,-66.86327,-69.11813,2.1630692
8063,-12.475044,3.4468632,5.1556697,-156.47694,15.650992,2.4442616,135.93175,35.809357,3.114236,50.000523,-12.666128,-19.197735,86.90819,79.07948,7.8718047,72.25932,77.91801,6.081014,-57.86227,-33.617477,36.25393,-85.8492,-59.48717,7.746867,-113.593185,-73.10634,4.0179996,-66.80596,-69.136696,2.1465392
8085,-12.46632,3.453275,5.1548533,-156.64761,16.284023,2.7544978,135.9016,35.820457,3.1176379,49.377964,-12.143691,-18.305006,86.865456,79.06648,7.8721213,72.15177,77.910866,6.087212,-57.79012,-33.54755,36.2944,-85.87042,-59.478416,7.7562747,-113.58166,-73.11167,4.023318,-66.7576,-69.15245,2.150166
8106,-12.273983,3.4927993,5.219036,-156.64638,17.210283,2.939453,135.87932,35.83845,3.1140482,48.89728,-11.604314,-17.622972,86.84013,79.048294,7.8771706,72.06658,77.90689,6.094591,-57.701096,-33.484604,36.33896,-85.895226,-59.484566,7.761028,-113.59235,-73.10193,4.0264173,-66.69557,-69.14946,2.1598165
8127,-12.015471,3.5177426,5.24408,-156.47198,17.996225,2.972239,135.86214,35.826874,3.0765316,48.526604,-11.033131,-17.102589,86.848976,79.048515,7.886477,71.95338,77.90294,6.096479,-57.581333,-33.419926,36.375168,-85.90255,-59.503056,7.7479367,-113.587074,-73.10083,4.0243964,-66.62155,-69.143486,2.1663568
8148,-11.952348,3.5203724,5.231385,-156.46498,18.169025,2.9760597,135.87547,35.75654,3.0248275,48.256298,-10.395265,-16.651737,86.874565,79.05739,7.8944883,71.90619,77.920815,6.105353,-57.473137,-33.36536,36.365524,-85.93424,-59.546085,7.743986,-113.591225,-73.07431,4.0111856,-66.536514,-69.11189,2.195418
8172,-11.931823,3.516728,5.274532,-156.62352,18.086527,3.1234214,135.72375,35.8578,2.9166176,48.02542,-9.7088585,-16.227392,86.86835,79.09974,7.863239,71.88219,77.94684,6.1223035,-57.35304,-33.326523,36.355194,-85.97584,-59.586956,7.7391653,-113.57367,-73.08586,4.031103,-66.46919,-69.12069,2.2066264
8191,-11.871033,3.5230713,5.296861,-156.70624,18.48352,3.4625552,135.53476,36.04711,2.8772123,47.68685,-9.059444,-15.743097,86.872696,79.07737,7.8899565,71.826195,77.97525,6.1232305,-57.18201,-33.26735,36.35066,-85.99754,-59.620846,7.732367,-113.46895,-73.199234,4.095769,-66.43219,-69.20329,2.1403046
8216,-11.8709955,3.522376,5.2899156,-156.7095,19.512447,3.890071,135.62952,35.76286,2.8684542,47.122868,-8.501164,-15.13931,86.803566,79.059746,7.8780284,71.55727,77.96751,6.0760813,-57.00597,-33.202587,36.334793,-86.06638,-59.688988,7.7424397,-113.43147,-73.2483,4.1289997,-66.36999,-69.2728,2.1742325
8235,-11.877873,3.5240667,5.3035574,-156.81468,20.759617,4.247584,135.70819,35.54079,2.7490323,46.501358,-7.9803843,-14.505602,86.69987,78.999855,7.8811455,71.17321,77.92169,6.074966,-56.866295,-33.207195,36.302166,-86.14285,-59.73973,7.7707467,-113.42705,-73.2493,4.1467233,-66.34454,-69.32642,2.2536733
8257,-11.88441,3.5188098,5.317934,-156.80304,21.996758,4.6626453,135.64331,35.549812,2.6511555,46.016624,-7.4412365,-13.974551,86.69611,78.99937,7.8848705,71.00382,77.91943,6.1101656,-56.763138,-33.205677,36.278217,-86.2222,-59.804005,7.788612,-113.41005,-73.228485,4.1472487,-66.29952,-69.3338,2.2916508
8278,-11.884712,3.525063,5.310254,-156.82188,23.089643,5.14523,135.62521,35.620018,2.6938627,45.652344,-6.8502984,-13.464534,86.73813,79.02664,7.8898354,70.98312,77.960045,6.127159,-56.695324,-33.17169,36.28487,-86.26041,-59.850426,7.7847924,-113.40929,-73.22403,4.155651,-66.20016,-69.31742,2.3002324
8300,-11.891517,3.5253637,5.310005,-156.74641,24.23939,5.6593714,135.64525,35.658302,2.705301,45.416718,-6.132897,-12.834147,86.78868,78.975555,7.957982,70.73993,77.94988,6.0951676,-56.70155,-33.18122,36.304714,-86.308876,-59.876724,7.795692,-113.404045,-73.23457,4.161813,-66.06419,-69.29208,2.2969453
8375,-11.747883,3.5478814,5.39608,-154.30145,29.276014,6.8916802,134.13676,35.409924,0.71753645,86.10077,36.03095,-12.776248,88.459854,77.56765,10.631222,65.00565,81.57218,2.75829,-56.99198,-32.73938,36.78944,-84.96143,-60.05979,6.635877,-109.82887,-75.454865,5.0691752,-64.61427,-70.72925,3.0180202
8397,-11.474532,3.5508273,5.4239945,-153.09883,29.94723,6.9786124,134.00826,35.582012,0.6977555,88.005455,36.932667,-12.5030575,87.77326,77.41846,10.616569,64.85421,81.58761,2.8091533,-56.91543,-32.65609,36.909443,-85.19618,-60.258965,6.73445,-109.74547,-75.58509,5.058574,-64.71967,-70.880035,2.9468055
8418,-11.347517,3.5427835,5.407021,64.2682,15.942086,-1.9429939,133.96149,35.681362,0.72509855,90.08892,37.62308,-12.1645565,87.44679,77.37469,10.580398,64.514244,81.52544,2.8619657,-56.59247,-32.61667,36.930473,-85.36505,-60.402157,6.798794,-109.39742,-75.88882,4.8961263,-64.709465,-70.95834,2.9105208
8457,-12.153938,4.3972554,5.964533,-93.0351,52.789936,-10.669472,133.91861,35.673306,0.7286522,94.39006,38.655037,-11.232642,87.787506,77.42082,10.6237755,64.03143,81.48577,2.8708487,-56.13818,-32.924984,36.71627,-85.27645,-60.24693,6.79964,-109.68822,-75.6389,5.0506296,-64.612526,-70.99093,2.919916
8497,-12.160293,4.389946,5.9580436,-89.52414,53.987164,-8.982785,133.8987,35.564632,0.7340461,98.2172,39.984566,-10.300112,87.93387,77.48039,10.612753,63.8506,81.52328,2.861669,-54.16982,-34.47971,35.990932,-85.04655,-59.990173,6.7331166,-109.71517,-75.58447,5.053286,-64.26975,-70.8617,2.9159548
8518,-12.159852,4.3823013,5.9518614,-88.48267,54.353035,-8.819911,133.84698,35.639053,0.73759246,99.96174,40.64319,-9.838966,87.78811,77.47153,10.590228,63.699844,81.52765,2.858148,-54.15751,-34.40821,35.89253,-85.10527,-60.060795,6.724,-109.64991,-75.63932,5.022449,-64.22851,-70.89645,2.9080763
8539,-12.159471,4.3753567,5.9526167,-88.037415,55.554592,-9.005596,133.7967,35.71122,0.73486435,101.68225,41.156605,-9.428149,87.64199,77.46028,10.566885,63.472633,81.52135,2.848146,-54.14016,-34.31274,35.821613,-85.23323,-60.215145,6.740682,-109.66377,-75.61961,5.0369477,-64.15815,-70.91161,2.8986795
8560,-12.165942,4.369448,5.960007,-87.90743,57.81428,-9.275692,133.77798,35.683437,0.7360276,103.45405,41.37474,-9.025808,87.664925,77.469795,10.566572,63.28457,81.51689,2.8433928,-54.187225,-34.252914,35.817772,-85.33923,-60.338593,6.7475257,-109.68147,-75.59949,5.0412974,-64.057846,-70.89531,2.902891
8581,-12.166325,4.376392,5.95925,-87.88068,59.911697,-9.71202,133.77423,35.626316,0.7409424,105.423676,41.4597,-8.512995,87.77095,77.49865,10.57164,63.170654,81.527885,2.8456354,-54.274055,-34.27021,35.861927,-85.356476,-60.356396,6.739607,-109.676674,-75.59466,5.0401897,-63.936436,-70.8741,2.895084
8604,-12.160233,4.3892455,5.9511056,-87.25837,60.88529,-9.951081,133.74454,35.625904,0.74625546,107.72075,41.613266,-7.729885,87.79357,77.512634,10.566935,63.013504,81.537,2.842633,-54.306576,-34.306587,35.962395,-85.29466,-60.30409,6.7105217,-109.67627,-75.58456,5.0370374,-63.851803,-70.8689,2.8964922
8623,-12.160934,4.402434,5.942654,-85.74397,60.884224,-9.921415,133.70012,35.68352,0.7488081,110.37006,41.96164,-6.6923637,87.70877,77.51356,10.544892,62.85884,81.5436,2.8338418,-54.245655,-34.33413,36.04917,-85.212906,-60.216793,6.68275,-109.67678,-75.579735,5.045147,-63.796505,-70.89073,2.8952277
8644,-12.16747,4.3972254,5.9569807,-83.31969,60.475002,-9.56123,133.66216,35.711105,0.7530716,113.063286,42.372093,-5.510167,87.62679,77.50922,10.534078,62.696793,81.54317,2.8297744,-54.090366,-34.29372,36.113045,-85.192406,-60.18038,6.678083,-109.658714,-75.58976,5.037634,-63.70785,-70.89696,2.8831465
8665,-12.167851,4.4041696,5.9562235,-80.01602,59.897995,-8.840253,133.65727,35.675484,0.7523795,115.7059,42.781094,-4.3384237,87.66879,77.52666,10.531005,62.50409,81.53906,2.8353415,-53.88483,-34.23447,36.149918,-85.24428,-60.214928,6.697786,-109.670364,-75.584274,5.0397277,-63.601273,-70.884605,2.8780391
8688,-12.168234,4.4111137,5.9554677,-75.92373,59.000874,-7.866631,133.64908,35.640095,0.7586427,118.27832,42.999077,-3.4179904,87.753685,77.550285,10.532761,62.348118,81.54125,2.836334,-53.730732,-34.22609,36.128094,-85.33449,-60.266796,6.7395434,-109.68896,-75.56943,5.0553517,-63.490093,-70.87619,2.863556
8709,-12.16779,4.403469,5.949285,-71.426895,57.837288,-6.758199,133.61647,35.65916,0.7589899,120.820724,42.91446,-2.7263942,87.75247,77.56596,10.520463,62.174538,81.530304,2.8452241,-53.632057,-34.231434,36.081917,-85.399185,-60.33679,6.761358,-109.67088,-75.57945,5.047837,-63.420303,-70.88208,2.862086
8731,-12.174646,4.4045043,5.955917,-67.19926,57.035378,-5.5214853,133.57268,35.70131,0.75787246,123.19824,42.635136,-2.149143,87.605446,77.554726,10.497193,61.990883,81.52333,2.8340309,-53.565662,-34.221375,36.018463,-85.429695,-60.36391,6.7646074,-109.65037,-75.59453,5.03729,-63.359165,-70.90782,2.8513374
8758,-12.18106,4.397895,5.956368,-63.711666,57.15339,-4.14991,133.55507,35.69104,0.76198864,125.45469,42.15698,-1.6029882,87.49873,77.55432,10.473615,61.800236,81.51409,2.828107,-53.528316,-34.232933,35.941532,-85.42337,-60.350407,6.7668314,-109.64204,-75.5993,5.036944,-63.28515,-70.920715,2.8473501
8850,-12.188236,4.405174,5.955303,-52.022854,58.256527,1.2289189,132.83385,35.817905,0.9212307,164.523,33.9288,6.588131,86.90249,77.69775,10.270559,55.393486,81.38209,2.749545,-53.093094,-34.26372,35.806583,-86.15751,-60.822094,6.919746,-109.51947,-75.60897,5.005924,-60.596153,-70.94851,2.6712484
8873,-12.197252,4.405813,5.955328,-50.946182,58.632076,1.771555,132.81517,35.842983,0.93790084,165.35352,33.166412,6.6041336,86.90355,77.701996,10.266953,55.129944,81.37035,2.7492807,-52.98281,-34.247654,35.85567,-86.19133,-60.84607,6.934311,-109.51863,-75.604645,5.007217,-60.50949,-70.95587,2.6657007
