millis,A0,A1,A2,B0,B1,B2,C0,C1,C2,D0,D1,D2,E0,E1,E2,F0,F1,F2,G0,G1,G2,H0,H1,H2,I0,I1,I2,J0,J1,J2,K0,K1,K2,L0,L1,L2
3179,-4.342424,3.7550244,-72.81871,-14.105213,6.1482034,-79.488754,7.531229,13.945289,-52.149826,31.770996,33.383633,-56.513012,-8.81813,26.56534,-31.323818,0.95411825,18.796665,-62.27249,-169.78549,26.799267,-23.543907,-8.790872,21.509645,-46.2953,71.202576,29.112719,14.488399,-174.41504,17.432734,-63.065197,76.262375,51.429962,-16.523827,-86.54253,-61.901283,2.908174
3201,-4.246484,3.7759964,-72.904205,-14.634281,6.1653814,-79.332825,7.4730196,13.833795,-52.21188,31.62194,33.27407,-56.61796,-8.986384,26.388721,-31.326805,0.91863894,18.744713,-62.26657,-170.31848,25.791489,-23.483397,-8.819944,21.412502,-46.304802,71.04786,28.968845,14.546018,-174.38031,17.5386,-63.0739,76.18338,51.393703,-16.581978,-86.65579,-61.839855,3.023906
3213,-4.2028546,3.7855606,-72.93913,-14.8454275,6.166357,-79.28433,7.439692,13.780148,-52.22659,31.558569,33.212894,-56.678703,-9.0637665,26.303804,-31.328365,0.88881296,18.730354,-62.251156,-170.32071,25.767645,-23.448042,-8.810265,21.37643,-46.308598,70.97341,28.882309,14.560933,-174.40874,17.553673,-63.07587,76.15707,51.382095,-16.587194,-86.70727,-61.811905,3.0656266
3234,-4.1758657,3.7814891,-72.97418,-15.023145,6.1585016,-79.260086,7.414284,13.730277,-52.242588,31.499329,33.155964,-56.73546,-9.108687,26.220158,-31.344324,0.8375752,18.704594,-62.231907,-170.31592,25.746836,-23.412134,-8.793422,21.336987,-46.29797,70.913284,28.787693,14.576481,-174.44864,17.558807,-63.069,76.13213,51.381454,-16.583076,-86.749954,-61.790443,3.091468
3256,-4.147708,3.7672148,-73.02414,-15.168143,6.144059,-79.255615,7.403063,13.692416,-52.251354,31.44424,33.10329,-56.788223,-9.135975,26.14744,-31.356886,0.8085601,18.69859,-62.21367,-170.31488,25.74741,-23.381538,-8.791415,21.321817,-46.276436,70.864975,28.689339,14.60979,-174.52943,17.540668,-63.04822,76.117714,51.384697,-16.584455,-86.79703,-61.773476,3.1293843
3278,-4.1431217,3.744668,-73.06371,-15.219161,6.1252823,-79.27609,7.39166,13.646213,-52.25499,31.404383,33.060345,-56.831203,-9.142681,26.083717,-31.372595,0.7957034,18.690447,-62.203396,-170.31097,25.749966,-23.366577,-8.827872,21.306799,-46.246838,70.83146,28.597643,14.644332,-174.64229,17.50187,-63.02944,76.09619,51.384262,-16.584553,-86.85303,-61.76154,3.166972
3300,-4.1500974,3.7131069,-73.11371,-15.182577,6.1084476,-79.33054,7.388019,13.619324,-52.239902,31.365328,33.018322,-56.874153,-9.143318,26.023287,-31.378172,0.81359655,18.69596,-62.20444,-170.29427,25.759743,-23.362114,-8.860482,21.289415,-46.21869,70.80871,28.516191,14.677925,-174.77481,17.441772,-63.014233,76.07492,51.395203,-16.578217,-86.90494,-61.758003,3.2034986
3319,-4.168609,3.6725087,-73.174095,-15.137488,6.0801244,-79.41,7.3605695,13.586605,-52.21471,31.351679,32.992966,-56.901306,-9.149193,25.973923,-31.372667,0.8332456,18.709114,-62.198536,-170.29008,25.774494,-23.361534,-8.859848,21.282587,-46.198242,70.80107,28.43477,14.700308,-174.89345,17.37036,-63.01246,76.054085,51.400246,-16.573658,-86.943054,-61.754463,3.226528
3341,-4.2069073,3.6394863,-73.18874,-15.080745,6.0626793,-79.483475,7.3315463,13.54829,-52.193573,31.350735,32.964912,-56.932865,-9.153756,25.923553,-31.365194,0.8355468,18.733192,-62.17854,-170.30807,25.797781,-23.343504,-8.85907,21.282331,-46.195457,70.808586,28.353374,14.71144,-175.01358,17.291489,-63.02078,76.05339,51.41392,-16.550102,-86.99144,-61.761402,3.2475622
3363,-4.2283597,3.602862,-73.19847,-15.000091,6.052516,-79.54768,7.307268,13.531514,-52.16009,31.32846,32.922874,-56.977642,-9.149828,25.88273,-31.35803,0.81973606,18.759813,-62.147236,-170.34956,25.816856,-23.324247,-8.837051,21.292082,-46.198452,70.82903,28.285769,14.725897,-175.1381,17.20666,-63.036545,76.04725,51.428524,-16.550613,-87.02937,-61.76478,3.271582
3412,-4.247527,3.5737767,-73.19856,-14.877413,6.0586057,-79.61135,7.2942824,13.523209,-52.138866,31.339136,32.905083,-56.99864,-9.127436,25.844675,-31.3541,0.78662795,18.789333,-62.112137,-170.39563,25.848135,-23.2984,-8.818843,21.312298,-46.18877,70.86159,28.21846,14.752137,-175.2541,17.124477,-63.048977,76.04681,51.434418,-16.548845,-87.06176,-61.778145,3.297228
3429,-4.275612,3.5424414,-73.20356,-14.711954,6.0565042,-79.68462,7.289297,13.517943,-52.125065,31.346693,32.892105,-57.01389,-9.097693,25.808886,-31.338123,0.78528756,18.831755,-62.08417,-170.43082,25.892178,-23.29837,-8.8441305,21.335567,-46.170357,70.90256,28.159071,14.782195,-175.3712,17.043015,-63.051678,76.04751,51.43991,-16.544191,-87.08935,-61.793503,3.3325746
3440,-4.3224263,3.5160656,-73.20774,-14.535159,6.0562377,-79.762314,7.2875433,13.5279255,-52.10913,31.354101,32.893024,-57.014202,-9.088813,25.794785,-31.309786,0.82488304,18.874195,-62.07738,-170.42386,25.937906,-23.325714,-8.901411,21.370579,-46.138725,70.93269,28.094788,14.81642,-175.47054,16.974928,-63.047752,76.04227,51.44272,-16.548233,-87.10728,-61.800488,3.355472
3455,-4.3931303,3.4907298,-73.20247,-14.356055,6.0579343,-79.834694,7.2762327,13.538377,-52.088943,31.37841,32.909103,-56.99917,-9.091333,25.773006,-31.274616,0.89600986,18.91305,-62.090607,-170.41348,25.982592,-23.366226,-8.950312,21.408518,-46.10281,70.962006,28.055162,14.838536,-175.57013,16.897512,-63.0562,76.054665,51.45167,-16.546192,-87.11647,-61.81419,3.3625312
3471,-4.4610844,3.471454,-73.19594,-14.185498,6.059752,-79.897156,7.2663097,13.564981,-52.051613,31.411043,32.92521,-56.984978,-9.102854,25.749851,-31.243025,0.9687425,18.967588,-62.08648,-170.42024,26.030745,-23.38844,-8.977227,21.45488,-46.09202,71.00616,28.016846,14.858489,-175.65135,16.824013,-63.074123,76.066154,51.471,-16.527739,-87.112274,-61.81836,3.357798
3491,-4.5132904,3.4782557,-73.1311,-13.991297,6.0667353,-79.954575,7.2486057,13.5911875,-52.025066,31.448748,32.94468,-56.967308,-9.116041,25.74304,-31.213064,1.0055019,19.020533,-62.063652,-170.44156,26.072214,-23.39361,-8.948363,21.497358,-46.113945,71.059975,27.976479,14.895062,-175.70982,16.760918,-63.087757,76.10373,51.482456,-16.509777,-87.09828,-61.832443,3.3462644
3532,-4.520796,3.5060234,-73.016426,-13.909137,5.952328,-80.11019,7.2867427,13.697086,-52.007732,31.545904,33.010635,-56.90424,-9.104217,25.742392,-31.201344,1.0149564,19.089872,-62.02715,-170.50668,26.129602,-23.401255,-8.86375,21.590725,-46.137196,71.09797,27.943851,14.964471,-175.8225,16.647205,-63.08268,76.169,51.497307,-16.505459,-87.03575,-61.86926,3.3239188
3553,-4.532474,3.5254247,-72.96107,-13.951816,5.969744,-80.09007,7.344317,13.758376,-52.027554,31.588394,33.066025,-56.84717,-9.102206,25.748625,-31.201344,1.0239129,19.109211,-62.025677,-170.51917,26.138018,-23.42586,-8.894513,21.63934,-46.124924,71.12096,27.926762,15.002413,-175.87682,16.59886,-63.078396,76.21591,51.511593,-16.482986,-87.000946,-61.891872,3.3265824
3576,-4.553491,3.5434053,-72.90647,-13.971858,5.9858694,-80.079796,7.3907557,13.819576,-52.04019,31.63081,33.12834,-56.782677,-9.132438,25.76893,-31.182112,1.0445842,19.12126,-62.033504,-170.52435,26.148003,-23.448664,-8.923882,21.679598,-46.11157,71.116264,27.932829,15.018649,-175.90782,16.567465,-63.06861,76.248604,51.51993,-16.470825,-86.95713,-61.912544,3.3060353
3597,-4.57236,3.5592835,-72.86165,-13.961624,5.9921684,-80.074745,7.414685,13.872246,-52.033474,31.683754,33.193417,-56.715927,-9.177121,25.798948,-31.159643,1.0388613,19.115433,-62.04552,-170.53499,26.150917,-23.457962,-8.939715,21.696024,-46.11468,71.117096,27.946333,15.010217,-175.93576,16.534475,-63.061466,76.30099,51.53316,-16.42433,-86.906456,-61.91731,3.2641075
3618,-4.580786,3.5750132,-72.836296,-13.972683,5.9837894,-80.084854,7.4323072,13.9217005,-52.028282,31.739666,33.25369,-56.654827,-9.240313,25.826225,-31.133942,1.0274291,19.11465,-62.046474,-170.54347,26.157005,-23.445705,-8.932531,21.70589,-46.13358,71.11788,27.954502,14.998499,-175.9526,16.510845,-63.05049,76.34989,51.554214,-16.37433,-86.84691,-61.9243,3.2026656
3640,-4.592319,3.5847337,-72.8062,-14.009016,5.970462,-80.100266,7.4467587,13.965001,-52.024315,31.776056,33.29305,-56.61494,-9.281608,25.877003,-31.130095,0.9986291,19.115732,-62.03205,-170.56268,26.162573,-23.42209,-8.939794,21.709202,-46.14802,71.10589,27.964922,14.993239,-175.96103,16.507448,-63.020386,76.40108,51.57584,-16.331415,-86.78241,-61.928905,3.1472428
3663,-4.589956,3.6099925,-72.786964,-14.051987,5.952057,-80.10623,7.453428,13.989681,-52.032997,31.806185,33.320034,-56.588142,-9.268397,25.921707,-31.157171,0.9422514,19.109142,-62.009277,-170.59778,26.162497,-23.393034,-8.936241,21.706821,-46.154247,71.07471,27.984201,15.000483,-175.98215,16.505365,-62.98201,76.45914,51.58976,-16.296196,-86.73001,-61.930622,3.1042762
3683,-4.5854,3.6331143,-72.77749,-14.060179,5.9428134,-80.1069,7.469819,14.013122,-52.051907,31.823872,33.349632,-56.557114,-9.242761,25.965878,-31.197561,0.8983166,19.103632,-61.99301,-170.60243,26.171244,-23.365807,-8.953463,21.702396,-46.140785,71.0408,28.00778,15.024962,-176.00229,16.502653,-62.953094,76.50409,51.59729,-16.268417,-86.67822,-61.94264,3.0750227
3704,-4.5662622,3.6535835,-72.772156,-14.058813,5.91825,-80.11707,7.465455,14.018035,-52.067524,31.833431,33.372246,-56.532673,-9.24316,26.012032,-31.213219,0.89747524,19.104736,-61.979103,-170.57332,26.177582,-23.358587,-8.982825,21.713446,-46.109768,70.99084,28.05071,15.045338,-176.00386,16.512684,-62.927658,76.533714,51.59937,-16.253841,-86.63058,-61.950493,3.0505023
3726,-4.5642376,3.6601398,-72.78737,-14.074695,5.895319,-80.12797,7.4514036,14.0052805,-52.080826,31.82478,33.37607,-56.5272,-9.2647,26.064474,-31.210695,0.931088,19.10915,-61.974064,-170.53012,26.179934,-23.355234,-9.03906,21.71738,-46.07717,70.92182,28.101799,15.026466,-176.00372,16.511967,-62.914257,76.5675,51.599033,-16.238108,-86.61102,-61.956093,3.0348792
3747,-4.5904512,3.6530647,-72.79175,-14.073837,5.8615656,-80.14883,7.4243813,13.992622,-52.078163,31.819357,33.36971,-56.533424,-9.297396,26.109339,-31.211779,0.96005774,19.108429,-61.97044,-170.48866,26.182802,-23.345295,-9.064464,21.71793,-46.058807,70.89368,28.148365,14.983421,-175.98647,16.516512,-62.91479,76.58917,51.601124,-16.218008,-86.58252,-61.945236,3.0149899
3769,-4.604274,3.646204,-72.79229,-14.061457,5.8317566,-80.16921,7.3858156,13.972327,-52.05725,31.807447,33.356377,-56.546734,-9.3240795,26.134954,-31.215784,0.983283,19.11274,-61.955753,-170.4467,26.192814,-23.327875,-9.023981,21.717228,-46.061172,70.86753,28.193113,14.941402,-175.97446,16.525776,-62.914326,76.59554,51.5978,-16.211105,-86.57718,-61.941284,3.0146365
3791,-4.6087265,3.640765,-72.792046,-14.040587,5.8040967,-80.19469,7.360017,13.957705,-52.039246,31.806858,33.33984,-56.565136,-9.336999,26.15903,-31.231165,0.99105334,19.117088,-61.935383,-170.41745,26.194138,-23.298765,-8.962165,21.71187,-46.06276,70.8257,28.23375,14.916468,-175.9648,16.554249,-62.898193,76.60625,51.611526,-16.197277,-86.57301,-61.9454,3.0098977
3812,-4.6238146,3.6081045,-72.80134,-14.023084,5.7817416,-80.22,7.372603,13.955049,-52.037056,31.80463,33.323303,-56.58305,-9.345865,26.157654,-31.249449,0.98381853,19.114786,-61.913204,-170.40225,26.199423,-23.265787,-8.928845,21.715921,-46.052673,70.77908,28.2805,14.907649,-175.9669,16.583948,-62.87711,76.62226,51.632057,-16.192915,-86.57299,-61.956738,3.014504
3833,-4.6479993,3.573262,-72.81553,-13.975232,5.7717814,-80.24504,7.402383,13.962207,-52.021255,31.798601,33.31245,-56.59475,-9.359754,26.152006,-31.261215,0.96325785,19.102684,-61.905323,-170.3975,26.182224,-23.250479,-8.906044,21.718903,-46.035137,70.73362,28.311989,14.9083185,-175.96968,16.622597,-62.846233,76.62297,51.647182,-16.201744,-86.58533,-61.962723,3.0342708
3855,-4.6711063,3.5288699,-72.84029,-13.92238,5.756816,-80.27876,7.4337826,13.969921,-52.00832,31.809738,33.31976,-56.588314,-9.381332,26.15118,-31.251509,0.9428,19.081148,-61.91411,-170.40366,26.16948,-23.245687,-8.889128,21.718216,-46.008812,70.69047,28.335066,14.897639,-175.95326,16.664547,-62.8348,76.62621,51.664696,-16.197678,-86.59467,-61.98089,3.0449042
3876,-4.6925874,3.4831493,-72.86464,-13.887796,5.745833,-80.30863,7.4554873,13.974035,-51.98516,31.83033,33.329227,-56.580475,-9.426147,26.15048,-31.223625,0.9139022,19.057724,-61.922928,-170.42053,26.146044,-23.23457,-8.884971,21.70908,-45.994602,70.66426,28.352283,14.882654,24.849876,56.39758,-9.64637,76.62778,51.67735,-16.168396,-86.60534,-61.98879,3.0456147
3917,-4.7155037,3.419278,-72.933716,-13.821547,5.758502,-80.32238,7.4620104,13.962466,-51.920784,31.866022,33.321285,-56.593998,-9.499207,26.145662,-31.17104,0.82006353,19.023039,-61.921646,-170.49805,26.125343,-23.209711,-8.923087,21.670498,-45.997555,70.62458,28.346323,14.866942,-175.90746,16.84009,-62.754665,76.6278,51.69639,-16.140194,-86.63589,-61.995724,3.044817
3940,-4.720643,3.3861883,-72.982864,-13.813878,5.7721877,-80.31215,7.439232,13.936521,-51.89732,31.870085,33.30501,-56.61294,-9.468739,26.147846,-31.162472,0.7874807,19.017956,-61.922424,-170.53397,26.124632,-23.211231,-8.939427,21.64977,-45.996967,70.62383,28.343555,14.881936,-175.89223,16.846184,-62.775284,76.61502,51.693386,-16.14051,-86.6464,-61.99928,3.041871
3960,-4.7085495,3.375673,-73.02306,-13.819571,5.7913895,-80.29206,7.4104023,13.905881,-51.887516,31.872316,33.287224,-56.632812,-9.416713,26.15084,-31.163628,0.77580696,19.015835,-61.929752,-170.55582,26.119915,-23.216629,-8.984135,21.638466,-45.98465,70.61981,28.3304,14.913487,-175.85622,16.86406,-62.79248,76.60933,51.70218,-16.142754,-86.66552,-62.003284,3.0557323
3982,-4.7112527,3.3677864,-73.05311,-13.808095,5.808408,-80.26225,7.3770113,13.871865,-51.888157,31.847837,33.25605,-56.66484,-9.361951,26.151909,-31.156605,0.78415555,19.018784,-61.9414,-170.56105,26.129965,-23.239439,-9.045858,21.629225,-45.976524,70.60332,28.323574,14.945572,-175.8139,16.87657,-62.820038,76.602974,51.705498,-16.14966,-86.68449,-62.014263,3.0705364
4004,-4.6985226,3.3751843,-73.06315,-13.800735,5.842232,-80.216934,7.326096,13.834586,-51.883232,31.81918,33.22064,-56.70088,-9.318967,26.160707,-31.138216,0.81516856,19.032345,-61.952633,-170.55853,26.14873,-23.252972,-9.082722,21.627596,-45.980343,70.603004,28.330204,14.957938,-175.76193,16.890965,-62.854095,76.58768,51.70009,-16.162859,-86.69311,-62.0147,3.0873387
4025,-4.680309,3.3875117,-73.063034,-13.800209,5.8644238,-80.1768,7.2831254,13.810182,-51.878666,31.799677,33.192844,-56.729435,-9.287429,26.161858,-31.113028,0.85654587,19.056837,-61.950413,-170.5343,26.177204,-23.282991,-9.096755,21.62757,-45.98876,70.63893,28.33844,14.96241,-175.71902,16.894562,-62.891327,76.5717,51.68921,-16.180717,-86.7154,-62.010815,3.113977
4046,-4.6614423,3.408748,-73.053734,-13.801728,5.8868604,-80.13716,7.25784,13.797395,-51.8848,31.77465,33.16565,-56.756798,-9.273453,26.152079,-31.091154,0.93129134,19.085373,-61.961227,-170.49617,26.203188,-23.318083,-9.081108,21.640379,-46.003384,70.66735,28.357538,14.9577875,-175.6782,16.898985,-62.915802,76.56466,51.68706,-16.192286,-86.72389,-62.006897,3.1271155
4068,-4.6553125,3.4225829,-73.03442,-13.790877,5.915271,-80.09201,7.246957,13.799916,-51.895905,31.763672,33.159912,-56.761837,-9.281134,26.134342,-31.082697,1.013608,19.117926,-61.969643,-170.44662,26.235357,-23.355804,-9.062067,21.658985,-46.013016,70.69327,28.374365,14.957987,-175.64603,16.90025,-62.929794,76.55576,51.687965,-16.212078,-86.7273,-62.007706,3.1472168
4089,-4.6294894,3.439519,-73.00495,-13.732116,5.9358015,-80.0668,7.259957,13.817988,-51.91013,31.761564,33.16385,-56.756775,-9.287826,26.108452,-31.080746,1.0867237,19.140224,-61.980824,-170.39812,26.24977,-23.387798,-9.016444,21.684662,-46.029015,70.718796,28.38713,14.96406,-175.6261,16.893967,-62.945454,76.562164,51.69429,-16.218668,-86.730446,-62.01117,3.1645975
4111,-4.6138396,3.455823,-72.96015,-13.695991,5.9511166,-80.04638,7.295252,13.851056,-51.924572,31.767769,33.18317,-56.736313,-9.320804,26.077463,-31.077217,1.1560032,19.1553,-61.995605,-170.35133,26.264727,-23.413197,-8.944365,21.709587,-46.055775,70.743965,28.401167,14.979259,-175.61627,16.877024,-62.961098,76.560974,51.702805,-16.22222,-86.73344,-62.01029,3.1783197
4132,-4.5959697,3.4699545,-72.92512,-13.626323,5.9691243,-80.035324,7.3368735,13.887326,-51.937428,31.782825,33.212154,-56.705738,-9.362508,26.052294,-31.068811,1.2035856,19.159037,-62.00672,-170.30324,26.267052,-23.430765,-8.872251,21.734528,-46.08249,70.75412,28.408587,14.99329,-175.62059,16.852783,-62.971855,76.560295,51.697346,-16.226883,-86.71889,-62.003902,3.1755817
4156,-4.584696,3.4807322,-72.880035,-13.5605,5.9833164,-80.03482,7.3928895,13.929823,-51.956055,31.804384,33.248108,-56.668087,-9.420059,26.037827,-31.059126,1.2482967,19.1653,-62.012287,-170.2622,26.266287,-23.44892,-8.802486,21.753466,-46.106594,70.75367,28.399183,14.995913,-175.62947,16.82313,-62.984245,76.568954,51.685055,-16.213554,-86.70002,-61.997314,3.1644447
4175,-4.5552487,3.4948256,-72.85579,-13.474581,5.9861465,-80.0434,7.4505486,13.968072,-51.97748,31.826143,33.28555,-56.629044,-9.459868,26.034288,-31.06084,1.283587,19.159916,-62.02715,-170.22032,26.255909,-23.461727,-8.7417965,21.763002,-46.12214,70.74271,28.383633,14.993615,-175.64587,16.789618,-62.995605,76.58654,51.681496,-16.193922,-86.68625,-61.985966,3.1463518
4197,-4.5255356,3.508139,-72.8357,-13.347079,5.9932365,-80.05741,7.512825,14.004721,-51.99531,31.854393,33.329967,-56.582924,-9.482532,26.034496,-31.067728,1.3048661,19.137754,-62.05278,-170.18553,26.242441,-23.47513,-8.684287,21.766794,-46.13789,70.73089,28.354616,14.999814,-175.6719,16.754715,-62.99425,76.608406,51.685318,-16.153868,-86.66817,-61.97439,3.119856
4219,-4.495555,3.5214186,-72.82154,-13.187359,6.008137,-80.07989,7.567082,14.028531,-52.012722,31.860321,33.35979,-56.550938,-9.483057,26.042727,-31.086319,1.3091054,19.109358,-62.07338,-170.15446,26.22136,-23.481653,-8.63772,21.761667,-46.155437,70.704185,28.335007,15.014605,-175.69485,16.717712,-63.00168,76.63894,51.686466,-16.113966,-86.637436,-61.970818,3.0754712
4240,-4.460352,3.538635,-72.82188,-13.048733,6.014875,-80.102806,7.6150007,14.049156,-52.031654,31.870539,33.38002,-56.529766,-9.462657,26.067078,-31.099705,1.3032322,19.071413,-62.101055,-170.12814,26.188543,-23.491251,-8.597485,21.745033,-46.173462,70.6754,28.317202,15.028349,-175.7198,16.682129,-63.0097,76.66208,51.70116,-16.064583,-86.61619,-61.967033,3.0361786
4261,-4.438648,3.5482473,-72.82687,-12.8750515,6.02756,-80.115456,7.654763,14.05768,-52.04417,31.880718,33.40026,-56.50859,-9.42783,26.09712,-31.126408,1.2849686,19.032358,-62.122215,-170.11336,26.164797,-23.49484,-8.556238,21.720016,-46.19519,70.63698,28.306717,15.028692,-175.74678,16.648472,-63.012173,76.69938,51.721672,-16.004866,-86.59091,-61.960342,2.9911945
4283,-4.4022613,3.555233,-72.841995,-12.680739,6.0390954,-80.13771,7.678608,14.054397,-52.055046,31.868382,33.40442,-56.502922,-9.374409,26.129908,-31.156296,1.271291,18.998442,-62.14191,-170.09749,26.129896,-23.491886,-8.518558,21.697367,-46.2107,70.609825,28.305162,15.018954,-175.7668,16.627563,-63.005882,76.730286,51.745506,-15.952056,-86.58849,-61.951828,2.9584098
4304,-4.351024,3.5596182,-72.87316,-12.5199175,6.041504,-80.16532,7.68986,14.034886,-52.0761,31.855036,33.401043,-56.50553,-9.314181,26.150682,-31.191,1.2557954,18.956884,-62.16857,-170.08495,26.099524,-23.496416,-8.505517,21.65894,-46.220837,70.59608,28.316072,15.00343,-175.79329,16.602669,-63.001793,76.752235,51.760597,-15.905536,-86.590515,-61.94792,2.937692
4326,-4.2999744,3.5720496,-72.9079,-12.335829,6.0395145,-80.19786,7.6899457,14.005452,-52.09715,31.82282,33.37951,-56.525757,-9.243123,26.171883,-31.230518,1.2421147,18.922962,-62.188244,-170.08136,26.068064,-23.496176,-8.494649,21.62913,-46.23483,70.58278,28.336376,14.985275,-175.80711,16.576437,-63.00589,76.755844,51.764187,-15.869812,-86.59266,-61.937035,2.9160109
4347,-4.2524,3.5792067,-72.933716,-12.166063,6.043969,-80.2297,7.686741,13.970619,-52.113422,31.788239,33.355247,-56.54906,-9.172967,26.185898,-31.253391,1.2256804,18.89153,-62.20238,-170.07198,26.037186,-23.486328,-8.486953,21.593557,-46.249058,70.583244,28.367867,14.952214,-175.79564,16.549221,-63.02749,76.751785,51.760242,-15.850297,-86.603584,-61.919662,2.910176
4369,-4.1750755,3.5894082,-72.96872,-12.040996,6.046742,-80.25214,7.6772246,13.932579,-52.13126,31.741867,33.319176,-56.58425,-9.122085,26.189934,-31.271126,1.1989759,18.858564,-62.213264,-170.06337,26.000673,-23.485218,-8.4824295,21.552217,-46.263535,70.59861,28.395285,14.913821,-175.77173,16.538404,-63.040985,76.75075,51.76244,-15.83319,-86.63248,-61.898277,2.9225562
4390,-4.103493,3.5948663,-73.0139,-11.932689,6.0657196,-80.2405,7.6614017,13.89133,-52.15067,31.691263,33.27887,-56.623417,-9.064182,26.189121,-31.285248,1.1853095,18.824635,-62.232903,-170.03766,25.986135,-23.49394,-8.477552,21.518723,-46.268757,70.61639,28.424969,14.8706255,-175.75908,16.537567,-63.04306,76.733765,51.753853,-15.833932,-86.65689,-61.88363,2.927477
4413,-4.0438776,3.5914707,-73.063515,-11.834192,6.080449,-80.229004,7.6487675,13.846428,-52.175816,31.649101,33.240097,-56.662067,-9.0194235,26.17453,-31.303009,1.219459,18.802906,-62.260998,-169.98312,25.983006,-23.517319,-8.481411,21.490435,-46.27185,70.64608,28.438938,14.829541,-175.75148,16.540697,-63.030785,76.715065,51.75004,-15.822946,-86.68577,-61.86223,2.9398282
4433,-3.976955,3.5916998,-73.11437,-11.766789,6.08897,-80.22725,7.6360316,13.812053,-52.187885,31.602577,33.20404,-56.697224,-8.983234,26.15038,-31.320513,1.2617545,18.801607,-62.2737,-169.93677,25.984413,-23.527172,-8.490869,21.450329,-46.27263,70.68757,28.45452,14.809425,-175.7182,16.549992,-63.028416,76.69307,51.755737,-15.821302,-86.71906,-61.8454,2.9642587
4455,-3.918216,3.5979059,-73.15912,-11.702196,6.092703,-80.22685,7.626403,13.774745,-52.19964,31.558424,33.163776,-56.736748,-8.944322,26.12429,-31.329882,1.2785687,18.798782,-62.27746,-169.92621,25.98144,-23.517923,-8.461245,21.424515,-46.289764,70.71769,28.450483,14.792893,-175.67807,16.572788,-63.030632,76.6763,51.758564,-15.815603,-86.75302,-61.834904,2.9779162
4476,-3.875825,3.5999634,-73.18459,-11.666401,6.091023,-80.2216,7.6152124,13.73615,-52.21459,31.525608,33.134087,-56.766575,-8.923804,26.08006,-31.340666,1.2842691,18.804531,-62.26548,-169.90388,25.9933,-23.505003,-8.388334,21.418526,-46.31549,70.75028,28.454067,14.77481,-175.64906,16.586914,-63.049995,76.64842,51.761677,-15.82267,-86.79535,-61.816128,3.001019
4497,-3.8253427,3.604943,-73.189064,-11.654331,6.086671,-80.217255,7.6119475,13.711133,-52.223824,31.488577,33.100163,-56.80038,-8.904261,26.043964,-31.344936,1.3133509,18.812206,-62.259113,-169.85721,26.003323,-23.508566,-8.326261,21.419563,-46.32729,70.79244,28.445017,14.766861,-175.62852,16.598251,-63.05271,76.61988,51.759327,-15.834381,-86.837776,-61.801662,3.0277994
4518,-3.7828329,3.5976794,-73.213455,-11.629844,6.0789495,-80.217705,7.6325192,13.701045,-52.242126,31.459076,33.073833,-56.82626,-8.881791,26.005947,-31.355719,1.3526162,18.821419,-62.255978,-169.81758,26.010265,-23.512701,-8.324464,21.419025,-46.316982,70.823654,28.420406,14.756589,-175.61443,16.60489,-63.04433,76.587585,51.745377,-15.848303,-86.87572,-61.79394,3.0471447
4540,-3.764899,3.5832973,-73.2337,-11.586815,6.0908833,-80.201775,7.6593595,13.694182,-52.25889,31.429453,33.05598,-56.843235,-8.87131,25.96849,-31.363605,1.4011279,18.83292,-62.260204,-169.791,26.015072,-23.52825,-8.317029,21.430305,-46.308964,70.85653,28.38995,14.753221,-175.61592,16.614862,-63.018963,76.55706,51.736397,-15.854711,-86.91312,-61.7728,3.0762506
4562,-3.7442951,3.5756743,-73.24848,-11.565945,6.0927873,-80.1922,7.6686654,13.685387,-52.258015,31.422146,33.059647,-56.83864,-8.862557,25.931944,-31.363035,1.4337962,18.8465,-62.256508,-169.75833,26.029053,-23.527887,-8.266419,21.438616,-46.3096,70.88697,28.35722,14.75463,-175.62596,16.6223,-62.996437,76.53912,51.739708,-15.851876,-86.94183,-61.762577,3.0931995
4583,-3.7213414,3.575495,-73.25362,-11.532204,6.094379,-80.19155,7.676353,13.685802,-52.24724,31.427696,33.060562,-56.83851,-8.84606,25.897745,-31.360823,1.4512976,18.860071,-62.247124,-169.74825,26.044367,-23.517624,-8.199906,21.437065,-46.320087,70.917404,28.32449,14.756016,-175.62447,16.63023,-62.97987,76.5243,51.758926,-15.832269,-86.97199,-61.758205,3.0876331
4604,-3.7181237,3.5642,-73.25368,-11.552071,6.0881352,-80.1874,7.7108946,13.69893,-52.239178,31.438726,33.05935,-56.841038,-8.829582,25.863535,-31.35861,1.4382561,18.869019,-62.228085,-169.75603,26.057478,-23.497814,-8.162267,21.445093,-46.32633,70.947395,28.282352,14.759963,-175.62254,16.646952,-62.956783,76.527985,51.77229,-15.810081,-86.97407,-61.7518,3.0695107
4625,-3.704067,3.5531268,-73.25856,-11.573397,6.08521,-80.18783,7.7534213,13.715138,-52.238464,31.45058,33.0742,-56.826344,-8.806464,25.832731,-31.371365,1.4270068,18.876242,-62.218727,-169.76717,26.075161,-23.485464,-8.140549,21.46299,-46.32271,70.966995,28.244741,14.765506,-175.60765,16.689322,-62.912876,76.533424,51.780846,-15.79961,-86.988594,-61.751217,3.0712545
4647,-3.6840324,3.5461943,-73.26327,-11.656056,6.060823,-80.19537,7.7928905,13.733585,-52.244076,31.462433,33.08905,-56.811646,-8.751435,25.818624,-31.39414,1.4064465,18.881182,-62.202,-169.77725,26.081652,-23.466599,-8.125386,21.477436,-46.313114,70.99462,28.205652,14.777482,-175.5868,16.728104,-62.88044,76.52186,51.78883,-15.7906275,-86.99892,-61.75479,3.0682797
4669,-3.6659338,3.5412674,-73.2641,-11.77096,6.034595,-80.20299,7.826064,13.748828,-52.251225,31.470987,33.107265,-56.79256,-8.696129,25.811665,-31.408432,1.4027292,18.901773,-62.173668,-169.78111,26.100918,-23.45244,-8.142937,21.489079,-46.286743,71.024376,28.175444,14.797048,-175.55424,16.765676,-62.852886,76.521355,51.796562,-15.768871,-87.01009,-61.762135,3.0572503
4691,-3.6547346,3.532149,-73.27379,-11.94396,6.012256,-80.19183,7.8401084,13.7615185,-52.237896,31.493639,33.124832,-56.775707,-8.673731,25.811487,-31.401579,1.3913122,18.926376,-62.137352,-169.78784,26.128258,-23.41761,-8.166844,21.503883,-46.27197,71.03953,28.137323,14.806287,-175.5518,16.773027,-62.845737,76.520836,51.804302,-15.747117,-87.01606,-61.765537,3.04586
4712,-3.6531675,3.5308325,-73.2735,-12.11041,6.0036173,-80.16993,7.836921,13.765853,-52.22608,31.50205,33.133278,-56.767773,-8.65544,25.8142,-31.390163,1.3985294,18.964918,-62.099117,-169.78836,26.16837,-23.38749,-8.176444,21.510597,-46.250523,71.05828,28.124397,14.799687,-175.64124,16.716415,-62.870358,76.51377,51.80397,-15.738689,-87.022,-61.768936,3.0344708
4733,-3.6679459,3.5245032,-73.27863,-12.230764,5.9921875,-80.16642,7.819497,13.7631855,-52.214535,31.521461,33.13747,-56.765163,-8.599917,25.829727,-31.39134,1.399127,18.998693,-62.059036,-169.78076,26.203985,-23.370869,-8.177959,21.528309,-46.218273,71.1052,28.11338,14.769505,-175.94054,16.581812,-62.910297,76.51113,51.820694,-15.723464,-87.01852,-61.772545,3.0179985
4754,-3.7007642,3.5144253,-73.283615,-11.960191,5.9707446,-80.271645,7.8146877,13.766242,-52.2059,31.524704,33.132584,-56.77093,-8.544707,25.838135,-31.401001,1.4066882,19.012054,-62.04006,-169.76047,26.182257,-23.366144,-8.185224,21.56512,-46.177135,71.14703,28.099043,14.758081,-176.53973,16.444977,-62.813625,76.52386,51.841007,-15.715025,-87.01489,-61.78312,3.0025418
4775,-3.7524734,3.5019512,-73.27411,-10.936478,6.0387473,-80.56115,7.816113,13.773214,-52.18966,31.534399,33.13468,-56.769615,-8.497255,25.844202,-31.412298,1.320889,18.906097,-62.073277,-169.74454,25.989647,-23.372446,-8.205726,21.609776,-46.135143,71.15941,28.092724,14.757478,-177.71075,16.229315,-62.324333,76.532486,51.863678,-15.707799,-87.01041,-61.8012,2.999857
4797,-3.822834,3.4864316,-73.2543,-9.22668,6.242958,-80.94983,7.81751,13.790673,-52.160313,31.55909,33.14372,-56.762146,-8.45842,25.856045,-31.418684,0.9941228,18.597933,-62.16965,-169.88649,25.445404,-23.331007,-8.225723,21.638224,-46.106117,71.17466,28.108799,14.7560835,-179.48758,15.365127,-61.840122,76.54001,51.886852,-15.703427,-87.00616,-61.81665,2.9998622
4819,-3.8895297,3.4857666,-73.22386,-6.7139482,6.5960627,-81.35799,7.817254,13.817353,-52.121075,31.608248,33.168785,-56.73968,-8.449497,25.87275,-31.41044,0.27029705,18.016,-62.242496,-170.37878,24.474018,-23.072966,-8.286159,21.613844,-46.084232,71.21274,28.124685,14.759029,178.63673,13.750191,-61.773937,76.54376,51.898434,-15.701242,-87.00167,-61.83474,2.9971707
4841,-3.9253266,3.495018,-73.2441,-3.813156,7.065252,-81.69407,7.832726,13.856606,-52.07743,31.655056,33.191105,-56.720264,-8.471671,25.879951,-31.394175,-0.95313835,17.284897,-62.26358,-171.34581,23.303347,-22.65206,-8.51571,21.39691,-46.11649,71.23675,28.147419,14.7524,177.06508,11.30164,-62.66442,76.54517,51.90758,-15.711955,-87.006355,-61.855278,2.9968672
4862,-3.7748828,3.5660586,-73.44861,-0.008452381,7.74365,-81.67858,7.8610835,13.895172,-52.05579,31.706205,33.225906,-56.687164,-8.503638,25.893934,-31.374947,-2.4211507,16.227789,-62.542976,-172.14017,22.18904,-22.383474,-9.152462,20.82754,-46.150066,71.25218,28.156912,14.738578,175.73149,8.242565,-64.44766,76.54967,51.92285,-15.725099,-86.99666,-61.88071,2.998499
4883,-3.2916884,3.8281977,-74.0126,4.8146257,9.02492,-80.81721,7.8877845,13.860296,-52.08152,31.71384,33.219765,-56.694977,-8.513139,25.907833,-31.363506,-4.0311637,14.7591305,-63.26712,-172.46964,20.982052,-22.637701,-10.51216,19.878843,-46.054276,71.26534,28.169434,14.732861,174.44135,4.804205,-66.85478,76.570045,51.94896,-15.720393,-86.98236,-61.919918,2.993702
4904,-2.5714624,4.1912518,-74.881256,10.518983,11.110096,-78.88696,7.8987985,13.766669,-52.16506,31.57821,33.101833,-56.811565,-8.527308,25.924517,-31.337091,-4.8773074,12.889641,-64.86543,-172.13583,19.357224,-23.957447,-12.229617,18.863663,-45.782574,71.27555,28.176805,14.746954,172.97852,1.2135797,-69.26615,76.57378,51.96054,-15.718193,-86.96349,-61.9429,2.992908
4926,-1.5801241,4.632833,-75.99962,16.482576,13.915586,-76.029785,7.681529,13.664423,-52.300182,31.331625,32.882607,-57.02755,-8.549262,25.954212,-31.307701,-4.7301645,10.67945,-67.50598,-171.44518,17.302103,-26.327291,-13.656332,17.480467,-45.81114,71.26251,28.174944,14.759256,171.344,-2.26585,-71.28852,76.52344,51.922935,-15.723957,-87.016975,-61.928307,3.0620008
4948,-0.43484598,5.281669,-77.07785,22.032269,17.20474,-72.59558,7.1171885,13.446109,-52.522762,31.009058,32.513462,-57.39938,-8.565553,25.995394,-31.272053,-4.0528016,8.344608,-70.903175,-170.66994,14.977974,-29.481163,-14.530776,15.7929535,-46.507812,71.25796,28.180998,14.775459,169.70088,-5.4002104,-72.74887,76.31697,51.70751,-15.795789,-87.21063,-61.800423,3.271871
4969,1.1241635,6.2371416,-77.82142,27.001484,20.546408,-69.080536,6.1937904,12.880171,-53.247837,30.39545,31.88008,-58.029106,-8.5671015,26.034128,-31.245838,-3.295631,6.0923047,-74.625175,-170.05313,12.506701,-33.2389,-14.362223,13.660699,-48.37196,71.257385,28.183483,14.793747,168.26228,-7.997496,-73.74758,75.8254,51.176987,-16.06186,-87.59347,-61.481632,3.7602215
4991,3.57227,7.938739,-77.852135,30.979778,23.789484,-65.707375,4.968664,11.738935,-54.130558,29.15375,30.778934,-59.102398,-8.525993,26.05919,-31.229012,-2.7104168,4.0053835,-78.3838,-169.87053,10.058003,-37.28235,-13.240207,11.211537,-51.279156,71.25294,28.200193,14.816529,167.09355,-10.108623,-74.36543,74.909584,50.155945,-16.692192,-88.16097,-60.919537,4.5872383
5012,6.80011,10.445814,-76.71861,33.9523,26.779093,-62.670887,4.0002766,10.219569,-55.62159,27.274088,29.347315,-60.44412,-8.451739,25.969473,-31.203028,-2.3928616,2.0731862,-81.9968,-170.17857,7.793044,-41.40838,-11.81964,8.619351,-54.880367,71.24661,28.229345,14.844832,166.02481,-11.83523,-74.418396,73.80626,48.802345,-17.606394,-88.833015,-60.04294,5.68054
5033,10.648977,13.667526,-74.408356,35.757023,29.453878,-60.07194,3.4479642,8.432756,-58.10725,24.603088,27.68805,-61.84424,-8.422205,25.70856,-31.112549,-2.209965,0.35873717,-85.303246,-170.87366,5.7920713,-45.41991,-10.542188,6.12631,-58.811024,71.237045,28.27558,14.862594,164.4432,-13.659205,-73.575424,72.70191,47.214874,-18.613644,-89.60122,-58.86327,6.98072
5054,14.801683,17.281752,-71.362686,36.72219,31.75187,-57.91333,3.1418314,6.5848174,-61.369446,21.091135,26.053621,-62.80495,-8.605303,25.267803,-30.825872,-1.9259071,-0.9069343,-87.86198,-171.67804,4.2483335,-49.191505,-9.727956,3.8863096,-62.690395,71.2341,28.319294,14.868484,162.7918,-15.28622,-72.465065,71.465416,45.35158,-19.502485,-90.484665,-57.262543,8.287503
5076,18.809422,20.868752,-68.11396,38.69389,34.208008,-55.49314,2.906893,4.841983,-65.04273,16.87689,24.546404,-62.98591,-9.2601595,24.723883,-30.573431,-1.5196807,-1.7051595,-88.25684,-172.44507,2.859717,-51.851414,-9.298898,1.8669612,-66.37321,71.272705,28.306345,14.889375,161.56548,-16.91431,-71.711655,70.1766,43.346893,-19.913296,-91.55533,-55.231625,9.312536
5097,22.464779,24.197433,-64.94107,41.41281,36.791996,-52.878307,2.5739849,3.3417702,-68.838585,12.228033,23.223719,-62.28388,-10.04631,23.789278,-30.656107,-1.6269997,-2.7990837,-86.341515,-173.74062,1.1125323,-53.220104,-8.884168,0.23435122,-69.768585,71.35038,28.119385,14.992295,160.32896,-18.80493,-70.674774,68.81239,41.19968,-19.795078,-92.68676,-52.713238,9.885732
5118,25.499163,27.039022,-62.094345,43.74388,39.352356,-50.347248,2.1061106,2.0895987,-72.59658,7.4646564,22.028728,-60.917007,-10.584042,22.407791,-31.303223,-1.9405386,-3.9961882,-84.15501,-174.99109,-0.15838203,-53.609104,-8.33459,-0.9405586,-72.793846,71.36301,27.701622,15.328991,158.74365,-21.10015,-68.87734,67.4244,38.951797,-19.201872,-93.82789,-49.795357,10.015777
5141,27.93865,29.360052,-59.579712,46.496494,42.27725,-47.439465,1.5816423,1.148443,-76.059525,2.8647082,21.01014,-59.06082,-10.427182,20.465385,-32.840103,-1.5610482,-4.602298,-81.97253,-175.28398,-0.6393288,-55.256504,-8.3310795,-2.010049,-74.7145,71.081024,27.00814,16.028748,156.70372,-23.646416,-66.18193,66.028885,36.606026,-18.285025,-94.946526,-46.626953,9.809978
5161,30.132038,31.416733,-57.231922,49.712852,45.806328,-43.932247,1.1601993,0.57382834,-79.09306,-1.0114727,20.26552,-57.00325,-9.616047,18.020424,-35.2408,-1.057422,-5.273955,-79.02136,-175.71877,-1.316397,-57.857925,-9.233762,-3.518422,-75.531944,70.45414,26.07781,16.992723,154.41257,-26.136196,-63.039352,64.67889,34.288517,-17.35113,-95.97177,-43.476067,9.414453
5183,32.621872,33.729534,-54.748684,53.50117,49.775032,-39.960472,1.0007294,0.41149884,-81.55993,-4.2559204,19.792187,-54.88852,-8.503386,15.284551,-38.287407,-0.63141876,-6.040151,-75.29292,-176.39914,-2.2632535,-61.3167,-9.898988,-4.7143054,-76.176186,70.191925,25.004171,17.750479,152.11943,-28.305428,-59.96582,63.3167,31.928438,-16.452675,-96.90023,-40.4728,8.9228
5203,35.03058,36.047806,-52.27765,57.822353,54.097893,-35.600525,0.57227075,0.08088841,-83.796394,-6.674582,19.475353,-53.05287,-7.4615383,12.58834,-41.55053,-0.43543252,-6.8964496,-71.06422,-177.5963,-3.5566673,-65.00182,-9.689817,-5.5749836,-77.90953,70.480606,23.760962,17.706066,150.049,-30.028486,-57.329136,61.84941,29.405273,-15.675657,-97.6923,-37.590347,8.417721
5226,37.343395,38.36975,-49.67539,62.46678,58.363895,-31.224058,-0.11805998,-0.45521224,-86.11623,-8.991027,18.817768,-51.363712,-6.807782,10.045912,-44.82306,-0.65421844,-7.913393,-66.861336,-179.20491,-5.043885,-68.19476,-9.211024,-6.585912,-80.121735,71.2681,22.164747,16.390446,148.26376,-31.408329,-55.274643,60.223736,26.698023,-14.916205,-98.38002,-34.862362,7.7102027
5248,40.18317,41.16599,-46.642277,66.98125,62.177784,-27.195688,-0.318122,-0.43405566,-88.641335,-11.149078,18.142275,-49.5667,-6.4897404,7.722006,-48.095608,-1.1950934,-9.078002,-62.990143,178.88683,-6.681545,-70.30368,-8.559593,-7.5835867,-81.817635,72.31701,19.989576,13.90165,146.78192,-32.528812,-53.759182,58.571785,23.933865,-13.805107,-98.981094,-32.313328,6.89433
5268,43.73211,44.54342,-42.98068,71.10104,65.221565,-23.780518,-0.67205274,-0.51644593,-88.272606,-12.756521,17.865705,-47.55337,-6.4702625,5.6773157,-51.16355,-1.878926,-10.235127,-59.691124,176.96571,-8.407305,-71.01717,-8.333627,-8.719911,-81.17212,73.55612,17.479092,10.724484,145.62633,-33.48422,-52.75931,56.7803,20.932148,-12.809693,-99.6985,-29.477373,6.500575
5290,47.93983,48.50374,-38.79667,74.621864,67.54441,-20.960587,-1.2552494,-0.6567993,-84.71819,-15.166136,17.486975,-44.853775,-6.342519,4.180414,-53.88038,-2.6225173,-11.260131,-57.222805,175.36292,-10.048993,-70.473724,-8.476288,-9.80862,-78.82195,74.731514,14.855733,6.80581,144.87201,-34.21692,-52.200626,54.59227,17.480497,-12.204946,-100.51954,-26.271158,6.552151
5311,52.526913,52.79562,-34.293247,77.2734,69.303375,-18.743456,-2.1586177,-0.8419253,-80.63054,-18.527235,17.13629,-41.287495,-6.2294536,3.2080963,-56.00364,-3.5420816,-12.499458,-55.6128,173.98177,-11.445847,-69.714134,-9.017031,-10.9523535,-76.17135,75.62498,12.3134985,2.5252008,144.30515,-34.88576,-51.7972,52.2177,13.846653,-11.325932,-101.24629,-22.968348,6.1010246
5333,57.195145,57.222244,-29.811687,79.17012,70.52363,-17.143406,-3.44967,-1.1305335,-76.52352,-22.219221,16.596813,-37.32467,-6.6650643,1.8381788,-57.746315,-4.5835724,-13.978695,-54.493126,172.83464,-12.637473,-68.90537,-9.786459,-12.077618,-74.06578,76.064354,10.129079,-2.0783665,143.60764,-35.82025,-51.26863,50.08284,10.486755,-9.523208,-102.07758,-19.433764,4.914524
5354,61.623642,61.497437,-25.660048,80.4723,71.253456,-16.113487,-5.0502143,-1.5723163,-72.565285,-25.725676,15.857119,-33.317123,-7.127608,0.53305054,-59.536854,-5.5173388,-15.305521,-53.73935,172.20769,-13.389015,-68.03648,-10.620191,-13.092202,-72.72239,76.19441,8.568283,-6.5462894,142.6982,-37.132736,-50.708992,48.207985,7.6381736,-7.178272,-103.1703,-15.700036,3.1216564
5375,65.58261,65.43902,-21.993475,81.5909,71.432785,-15.477972,-6.821987,-2.1583533,-68.62361,-28.682608,14.864626,-29.571552,-7.0340714,-0.3446543,-61.975983,-6.0116696,-16.152906,-53.414204,171.48639,-14.251777,-67.03912,-11.497411,-14.116768,-71.63349,76.52566,7.333215,-10.691588,141.93477,-38.14607,-50.361183,46.62126,5.287112,-4.374459,-104.37844,-11.941257,0.9032563
5398,68.910515,68.76696,-18.905275,82.95788,70.874725,-15.11332,-8.555089,-3.0491188,-65.10847,-30.885063,13.837376,-26.159689,-7.0067787,-1.5993223,-65.059715,-6.4209175,-16.692953,-53.354546,170.83014,-15.225802,-65.56022,-12.253779,-14.943915,-70.982216,77.01333,5.8007565,-13.107855,141.3256,-38.857136,-50.06502,45.284943,3.3633752,-1.6513889,-105.593414,-8.343465,-1.274667
5419,71.47463,71.27472,-16.498991,84.38175,69.46338,-15.1840725,-10.032921,-4.043714,-62.32606,-32.259987,12.68689,-23.614746,-6.9918284,-3.0595124,-68.60326,-7.2096095,-17.558588,-53.35216,170.24376,-16.36905,-63.404358,-12.934475,-15.631824,-70.60697,77.049866,3.755195,-13.488828,140.67035,-39.564583,-49.611744,44.15706,1.7150179,0.70291173,-106.701485,-5.086932,-3.1186965
5439,73.27189,73.02876,-14.765182,85.326225,67.84866,-15.611509,-11.192454,-5.0209475,-60.203644,-33.12508,11.501237,-21.612026,-7.330163,-4.7238655,-72.11447,-7.975807,-18.469667,-53.51115,169.86024,-17.067114,-61.747425,-13.587557,-16.273201,-70.33083,76.72403,2.7419462,-12.988993,140.02353,-40.22985,-49.10563,43.22518,0.286856,2.5215373,-107.65752,-2.3612177,-4.472474
5461,74.392944,74.15559,-13.68224,85.894585,66.43892,-16.07526,-12.028961,-5.901099,-58.73959,-33.516785,10.312243,-20.213942,-8.063643,-6.4465566,-74.89006,-8.644813,-19.363436,-53.70515,169.38477,-17.646389,-60.607723,-14.663818,-17.202595,-69.95845,77.20984,2.3094058,-13.9369955,139.64468,-40.609253,-48.81696,42.439274,-0.9495675,3.8335776,-108.42807,-0.23080508,-5.274943
5483,75.040665,74.95276,-13.214122,86.29298,65.37682,-16.431595,-12.418296,-6.668369,-58.0964,-33.53532,9.311924,-19.398556,-9.233464,-8.239713,-76.50749,-9.531119,-20.335772,-53.761814,168.79895,-18.334236,-59.699562,-16.167616,-18.455381,-69.425255,77.87447,1.4887781,-16.387566,139.78069,-40.459,-49.063328,41.765656,-1.9609258,4.8214135,-109.000435,1.4500394,-5.8431683
5503,75.30161,75.485954,-13.288897,86.36296,64.6463,-16.806183,-12.800007,-7.6920657,-57.932297,-33.14522,8.39265,-19.291525,-10.5837,-9.942258,-76.88921,-10.407504,-21.196861,-53.725666,168.23549,-19.013454,-59.02073,-17.530884,-19.597013,-68.9095,78.98988,0.06196531,-19.834013,140.39102,-39.831593,-49.882713,41.248493,-2.7556126,5.5309596,-109.38041,2.793764,-6.2168665
5525,75.25816,75.665596,-13.793321,85.87434,63.84844,-17.594007,-13.520062,-9.144955,-58.02703,-32.68308,7.3426743,-19.602488,-11.826575,-11.365858,-76.4182,-11.120972,-21.855677,-53.71304,167.79933,-19.535393,-58.5934,-18.778303,-20.672283,-68.228264,80.28543,-1.7123,-23.458038,141.26677,-38.88221,-51.044765,40.80616,-3.432783,5.8773465,-109.582825,3.7838109,-6.2647467
5547,75.0471,75.41248,-14.430595,84.89979,62.545803,-19.052765,-14.249125,-10.5521,-58.34911,-32.25322,5.9915743,-20.433205,-12.941047,-12.56111,-75.65198,-11.655202,-22.24925,-54.100994,167.73335,-19.786217,-57.951866,-19.861855,-21.602985,-67.527626,81.81372,-3.4961247,-26.516169,142.31874,-37.641964,-52.354477,40.37313,-4.09864,5.88195,-109.61262,4.461651,-5.953992
5569,74.844345,75.00888,-14.971996,82.91235,60.85861,-21.287691,-14.877933,-11.758611,-58.865902,-31.625143,4.817536,-21.56034,-13.910417,-13.56989,-74.81676,-11.990251,-22.278847,-55.24659,168.11803,-19.832201,-56.480366,-20.751635,-22.380968,-66.896065,83.74149,-5.2245383,-28.599129,143.22609,-36.37475,-53.426785,39.86225,-4.792944,5.4525127,-109.59388,5.065797,-5.0635686
5590,74.77973,74.73256,-15.266452,80.94183,58.692802,-23.76986,-15.723544,-13.0321665,-59.213844,-31.061384,3.7577176,-22.726461,-14.587309,-14.243512,-74.12265,-12.427236,-22.177309,-57.13433,168.81128,-19.701582,-54.282402,-21.314905,-22.815943,-66.59003,85.88727,-6.6702285,-29.38544,144.2333,-34.79978,-54.47126,39.221535,-5.655079,4.0507655,-109.52727,5.756091,-3.3012676
5611,74.60142,74.40778,-15.575961,79.45675,56.387505,-26.070234,-16.661982,-14.262713,-59.360683,-30.826254,2.703578,-23.753199,-15.202694,-14.804196,-73.40973,-12.977341,-21.979378,-59.41303,169.67113,-19.283566,-51.78801,-21.560854,-22.788254,-66.82425,87.98613,-7.8838396,-29.121243,145.60898,-32.84598,-55.77339,38.637745,-6.550228,2.0989165,-109.31761,6.410938,-1.2868845
5633,73.97493,73.685074,-16.283813,78.08734,54.39556,-28.093878,-17.500713,-15.331988,-59.381237,-30.743238,1.7945012,-24.56479,-16.018408,-15.538124,-72.39563,-13.805905,-21.911825,-61.50634,170.41933,-18.870747,-48.902466,-21.813229,-22.470112,-67.423386,89.86204,-8.893085,-28.397717,147.06902,-30.882006,-57.115192,38.305008,-7.198925,0.5424189,-109.03092,6.859945,0.35140294
5655,72.69445,72.333626,-17.62574,76.36358,52.582397,-30.247095,-18.046412,-16.08193,-59.63786,-30.7251,1.1412797,-25.204247,-17.142656,-16.552952,-70.94454,-14.614128,-21.653929,-63.565292,171.3544,-18.066898,-45.9444,-22.353508,-22.106348,-67.87972,91.04008,-9.724298,-27.600113,148.44025,-29.113823,-58.362568,38.254726,-7.3929563,-0.8212092,-108.81747,7.062707,1.7225792
5676,70.402664,70.07843,-19.891039,74.62152,50.70339,-32.44689,-18.045536,-16.386446,-60.740013,-30.50327,0.8577272,-26.070524,-18.170135,-17.424795,-69.66067,-14.665647,-20.74804,-65.73198,172.53975,-16.563091,-43.89872,-23.109211,-21.71442,-67.89356,91.60995,-10.46196,-26.955114,149.5602,-27.75359,-59.403633,38.377888,-7.1348405,-2.0590782,-108.631386,6.917593,2.7816758
5697,68.0617,67.67193,-22.289808,72.80958,48.879944,-34.61412,-17.886684,-16.58995,-62.513046,-29.683456,1.0364118,-27.802853,-19.224478,-18.300573,-68.42406,-14.2737055,-19.538795,-67.8307,173.68053,-14.82315,-42.5986,-24.074482,-21.327309,-67.32041,91.85606,-11.325463,-26.20265,150.57635,-26.73968,-60.424316,38.62268,-6.47249,-3.1236556,-108.47906,6.3411074,3.5269945
5718,65.896454,65.35677,-24.57853,71.07196,47.38962,-36.464355,-17.592487,-16.68895,-64.770065,-28.540564,1.3368332,-30.25973,-20.277128,-19.24076,-67.227905,-13.690133,-18.268938,-69.69927,174.76291,-13.080745,-41.855537,-24.584743,-20.488262,-66.75327,91.95422,-12.921306,-24.453396,151.39392,-26.07784,-61.30221,38.8722,-5.5616875,-4.3244777,-108.37951,5.315237,4.259127
5741,63.829525,63.189777,-26.72892,69.38246,46.511116,-37.83336,-17.473423,-16.938425,-66.82883,-27.149862,1.6626474,-33.187355,-21.16405,-20.073818,-66.18144,-13.030279,-17.11752,-71.203384,175.71463,-11.584787,-41.666077,-24.40217,-19.11759,-66.62023,91.54865,-14.688533,-22.11064,151.83908,-25.816267,-61.806908,39.074818,-4.546096,-5.8192677,-108.274086,3.9176753,5.251455
5762,61.549908,60.92875,-29.001038,67.66033,46.182487,-38.770885,-17.333574,-17.071638,-68.76032,-25.85648,1.684877,-36.20361,-21.777523,-20.657026,-65.37963,-12.112429,-16.009777,-72.36348,176.71426,-10.270093,-42.253918,-24.011583,-17.69209,-66.59558,91.127235,-15.675633,-20.698236,152.03545,-25.79564,-62.015488,39.2696,-3.4979765,-7.7869396,-108.06543,2.2670496,6.6624966
5782,59.14438,58.50534,-31.425047,66.25906,46.044838,-39.390224,-16.638784,-16.567696,-70.876076,-24.407341,1.9403497,-39.1485,-22.021297,-20.806925,-64.69963,-10.9656315,-14.94321,-73.212326,177.68857,-9.322779,-43.458813,-23.525406,-16.382975,-66.63151,-104.87478,24.978231,-64.54602,152.26978,-25.77743,-62.159008,39.47745,-2.4058936,-9.958083,-107.84718,0.39163736,8.38513
5824,54.75902,54.212486,-35.73724,63.744232,45.847675,-40.373714,-14.699776,-14.785194,-74.6892,-20.607607,3.6812174,-44.242718,-21.95903,-19.99558,-62.096554,-8.678813,-13.106999,-74.103874,178.68384,-8.616756,-47.783073,-22.097631,-14.414116,-67.483284,81.43761,1.6922339,-17.991364,153.78409,-25.031887,-63.69785,39.886765,-0.08685477,-14.374871,-107.60089,-3.204111,12.174573
5846,53.1829,52.844078,-37.13549,62.41332,45.728443,-40.913345,-13.696017,-13.759372,-76.10361,-18.776394,4.7001495,-46.288155,-21.905952,-19.285458,-60.13007,-7.867182,-12.503614,-74.17101,178.39922,-8.249932,-50.612034,-21.015879,-13.774537,-68.52079,81.96562,2.484351,-18.229523,154.85718,-24.299667,-64.823715,40.017685,1.0152789,-16.185398,-107.332825,-4.90271,13.4448
5867,51.956375,51.866634,-38.131805,60.76936,45.905384,-41.308643,-12.6461735,-12.67222,-77.310326,-17.278702,5.710475,-47.719635,-22.035204,-18.68409,-57.93147,-7.0945697,-12.015092,-73.9853,177.72377,-7.8365088,-53.73909,-19.854956,-13.332937,-69.747,82.401,3.1768332,-18.416527,155.62129,-23.696432,-65.6151,40.28605,2.134541,-17.711306,-106.893524,-6.5082464,14.29442
5888,51.009113,51.09894,-38.899216,59.153755,46.228798,-41.56453,-11.555787,-11.554259,-78.44567,-16.237263,6.8098097,-48.344746,-21.971722,-17.78706,-55.862297,-6.1283526,-11.349776,-73.78171,177.70016,-7.159369,-56.994617,-18.841352,-13.043382,-70.98663,82.65814,3.7377527,-18.498644,156.22519,-23.166147,-66.24382,40.653748,3.301431,-18.950253,-106.48107,-8.025063,14.898573
5910,50.253017,50.464226,-39.5237,58.013447,46.466976,-41.702263,-10.556526,-10.545611,-79.45047,-15.641575,7.9106283,-48.418377,-21.440136,-16.318981,-54.535362,-4.8099856,-10.281443,-73.80516,178.39514,-6.2343416,-59.210598,-17.817745,-12.50996,-72.424484,82.77518,4.1619163,-18.487272,156.85632,-22.60382,-66.90381,41.083336,4.454249,-19.691574,-106.14619,-9.3593235,15.142681
5933,49.54901,49.890755,-40.072563,57.173565,46.674244,-41.756294,-9.676362,-9.666693,-80.32827,-15.350928,8.961011,-48.272045,-20.787962,-14.712951,-53.67585,-3.772391,-9.288668,-73.91986,179.27164,-5.468537,-59.927654,-16.64937,-12.093741,-74.00919,82.863884,4.558892,-18.75399,157.47342,-22.065933,-67.53915,41.53139,5.5418,-19.915264,-105.941925,-10.459603,14.845329
5952,48.75263,49.247845,-40.664734,56.412422,46.752316,-41.87535,-8.922172,-8.919235,-81.07894,-15.256426,9.900162,-48.081432,-20.079987,-13.175614,-53.141365,-2.831282,-8.304414,-73.93483,-179.6392,-4.5507298,-60.254993,-15.049,-11.446158,-75.8109,82.94476,4.9043403,-19.267225,158.08926,-21.555372,-68.168015,41.98254,6.618193,-19.72447,-105.8722,-11.33811,14.182315
5974,48.106403,48.776707,-41.020725,55.40449,46.769894,-42.07104,-8.127355,-8.12779,-81.87177,-15.319899,10.719363,-47.804485,-19.394665,-11.89737,-52.986412,-1.9229552,-7.3667808,-73.8558,-178.53455,-3.4667957,-60.48788,-13.495967,-10.559413,-77.31231,82.99865,5.269854,-19.941547,158.77995,-20.976274,-68.8585,42.378433,7.627541,-19.461319,-105.930214,-11.935899,13.486789
5995,47.576496,48.381264,-41.250683,54.48253,46.944324,-42.115025,-7.227658,-7.2230196,-82.760315,-15.437042,11.516679,-47.415848,-18.5031,-10.775331,-53.361458,-1.208086,-6.622826,-73.758606,-177.51096,-2.4082482,-60.778255,-12.420175,-9.811163,-78.22268,83.09994,5.6198716,-20.867077,159.47623,-20.361248,-69.54171,42.726963,8.506073,-19.240038,-106.067444,-12.351406,12.852488
6017,47.183285,48.04684,-41.43231,53.687733,47.175,-42.082977,-6.0919847,-6.069904,-83.85844,-15.5975,12.546812,-46.680485,-17.531944,-9.910411,-53.98681,-0.6455346,-6.040195,-73.63532,-176.61465,-1.4884113,-61.26101,-11.341265,-8.970127,-79.126625,83.14654,5.9619555,-21.979254,160.08046,-19.797426,-70.1369,43.07875,9.248753,-18.936682,-106.246254,-12.669979,12.254251
6038,46.84432,47.73924,-41.58717,53.100285,47.31118,-42.07929,-5.0315733,-4.9824786,-84.83684,-15.609244,13.705551,-45.90196,-16.687744,-9.3569765,-54.76993,-0.09943669,-5.5108137,-73.53326,-175.71448,-0.54919827,-61.797295,-10.234707,-8.061254,-80.082115,83.193726,6.1506305,-23.559261,160.50781,-19.3814,-70.560875,43.39325,9.817585,-18.567886,-106.419,-12.940673,11.602584
6060,46.485085,47.395878,-41.780746,52.669018,47.338257,-42.131413,-4.1332283,-4.039836,-85.54669,-15.735843,14.644497,-45.274883,-16.142567,-9.128199,-55.562824,0.3507662,-5.0664387,-73.54166,-174.91264,0.3163136,-62.150494,-9.135291,-7.21237,-81.05337,83.13487,6.145234,-25.384968,160.81578,-19.088215,-70.86964,43.60006,10.164299,-17.947037,-106.577095,-13.1782,10.599775
6082,46.13734,47.035534,-41.93358,52.301437,47.386517,-42.153595,-3.2824695,-3.1297605,-86.07772,-15.994895,15.589506,-44.634335,-15.666852,-9.037128,-56.54256,0.69958013,-4.7193527,-73.66436,-174.27109,1.0532923,-62.41153,-8.1097145,-6.4710927,-82.02624,82.97939,6.035688,-27.080338,161.09709,-18.848845,-71.13566,43.716873,10.293458,-17.023563,-106.61249,-13.315007,9.370121
6102,45.929913,46.768402,-41.964767,52.046272,47.62526,-41.99251,-2.56584,-2.353229,-86.4456,-16.241201,16.46102,-44.07705,-15.061566,-8.875494,-58.05037,1.0234423,-4.3877964,-73.777466,-173.82204,1.5956033,-62.487087,-7.129478,-5.7202663,-82.96222,82.68516,5.8639145,-28.484987,161.33311,-18.663536,-71.33641,43.795986,10.283038,-16.062668,-106.70527,-13.213385,8.317621
6124,45.860786,46.6178,-41.895977,51.875984,48.08799,-41.622932,-1.9243668,-1.6399918,-86.657135,-16.618944,17.212599,-43.56914,-13.910455,-8.331293,-60.062374,1.3749516,-4.035174,-73.76242,-173.48,2.0640728,-62.69165,-6.2774816,-5.0383086,-83.76205,82.337746,5.6717963,-29.773409,161.45062,-18.607439,-71.371056,43.705807,10.099841,-15.294007,-106.81964,-12.955726,7.3579526
6146,45.82237,46.501186,-41.856266,51.96367,48.793045,-40.9986,-1.3180304,-0.9414136,-86.65345,-17.131811,17.904179,-43.00855,-12.581871,-7.3744493,-61.64603,1.8585712,-3.6246743,-73.495926,-173.17548,2.508959,-63.127254,-5.583847,-4.4430075,-84.38828,82.087074,5.333668,-30.793243,161.5087,-18.608007,-71.280914,43.635536,9.894624,-14.344712,-106.8767,-12.700522,6.315616
6167,45.739418,46.37676,-41.87153,52.39343,49.74915,-40.10218,-0.7563152,-0.29622447,-86.61052,-17.710936,18.510744,-42.396442,-11.532364,-6.566495,-62.354507,2.4794674,-3.143691,-72.96346,-172.92514,2.917913,-63.80081,-5.1600947,-4.024834,-84.727875,81.792366,4.9237447,-31.753412,161.45956,-18.713991,-70.945335,43.667263,9.725212,-13.236498,-106.919235,-12.473131,5.2091146
6189,45.708294,46.29043,-41.829033,53.03403,50.935337,-38.968903,-0.329952,0.18827116,-86.55678,-18.195124,18.939598,-41.985558,-10.573611,-5.9412646,-62.85882,3.0617166,-2.763832,-72.217964,-172.7405,3.2944112,-64.77012,-4.7474937,-3.6765196,-85.12352,81.51943,4.4334555,-32.70329,161.23456,-18.974247,-70.2671,43.683857,9.53678,-12.210307,-106.98711,-12.273298,4.1271725
6210,45.830143,46.343067,-41.599895,53.738415,52.4088,-37.55116,0.05248819,0.5888466,-86.52266,-18.403494,19.241358,-41.741673,-9.547039,-5.2560654,-63.548225,3.7175016,-2.3901842,-71.207436,-172.64655,3.592459,-65.91685,-4.2070746,-3.3009539,-85.72897,81.282005,3.8783162,-33.658867,160.90039,-19.326672,-69.35119,43.688637,9.279491,-11.347904,-107.02062,-12.126991,3.106437
6233,46.140476,46.569546,-41.141003,54.56479,54.032272,-35.960957,0.4511574,1.0032936,-86.33591,-18.289516,19.571568,-41.61233,-8.548007,-4.555316,-64.36741,4.5007505,-1.9535947,-69.819626,-172.66936,3.7907488,-67.373215,-3.5698037,-2.9286819,-86.49101,81.12309,3.278644,-34.31913,160.44518,-19.794209,-68.2899,43.77564,9.012715,-10.5822525,-107.01878,-12.029643,2.2354593
6254,46.74285,47.105045,-40.418167,55.524994,55.6346,-34.365055,0.8903242,1.5055568,-85.77541,-18.165283,19.961761,-41.296097,-7.615111,-3.8769963,-65.25163,5.2896934,-1.5542445,-68.10552,-172.85103,3.8323216,-69.17673,-2.9050496,-2.6120138,-87.239334,81.08948,2.7033298,-34.4393,159.98854,-20.246416,-67.242645,43.896038,8.74736,-9.980052,-106.9472,-11.962973,1.5922778
6275,47.606163,47.921875,-39.404026,56.669582,57.169983,-32.823437,1.3474598,2.068272,-84.90199,-18.08983,20.44203,-40.694084,-6.7412925,-3.18161,-66.0595,6.047289,-1.1838489,-66.28797,-173.1715,3.7345088,-70.982414,-2.252572,-2.3526952,-87.62754,81.154945,2.0521853,-34.20703,159.53174,-20.688833,-66.2633,43.98753,8.487577,-9.421903,-106.86349,-11.921293,1.1433631
6296,48.66706,48.917126,-38.117546,57.995796,58.686535,-31.30045,1.753735,2.6212754,-83.81145,-18.209791,20.862305,-39.86176,-6.0013456,-2.551457,-66.642975,6.6627984,-0.96879315,-64.57561,-173.62714,3.5071456,-72.574104,-1.5647486,-2.1847758,-87.09962,81.2411,1.3912251,-33.94575,159.0208,-21.209763,-65.273636,44.003,8.2074995,-9.0769415,-106.78218,-11.810095,0.7184934
6318,49.94573,50.042946,-36.517357,59.534653,60.195118,-29.79289,2.1671124,3.2151566,-82.55742,-18.542643,21.21361,-38.78931,-5.3915257,-1.9810752,-67.05516,7.1071305,-0.92357206,-63.010693,-174.16602,3.2169738,-74.03294,-0.8094029,-2.0227442,-85.67588,81.28554,0.81897944,-33.96048,158.46698,-21.783047,-64.2104,44.00369,7.9470367,-8.5061655,-106.66895,-11.5933895,0.08292667
6339,51.261475,51.13059,-34.862453,61.11524,61.662357,-28.329435,2.6248899,3.8903685,-81.02006,-18.94093,21.622139,-37.515892,-4.91716,-1.5165042,-67.31466,7.4740896,-0.9919853,-61.631622,-174.74287,2.879253,-75.31912,-0.14699855,-1.9204365,-83.98612,81.291306,0.3255757,-34.241383,157.9092,-22.35428,-63.099472,44.024025,7.661637,-7.7576933,-106.568085,-11.202828,-0.7022374
6360,52.559254,52.21612,-33.252296,62.873398,63.2319,-26.764467,3.0118692,4.5630445,-79.19641,-19.551405,22.078493,-35.908478,-4.465823,-1.115371,-67.68036,7.781202,-1.1506124,-60.367805,-175.41658,2.4358208,-76.44704,0.1858847,-2.080304,-82.450134,81.30263,-0.017743895,-34.505627,157.3606,-22.92523,-62.034363,44.01217,7.2843843,-6.8814692,-106.50278,-10.611665,-1.6250361
6381,53.876503,53.429844,-31.732641,64.69977,64.83641,-25.16304,3.2916493,5.150904,-77.358604,-20.282234,22.519173,-34.052296,-3.954443,-0.68795645,-68.28321,8.082534,-1.3706279,-59.096558,-176.14877,1.9490612,-77.60308,0.337645,-2.3884919,-81.051636,81.33365,-0.3148983,-34.241962,156.8477,-23.494957,-61.122402,43.949947,6.816137,-5.787629,-106.44717,-9.79035,-2.7015939
6404,55.322598,54.82642,-30.146824,66.44468,66.326485,-23.673166,3.4254014,5.584501,-75.6384,-20.995422,22.860888,-32.186398,-3.415399,-0.26754948,-69.08368,8.395687,-1.6186634,-57.7982,-176.8898,1.4394021,-78.7747,0.51118624,-2.6388495,-79.78444,81.37059,-0.6946535,-33.72513,156.359,-24.056408,-60.398117,43.89147,6.277722,-4.533156,-106.41817,-8.771478,-4.04188
6426,56.714184,56.22065,-28.629173,68.214485,67.66988,-22.321806,3.3655496,5.8526425,-73.90042,-21.64362,22.967987,-30.522596,-2.8835175,0.09350138,-70.16735,8.694528,-1.8718407,-56.585625,-177.61024,0.9069031,-79.77841,0.66339594,-2.9164824,-78.55683,81.33171,-1.0867219,-33.35092,155.84438,-24.645676,-59.7775,43.88587,5.6729875,-3.1968005,-106.38624,-7.6222014,-5.5004497
6447,58.11596,57.63587,-27.101683,69.98213,68.7943,-21.165993,3.2794962,6.083767,-72.162,-22.351652,23.08656,-28.69142,-2.388882,0.39696234,-71.42979,8.9055805,-2.218772,-55.637985,-178.24858,0.38913593,-80.3201,0.77152276,-3.2764795,-77.3208,81.264305,-1.4277085,-33.31088,155.31462,-25.238087,-59.135143,43.935783,4.977904,-1.9684594,-106.31554,-6.389422,-6.8358655
6468,59.614456,59.151115,-25.49391,71.71899,69.73095,-20.158886,3.1300347,6.1423125,-70.67439,-22.79046,23.085321,-27.071634,-1.9131885,0.62450075,-72.9714,8.979748,-2.7410197,-55.07887,-178.79965,-0.10774883,-80.38888,0.8779227,-3.64335,-76.07366,81.20238,-1.6318723,-33.596096,154.82611,-25.771357,-58.460884,43.98762,4.128244,-0.92200977,-106.21553,-5.1010118,-7.925598
6489,61.09415,60.62375,-23.913187,73.24281,70.66146,-19.152296,2.9531822,6.130239,-69.16934,-23.025204,22.930939,-25.629227,-1.5097153,0.7118776,-74.792175,8.894293,-3.406708,-54.769314,-179.34712,-0.6374307,-80.21574,0.9834389,-3.9415822,-75.00647,81.15564,-1.7512667,-34.08766,154.40878,-26.205788,-57.811527,44.044052,3.1631322,-0.04229729,-106.09512,-3.8157716,-8.8159895
6510,62.50074,62.038677,-22.453789,74.60576,71.59299,-18.151138,2.7404513,6.1305213,-67.51695,-23.277002,22.719305,-24.09818,-1.2244223,0.69287956,-76.59904,8.772889,-4.0655837,-54.426777,-179.92194,-1.1789583,-80.165016,0.9564348,-4.2779703,-74.321526,81.09397,-1.7518245,-34.471153,154.08055,-26.557884,-57.311214,44.089355,2.1447535,0.8528691,-105.95713,-2.5336537,-9.611316
6532,63.89486,63.507755,-21.097914,75.81208,72.49553,-17.188025,2.5407028,6.1367617,-65.83356,-23.5922,22.552206,-22.425432,-1.1421665,0.53219384,-78.234665,8.737624,-4.5732455,-53.947258,179.549,-1.6578879,-80.36549,0.65690076,-4.800938,-73.97808,81.035645,-1.7355493,-34.572052,153.72643,-26.969217,-56.937668,44.115734,1.1065191,1.7012261,-105.7889,-1.2559323,-10.283798
6554,65.211464,64.963104,-19.912699,76.74899,73.283646,-16.362204,2.3027427,6.0091863,-64.38991,-23.779337,22.316721,-20.89371,-1.1944503,0.27843133,-79.71889,8.7681675,-4.9557548,-53.377193,179.05939,-2.0880945,-80.69581,0.17254943,-5.4693522,-73.75684,80.9579,-1.7195034,-34.608616,153.34294,-27.42881,-56.633965,44.12121,0.06619164,2.4800029,-105.617905,0.06364012,-10.919273
6575,66.452805,66.347275,-18.843357,77.54257,73.81618,-15.771297,2.0377817,5.7043443,-63.34224,-23.727764,21.953974,-19.647615,-1.3418386,-0.029163303,-81.01862,8.792658,-5.2927003,-52.91591,178.63573,-2.475253,-80.77149,-0.17454897,-6.007861,-73.36615,80.84283,-1.7270384,-34.676914,153.00555,-27.819448,-56.357494,44.11772,-0.92314845,3.2259173,-105.446304,1.3608708,-11.548399
6596,67.60989,67.52248,-17.80315,78.216484,74.09219,-15.407789,1.7237179,5.2050476,-62.64643,-23.491442,21.43251,-18.841969,-1.5997539,-0.41551235,-82.14018,8.646211,-5.7222753,-52.684006,178.18105,-2.9288673,-80.415665,-0.315725,-6.381772,-72.77471,80.67881,-1.7785205,-34.89139,152.7695,-28.086588,-56.023434,44.137096,-1.8347594,3.9275405,-105.26154,2.5834424,-12.113424
6617,68.68791,68.55937,-16.7937,78.726875,74.23152,-15.182859,1.4048918,4.628119,-62.036457,-23.138475,20.756744,-18.3584,-1.8876894,-0.8421478,-83.24036,8.400766,-6.203428,-52.59271,177.71623,-3.4011447,-79.95067,-0.36221278,-6.6512094,-72.21177,80.47634,-1.9400169,-35.24263,152.62686,-28.250055,-55.60082,44.168736,-2.7147114,4.4753027,-105.05387,3.6674268,-12.4974
6640,69.70615,69.50454,-15.806319,78.97363,74.398575,-14.993485,1.1759368,4.1091046,-61.427467,-22.774263,20.113459,-17.83082,-2.190662,-1.2939552,-84.3013,8.15739,-6.633495,-52.52152,177.32655,-3.7908876,-79.644005,-0.4993981,-6.9427724,-71.92149,80.330025,-2.0791905,-35.547596,152.59296,-28.300488,-55.211662,44.20349,-3.543271,4.877312,-104.796524,4.6185412,-12.626482
6661,70.56741,70.27148,-14.951852,78.98775,74.56921,-14.856747,1.008858,3.6078625,-60.884754,-22.369526,19.521286,-17.317533,-2.5142584,-1.7553592,-85.136894,8.075515,-6.8476663,-52.287594,177.0835,-4.0129156,-79.69476,-0.87130034,-7.3839474,-71.8547,80.152306,-2.1416538,-35.807247,152.62622,-28.288876,-54.959682,44.233067,-4.3006043,5.1410995,-104.53463,5.4717283,-12.568396
6683,71.20933,70.90135,-14.358359,78.8578,74.67035,-14.811337,0.86424977,3.135339,-60.47605,-21.9852,18.986227,-16.83963,-2.896201,-2.2287922,-85.56565,8.179651,-6.8495674,-51.88956,176.98882,-4.0691323,-80.09706,-1.388876,-7.9235196,-71.86892,79.94998,-2.148788,-36.142265,152.64943,-28.295221,-54.81622,44.25531,-4.958448,5.3102937,-104.31611,6.2657356,-12.496537
6704,71.663345,71.39975,-13.985827,78.386086,74.66931,-14.918477,0.64461,2.616065,-60.288254,-21.659767,18.502188,-16.50617,-3.384011,-2.7370045,-85.53753,8.398039,-6.697721,-51.46277,177.03374,-3.97897,-80.67181,-1.8036051,-8.385797,-71.74849,79.840225,-2.224432,-36.50033,152.65753,-28.319597,-54.747578,44.28241,-5.4727693,5.51466,-104.15565,7.009467,-12.514154
6725,71.94532,71.71811,-13.761938,78.08998,74.5921,-15.044362,0.34854436,2.050883,-60.244446,-21.391216,17.947151,-16.456053,-3.9442306,-3.2833672,-85.26679,8.615096,-6.5330563,-51.175846,177.15768,-3.8279502,-81.068886,-1.8970735,-8.59424,-71.396355,79.80687,-2.3304985,-36.864334,152.67268,-28.341797,-54.683956,44.31211,-5.8589373,5.7182627,-104.025345,7.6717825,-12.63633
6746,72.067856,71.79915,-13.591215,77.79278,74.46217,-15.210941,0.049779892,1.527433,-60.29548,-21.180477,17.410727,-16.584507,-4.472717,-3.8217883,-85.005394,8.740339,-6.4345713,-51.03647,177.24927,-3.722516,-81.26716,-1.7628609,-8.625712,-70.87471,79.79805,-2.3645792,-37.23266,152.62181,-28.446253,-54.521156,44.349304,-6.1301827,5.9154487,-103.89128,8.209118,-12.7334175
6767,72.0424,71.688705,-13.493028,77.63743,74.31942,-15.361184,-0.15974353,1.1536746,-60.293037,-21.034044,16.965422,-16.757202,-4.8861437,-4.287799,-84.845924,8.797817,-6.3883834,-51.0199,177.33177,-3.6275291,-81.41994,-1.5270712,-8.539411,-70.420166,79.76462,-2.3338094,-37.528744,152.53673,-28.59943,-54.25477,44.38374,-6.326303,5.910097,-103.7468,8.629721,-12.583969
6789,71.85663,71.42393,-13.506353,77.24899,74.21007,-15.522051,-0.24591321,0.9624776,-60.19676,-20.932005,16.71066,-16.772943,-5.1805344,-4.6623154,-84.74583,8.862612,-6.3729215,-51.02968,177.39368,-3.5418615,-81.63631,-1.384893,-8.494918,-70.16691,79.71054,-2.3064754,-37.671967,152.4667,-28.729456,-53.959267,44.39789,-6.512134,5.697852,-103.60189,8.967004,-12.267451
6811,71.548035,71.03676,-13.6267,76.843445,74.16223,-15.628435,-0.2523446,0.8732285,-60.095776,-20.815773,16.634016,-16.649233,-5.4549804,-4.9870443,-84.56976,8.967862,-6.357884,-50.97464,177.41629,-3.4767988,-81.97959,-1.3566543,-8.519467,-70.03552,79.676216,-2.3075016,-37.704258,152.46266,-28.774967,-53.685547,44.446445,-6.693459,5.4872584,-103.473114,9.281617,-11.95976
6832,71.28003,70.76684,-13.779779,76.539696,74.1799,-15.657146,-0.21602277,0.8370069,-60.12631,-20.659683,16.643639,-16.535028,-5.8515472,-5.3789883,-84.209465,9.075212,-6.3480024,-50.820213,177.3818,-3.4637802,-82.37317,-1.3313804,-8.522521,-69.96058,79.64335,-2.301772,-37.73102,152.44272,-28.828814,-53.372234,44.520275,-6.859169,5.3261766,-103.37561,9.6131525,-11.799203
6853,70.987045,70.47967,-13.986725,76.41833,74.30435,-15.563255,-0.18086158,0.79258096,-60.300907,-20.51017,16.602186,-16.627977,-6.303496,-5.7955284,-83.77292,9.212555,-6.2978325,-50.5927,177.34126,-3.464155,-82.69078,-1.2425385,-8.497191,-69.80388,79.66508,-2.2829723,-37.800766,152.35901,-28.963837,-53.0112,44.623055,-7.0203505,5.241554,-103.28115,9.957174,-11.787303
6875,70.72261,70.27127,-14.177252,76.244316,74.45312,-15.449659,-0.123960406,0.79336435,-60.478867,-20.356306,16.596346,-16.778692,-6.7058887,-6.180817,-83.39209,9.383786,-6.233274,-50.330055,177.34651,-3.4112508,-83.043755,-1.1285663,-8.47427,-69.52816,79.75717,-2.2439902,-37.86107,152.28667,-29.079144,-52.669823,44.736366,-7.1984644,5.1411357,-103.17059,10.235963,-11.801553
6896,70.414665,69.92751,-14.334149,76.0643,74.57285,-15.358666,-0.06287532,0.7804912,-60.687958,-20.16925,16.610512,-16.979382,-6.9367957,-6.449824,-83.19812,9.584938,-6.1792755,-50.015762,177.32716,-3.373489,-83.4511,-1.0250711,-8.471065,-69.25146,79.8949,-2.18926,-37.788517,152.26733,-29.094479,-52.42845,44.84292,-7.3802834,5.0693636,-103.057495,10.413168,-11.77152
6918,70.12702,69.57396,-14.457043,75.98172,74.77837,-15.17596,0.0103111295,0.7841989,-60.856117,-19.940578,16.651936,-17.118439,-6.9828887,-6.592263,-83.18217,9.752925,-6.132609,-49.68981,177.25069,-3.397338,-83.801476,-0.92355263,-8.484422,-68.96759,80.05104,-2.1205735,-37.53705,152.27763,-29.074715,-52.321316,44.90718,-7.57674,4.9488354,-102.99721,10.554102,-11.674537
6940,69.92582,69.313835,-14.534213,76.00982,75.08702,-14.885358,0.06327035,0.76976913,-60.96816,-19.745867,16.62116,-17.27987,-6.91176,-6.6314015,-83.25067,9.931196,-6.052998,-49.33457,177.16107,-3.4376602,-84.11241,-0.771827,-8.485455,-68.61672,80.26725,-2.0707607,-37.0962,152.24675,-29.11742,-52.235508,44.953796,-7.7368307,4.798016,-102.926994,10.681126,-11.570319
7001,69.76828,68.86188,-14.268528,76.186,75.529045,-14.456534,0.30963534,0.8674389,-60.694374,-19.364239,16.631502,-17.067522,-6.5052724,-6.686067,-83.21409,10.309478,-5.831216,-48.59494,176.98804,-3.5137265,-84.60832,-0.31233752,-8.466016,-67.567116,82.0368,-1.5959107,-36.28941,152.1887,-29.134058,-52.016922,45.22931,-7.9859853,4.440742,-102.61112,11.138978,-11.379752
7022,69.815475,68.761665,-14.0642805,76.291084,75.65646,-14.32995,0.38399652,0.86923105,-60.53968,-19.22479,16.62729,-16.887335,-6.863949,-6.915135,-83.074295,10.328384,-5.841123,-48.526443,176.9458,-3.5506845,-84.59988,-0.12602714,-8.396282,-67.29987,83.13466,-1.4290853,-36.296104,152.17258,-29.120024,-51.994606,45.332443,-7.9841084,4.3828945,-102.50005,11.313706,-11.421561
7044,69.99495,68.76239,-13.76229,76.36634,75.79524,-14.193616,0.47403392,0.91237515,-60.302856,-19.130388,16.59661,-16.70278,-7.1494,-7.125326,-82.8714,10.344192,-5.8576617,-48.419624,176.9126,-3.5770516,-84.620575,-0.009329479,-8.339727,-67.14927,84.53204,-1.267786,-36.089252,152.15457,-29.110125,-52.07059,45.460464,-7.979949,4.370185,-102.3747,11.495429,-11.520569
7065,70.12645,68.78275,-13.554444,76.40653,75.871086,-14.119104,0.59340876,0.9926637,-59.993073,-19.09018,16.643171,-16.400581,-7.3469424,-7.314226,-82.6746,10.38539,-5.7973027,-48.2544,176.89359,-3.5880222,-84.6732,0.018264443,-8.363919,-67.0791,85.900795,-1.2615467,-35.529213,152.11467,-29.128035,-52.2463,45.591225,-7.9617934,4.377942,-102.26732,11.698709,-11.637422
7087,70.230095,68.83966,-13.430709,76.46234,75.87474,-14.11323,0.697666,1.0878482,-59.69266,-19.093344,16.711493,-16.07283,-7.329922,-7.3030186,-82.67204,10.408413,-5.710543,-48.139442,176.89415,-3.58872,-84.68101,-0.03485948,-8.465492,-67.04966,87.35373,-1.2977289,-34.835846,152.01271,-29.179035,-52.441902,45.71134,-7.9113126,4.4005036,-102.18822,11.888961,-11.765607
7108,70.33294,68.923096,-13.325631,76.67644,75.82448,-14.150762,0.74903524,1.1310898,-59.512493,-19.120413,16.773136,-15.85151,-7.2864037,-7.2722387,-82.60019,10.353157,-5.6810427,-48.155293,176.9101,-3.5944185,-84.55615,-0.038109563,-8.518226,-66.94428,88.97231,-1.2119911,-34.260532,151.89995,-29.18651,-52.624596,45.790592,-7.8015213,4.486809,-102.15868,12.062221,-11.971087
7130,70.48298,69.02591,-13.173012,77.027565,75.81355,-14.136948,0.75779694,1.112406,-59.409367,-19.11023,16.77019,-15.745884,-7.276215,-7.329871,-82.26307,10.2009535,-5.752568,-48.30893,176.91014,-3.6430728,-84.23171,0.037998606,-8.454762,-66.83361,90.84272,-1.1508619,-34.13338,151.8085,-29.081343,-52.734413,45.857338,-7.620879,4.604539,-102.15162,12.177753,-12.233181
7151,70.61418,69.09765,-13.047102,77.4648,75.89151,-14.025459,0.7518587,1.0892677,-59.312653,-19.11588,16.74286,-15.70499,-6.9839783,-7.1583633,-82.04171,9.939682,-5.8855934,-48.520634,176.8851,-3.7354867,-83.76126,0.04900498,-8.408743,-66.8396,93.43774,-1.0181506,-34.121384,151.64932,-28.971928,-52.768425,45.902496,-7.4166455,4.687709,-102.14073,12.246608,-12.408126
7173,70.73518,69.18725,-12.972504,78.090126,76.083824,-13.780562,0.7425728,1.097748,-59.128002,-19.185862,16.719412,-15.59491,-6.327607,-6.599879,-82.43033,9.627811,-6.0056734,-48.675568,176.87758,-3.8159764,-83.32275,-0.06571699,-8.457343,-67.02241,96.03691,-0.77757853,-33.64397,151.35713,-28.927479,-52.816868,45.93566,-7.222995,4.6544166,-102.12454,12.293865,-12.4585285
7194,70.83705,69.32984,-12.966531,79.055,76.08601,-13.630903,0.7510578,1.1455007,-58.932987,-19.285158,16.73221,-15.42915,-5.109964,-5.3670635,-83.95477,9.392794,-5.971746,-48.672935,176.9069,-3.845183,-83.10136,-0.35002685,-8.627646,-67.367805,98.30547,-0.68577313,-32.73735,150.98795,-28.933657,-53.064888,45.964756,-7.074928,4.5863266,-102.116,12.327207,-12.484404
7216,70.92007,69.54763,-13.0363655,80.45033,75.7352,-13.616904,0.73570293,1.1793647,-58.82013,-19.43536,16.760258,-15.333935,-3.426119,-3.5561929,-86.21595,9.126236,-5.8634305,-48.57128,176.94594,-3.8655593,-83.03751,-0.7051392,-8.820892,-67.7329,100.27603,-0.43629694,-31.912952,150.4199,-29.121231,-53.334248,45.994656,-6.940659,4.550957,-102.12668,12.391354,-12.539186
7237,71.11532,69.841446,-13.047581,82.67201,74.49462,-13.886073,0.6736818,1.165227,-58.815437,-19.580992,16.750668,-15.3714485,-1.4247143,-1.446746,-88.53225,8.679043,-5.8116426,-48.551056,176.9724,-3.9235034,-82.94856,-0.9393038,-8.8681755,-67.99212,101.75468,0.16565216,-31.571926,149.884,-29.199095,-53.670185,46.033707,-6.763596,4.502786,-102.16703,12.430899,-12.649538
7259,71.44605,70.18645,-12.917635,85.94564,71.798386,-14.481186,0.55228066,1.0961902,-58.865314,-19.729538,16.694912,-15.49028,0.835084,0.86695963,-88.982185,7.9065814,-5.9291687,-48.87183,177.04837,-4.0103736,-82.57231,-1.0089927,-8.760181,-68.0563,102.762726,1.444849,-32.307602,149.33324,-29.201014,-53.882797,46.086716,-6.5695004,4.484121,-102.20705,12.416916,-12.706968
7280,71.902306,70.68734,-12.681268,88.87412,68.712875,-15.128979,0.44208762,1.1013616,-58.804844,-19.978378,16.65891,-15.621626,3.5496845,3.5721533,-86.07196,6.789305,-6.3339553,-49.43914,177.10083,-4.2011495,-81.886566,-1.1095339,-8.63227,-68.052,103.14897,3.4223363,-33.879208,148.61188,-29.22155,-53.784233,46.088604,-6.4004183,4.3356314,-102.25048,12.3520355,-12.653677
7301,72.397446,71.47997,-12.568689,91.05887,66.164894,-15.49261,0.3765078,1.2517896,-58.583015,-20.417862,16.709745,-15.520451,6.5396566,6.3636684,-82.813614,5.507765,-6.7913733,-50.09396,177.25865,-4.3571005,-81.13026,-1.4470015,-8.612181,-68.20763,102.638245,5.796455,-35.276707,147.97415,-29.104128,-53.84588,46.032158,-6.282712,4.137774,-102.344734,12.262592,-12.506607
7322,73.096085,72.732124,-12.561475,91.475174,65.198135,-15.495257,0.29075867,1.4790642,-58.293,-20.995987,16.82953,-15.226323,9.673977,8.902022,-79.44713,4.251177,-7.132864,-50.502846,177.46115,-4.4881225,-80.548615,-2.1114593,-8.786965,-68.577896,100.98275,8.03685,-36.03595,147.47015,-29.044107,-54.187267,45.918133,-6.2121353,4.0586824,-102.53859,12.183664,-12.396346
7344,73.92376,74.44032,-12.933759,91.24196,64.58987,-15.533792,0.07874321,1.6990458,-58.02614,-21.742924,16.949495,-14.931847,12.760018,10.757618,-75.83681,3.0195837,-7.3308873,-50.557644,177.6522,-4.589636,-80.38456,-3.0776627,-9.188184,-69.05961,98.074776,10.682447,-36.753883,147.04352,-29.051338,-54.660275,45.714703,-6.1830077,4.1619034,-102.873024,12.178861,-12.450136
7365,74.800896,75.69734,-13.651821,91.09975,63.20276,-16.138779,-0.3157095,1.9114203,-57.97093,-22.80699,17.06346,-14.765935,16.268064,12.066494,-71.05983,1.7952621,-7.3179283,-50.67949,178.00192,-4.597268,-80.25311,-3.9755392,-9.532275,-69.45157,93.82881,13.646063,-37.849648,146.92062,-28.772469,-55.128376,45.476883,-6.181919,4.3378744,-103.36021,12.2488575,-12.704426
7388,75.502075,75.62589,-14.369515,91.04858,61.03622,-17.255198,-0.9926606,1.7593163,-58.417706,-23.887562,16.981766,-15.084677,20.285847,13.074671,-66.12255,0.5709084,-7.3567257,-51.255695,178.57127,-4.60095,-79.56581,-4.7030053,-9.763617,-69.45928,87.97457,16.245396,-39.707138,147.05493,-27.985926,-55.22924,45.253464,-6.2122517,4.643474,-103.96389,12.379423,-13.042816
7408,76.16862,75.05822,-14.729393,90.95669,58.98487,-18.486967,-1.9303176,1.4058595,-58.99866,-25.06714,16.570665,-15.842835,23.174946,12.8140745,-63.441704,-0.8096859,-7.6320505,-52.291607,179.26752,-4.626329,-78.581215,-5.270399,-9.745288,-69.28656,81.19517,17.836346,-42.591957,147.59183,-26.404629,-54.839687,44.954525,-6.3592987,5.009011,-104.72357,12.528433,-13.360042
7430,76.521034,74.875786,-14.684499,90.83049,58.028763,-19.2315,-2.902848,1.1659194,-59.39186,-26.449709,16.227379,-16.439787,24.977907,11.7105465,-62.32377,-1.9093505,-7.7072186,-53.35351,-179.73985,-4.308994,-77.87844,-5.700265,-9.507125,-69.3896,73.41006,18.61444,-47.160393,148.61707,-24.2302,-54.08769,44.483467,-6.657071,5.206611,-105.475624,12.809708,-13.2767315
7452,76.59875,74.628334,-14.736657,90.36757,58.987965,-19.240427,-3.9716446,1.0528618,-59.32143,-28.099724,15.96515,-16.633493,26.274662,11.323294,-61.452507,-2.210884,-7.240482,-53.770977,-178.61418,-3.5483093,-77.987144,-6.411513,-9.571547,-69.8946,64.60444,19.220682,-52.1167,150.33887,-22.035492,-53.70968,43.749443,-7.193643,5.1725454,-106.332855,13.2211685,-12.952623
7472,76.1109,73.44743,-15.53084,89.33448,61.138435,-19.109722,-5.0801654,1.3619248,-58.944355,-30.392141,15.9487095,-16.33418,26.928843,11.4751425,-60.224514,-1.3774743,-5.5725393,-53.04427,-177.5149,-2.1819184,-79.3762,-7.100614,-9.688931,-70.53113,57.483982,19.0735,-54.74076,152.75479,-19.902794,-53.662777,42.875114,-7.9062657,5.256632,-107.386986,13.750135,-12.799469
7494,75.178085,71.56925,-16.870564,87.99092,63.02571,-19.397009,-6.1688867,1.7491117,-58.906536,-32.92646,16.171156,-15.984927,27.194626,11.79533,-58.841564,0.5764418,-3.244373,-51.806374,-176.58694,-0.52546954,-81.3337,-7.440035,-9.615401,-70.87075,53.179203,17.582563,-55.99382,155.9111,-17.472733,-53.345577,41.96257,-8.725007,5.701562,-108.63611,14.351833,-13.007787
7516,74.02973,69.65833,-18.380928,86.52703,64.98018,-19.523176,-7.3460107,1.8848222,-59.49455,-35.187122,16.173439,-16.438187,27.146463,11.812184,-58.09571,3.1992848,-0.8298522,-50.886242,-175.42593,1.3665502,-82.61033,-6.918589,-8.847022,-70.30273,50.241642,16.446695,-57.09517,159.81108,-14.85458,-52.184883,41.076527,-9.676098,6.352299,-110.162926,14.890662,-13.572265
7537,73.249,68.97233,-19.183092,84.690445,67.29877,-19.275547,-8.346012,2.1587327,-60.25821,-37.409252,16.175962,-17.29509,26.352028,11.620098,-58.81232,6.2707486,1.474381,-50.34112,-173.8558,3.62165,-82.81989,-5.4631853,-7.2727733,-68.8697,47.140656,15.225135,-59.15394,163.99564,-12.608,-49.760746,40.2583,-10.781184,7.029009,-111.69385,15.344796,-14.069547
7558,72.854614,69.759964,-19.119158,81.679825,69.93804,-18.609121,-8.973315,2.8150368,-60.74786,-39.4276,16.44437,-17.99997,24.940744,11.020359,-60.64905,10.271376,4.1960754,-49.4106,-172.05006,6.2812505,-82.1395,-3.2134764,-5.0648603,-67.31335,43.621952,14.495212,-61.668747,167.873,-11.114502,-45.53754,39.454277,-12.072569,7.50626,-112.94692,15.810576,-14.237153
7580,72.04707,70.539345,-19.125559,76.63974,72.76552,-17.088982,-9.036673,4.3238006,-60.3416,-41.21266,17.417713,-17.682978,23.434618,10.28534,-62.481037,15.367795,7.241984,-47.64596,-170.44366,8.865008,-80.80394,-0.6813477,-2.9405224,-66.452675,40.79585,14.394213,-63.46443,171.77269,-9.690733,-39.535267,38.74275,-13.541683,7.679889,-114.01796,16.319994,-14.073141
7601,70.51466,70.377594,-19.6193,70.28063,75.58835,-14.151764,-8.378542,6.612863,-59.298733,-42.538605,19.685986,-15.832785,22.248041,9.452644,-63.516106,21.133408,10.115747,-45.048428,-168.97319,11.143394,-78.84103,2.4177618,-0.6245462,-65.63532,39.608543,14.082232,-63.98548,175.88812,-8.689212,-34.450962,38.11963,-15.128399,7.923415,-114.80861,16.943382,-14.0188465
7622,68.90422,69.94663,-19.813591,62.84021,78.16873,-9.664309,-6.962641,8.990101,-58.38386,-43.000122,22.119904,-13.989643,21.406317,8.782664,-64.02146,26.749239,12.43063,-41.32736,-167.59946,12.947554,-76.18556,6.44496,2.1752708,-64.13441,40.003437,13.42375,-63.283512,178.846,-9.602621,-32.61697,37.64695,-16.743486,8.802317,-115.335526,17.591482,-14.71939
7644,66.96157,69.143234,-19.615753,51.018177,78.2442,-5.2196903,-4.6083264,11.390409,-57.646236,-42.333473,24.586447,-12.814339,20.428953,8.010423,-64.75618,32.335365,14.590843,-36.051575,-166.4232,14.012731,-72.433426,11.383416,5.181767,-61.61525,40.906776,12.770641,-62.34107,-179.61023,-12.671239,-31.736616,37.46449,-18.245752,10.435298,-115.45787,18.110592,-16.115187
7665,64.20857,67.61825,-18.941513,38.51247,76.002945,-1.8924514,-1.214607,14.079651,-56.535954,-40.569885,27.225971,-11.617874,19.080765,7.1480393,-65.98765,38.122753,16.595621,-30.605183,-164.93839,14.570189,-68.45111,16.455717,7.3766103,-58.275978,41.55727,12.317675,-61.940292,-178.27051,-14.740783,-29.992952,37.59452,-19.606014,12.323728,-115.07619,18.240257,-17.521914
7687,60.96124,65.57953,-17.34008,29.610632,72.85592,0.411452,3.0828896,17.061745,-54.997643,-37.752308,30.142342,-10.275195,17.474047,6.290104,-67.42203,42.687187,17.067245,-27.537666,-164.32062,13.601837,-67.10715,21.450428,8.798431,-53.5918,42.11997,12.01017,-61.78971,-177.45947,-15.889778,-27.421715,37.93153,-20.79913,14.009437,-114.26974,17.971485,-18.60025
7708,57.938828,63.673462,-14.423319,23.490505,69.5099,0.6707952,8.0506525,20.270828,-52.851124,-33.61752,33.222607,-8.386837,15.791125,5.4761176,-68.852646,45.559902,16.032146,-26.570934,-164.98494,11.398046,-67.51853,27.107761,10.475347,-47.595806,42.741505,11.168791,-61.19194,-177.18402,-15.429854,-25.171139,38.39834,-21.713968,15.389661,-112.96809,17.56324,-19.698257
7730,54.786198,61.84486,-10.403083,19.832159,66.14975,0.26502186,13.246821,23.574993,-49.595856,-28.48943,36.166954,-5.8335085,14.248433,4.803941,-70.167816,46.97076,15.551965,-26.043509,-164.75563,10.517969,-66.586105,32.39155,11.719164,-43.43398,44.01804,9.261419,-59.91911,-177.02335,-14.490237,-23.837269,39.13483,-22.164814,16.95693,-110.92126,17.006916,-21.112942
7751,51.058956,59.847603,-6.590585,18.38579,63.89826,-0.05872772,18.254848,26.80641,-44.812775,-23.317654,38.35626,-1.9409852,12.831802,4.194326,-71.502975,47.179863,15.798231,-24.739256,-164.32652,10.094077,-64.718605,35.94512,10.898723,-42.25654,44.86114,7.8190184,-58.396694,-177.0805,-14.1264715,-24.23736,40.09265,-22.013832,18.73282,-108.024376,16.451202,-22.978468
7772,48.341007,57.983932,-3.2669413,17.523487,62.40202,-0.93128055,23.141993,29.638357,-39.225384,-18.354736,39.587757,3.612032,11.527169,3.6812332,-72.81941,47.114243,16.578722,-23.042408,-163.62253,10.26516,-62.364613,37.815342,8.8610115,-42.234978,45.772945,6.7527885,-57.057556,-177.3965,-14.278499,-25.556194,41.099216,-21.246166,20.781923,-104.703735,16.481932,-25.414925
7795,45.65175,55.450047,-0.88991797,17.233328,60.86996,-2.9704971,27.518122,31.39714,-34.806015,-13.61664,39.992798,8.224921,10.324336,3.2910566,-74.08711,46.857758,17.116669,-22.07355,-163.26285,10.655398,-60.912426,38.958908,7.6163964,-41.42366,46.85701,5.917106,-55.816402,-177.80736,-14.361627,-26.572847,42.199955,-19.983448,22.786226,-101.757126,17.820164,-28.305359
7815,42.213715,52.38875,-0.24677657,17.38413,59.23626,-5.2801967,31.17648,32.215744,-31.75695,-8.957785,39.78609,11.134896,9.2548895,3.1362376,-75.430305,46.023155,16.972464,-22.839794,-163.66945,10.599633,-61.27294,39.76188,7.9040422,-39.435658,47.910053,5.2596345,-54.517372,-178.25587,-14.221451,-26.634691,43.720848,-18.18242,24.292103,-98.7482,19.870789,-31.412302
7857,37.21292,46.737022,-0.7483382,18.061872,56.338337,-8.269135,34.983192,33.105972,-28.965387,-3.5756152,39.55521,13.190137,7.4479804,3.3224306,-78.303665,43.860935,14.759692,-26.33795,-165.43976,10.062046,-64.85468,40.172127,11.195807,-36.666294,50.036667,4.2355676,-51.855427,-178.69272,-15.183661,-25.848043,58.87061,14.703947,-4.4097,-91.77838,21.516975,-35.76178
7878,36.29374,44.723022,-2.529919,18.417528,55.28258,-9.24344,35.292976,33.43978,-28.358953,-3.300533,39.43486,13.583349,6.6296134,3.1952877,-79.6067,43.22963,13.900802,-26.906487,-166.04735,9.953057,-65.65848,39.26224,11.056259,-38.096516,51.22452,3.959995,-50.736736,-178.92262,-16.272015,-26.107498,58.55495,14.747903,-4.8202767,-88.84043,21.35222,-36.934494
7941,35.42784,40.292885,-8.382475,20.093853,53.692795,-13.151145,32.806915,32.811943,-32.14684,-5.9382763,40.208122,11.350134,4.172664,1.6403576,-81.641075,41.9928,12.786491,-26.854078,-168.49431,8.954771,-67.44359,35.209797,8.170197,-42.128403,56.28727,4.2012315,-48.522514,178.2389,-18.378874,-28.969276,57.112926,14.322133,-7.0411944,-93.27155,-3.6610043,-13.500746
7963,35.354244,38.9914,-9.539125,21.55389,53.681564,-14.551304,31.69654,31.54521,-34.66712,-5.7268267,40.02953,9.336751,4.045733,2.1454828,-83.10623,40.783554,11.842664,-27.88279,-169.60974,8.268063,-68.75615,34.69079,8.588826,-41.65274,58.343803,4.0694494,-48.81135,177.37744,-18.826775,-30.039862,56.542896,13.737999,-8.232069,-93.67082,-4.408515,-11.662396
7984,35.29088,37.874863,-10.792919,23.254688,54.045326,-15.846799,30.860558,30.60815,-36.87081,-5.4253945,39.77213,7.690059,3.5639672,2.239315,-85.06909,39.304615,10.783037,-29.12153,-170.78741,7.4840226,-70.17893,33.864967,8.379317,-41.70252,59.288956,3.7362382,-49.54156,176.60245,-19.276787,-31.13117,55.95094,13.164585,-9.257435,-93.98797,-4.9511147,-10.241813
8006,35.165462,37.039337,-12.1912,24.86706,54.5451,-17.148188,29.977297,29.972418,-38.635014,-5.59923,39.6125,6.538525,2.5834022,2.0059083,-87.30691,37.85884,9.9269,-30.267313,-171.79372,6.8739324,-71.48276,32.4828,7.303239,-42.610703,60.566216,3.7298381,-49.24107,175.79572,-19.650131,-32.32128,55.404564,12.72509,-9.868639,-94.33404,-5.3423905,-9.545371
8027,35.30359,36.61166,-13.576573,26.624247,55.202164,-18.353756,28.925114,29.380606,-40.14003,-6.4285507,39.65672,5.732171,1.3771352,1.7897999,-87.83794,36.576218,9.180328,-31.350191,-172.63129,6.356088,-72.73289,30.691692,5.8762755,-43.96382,63.42952,4.2237425,-47.410736,174.86276,-19.890066,-33.854084,54.900837,12.330904,-10.09761,-94.68652,-5.4740295,-9.250734
8048,35.87967,36.574154,-14.953868,28.85159,56.262066,-19.335817,27.640373,28.540962,-41.61883,-7.226466,39.41494,4.626227,0.14709765,1.5563908,-85.74683,35.293785,8.51639,-32.495094,-173.36078,5.894778,-74.02833,28.829199,4.6485424,-45.33416,65.47825,4.655167,-45.96423,173.83134,-19.888872,-35.725544,54.36984,11.80159,-10.271809,-94.96017,-5.4302692,-8.998557
8070,36.710743,36.825817,-16.26569,31.206207,57.192886,-20.309914,26.264032,27.585274,-43.23533,-8.175146,39.18246,3.1642034,-0.7180335,1.4138154,-83.99145,33.877205,7.9367266,-33.71947,-173.98383,5.510005,-75.28301,27.30359,3.89675,-46.46875,67.68571,4.8701763,-43.514164,172.86746,-19.73404,-37.78153,53.89349,11.093372,-10.489561,-95.13132,-5.3394623,-8.575271
8091,37.62035,37.429714,-17.483658,33.67763,58.076088,-21.1777,24.83853,26.65053,-44.98324,-9.233647,38.785027,1.518016,-1.0890862,1.4404999,-82.959694,32.263226,7.4640026,-35.17758,-174.46512,5.2770066,-76.594826,25.90607,3.2612154,-47.623688,69.61609,4.836545,-39.359463,171.84692,-19.541002,-39.647182,53.48382,10.260809,-10.779157,-95.28204,-5.2786226,-8.002701
8113,38.394314,38.119198,-18.677244,36.18753,59.01883,-21.934324,23.413109,25.654905,-46.69378,-10.367379,38.29014,-0.22783434,-1.1469783,1.5732651,-82.38386,30.477287,7.1414113,-36.805702,-174.84973,5.1332345,-77.974915,24.495188,2.6418931,-48.835083,70.832756,4.855946,-35.057762,170.6814,-19.272167,-41.36961,53.067745,9.401616,-11.076798,-95.49449,-5.347697,-7.391235
8134,39.28778,39.108948,-19.656612,38.65339,60.0059,-22.64249,22.076324,24.682375,-48.369015,-11.42942,37.730694,-1.884954,-1.304369,1.6232387,-81.85026,28.637901,7.0394964,-38.527607,-175.12697,5.047888,-79.3215,23.01895,2.1385128,-50.110332,71.46628,4.931839,-32.072517,169.31886,-19.00085,-43.405308,52.634163,8.6320715,-11.230158,-95.691956,-5.4332075,-6.6747
8156,40.38296,40.48374,-20.456326,40.54894,60.61099,-23.295403,20.846317,23.691877,-50.054077,-12.350599,37.119175,-3.5610023,-1.724967,1.5496712,-81.04433,27.216364,6.580026,-40.11876,-175.43726,4.8641324,-80.50497,21.463135,1.7736602,-51.580166,71.992355,5.109731,-30.280626,168.06718,-18.29919,-46.410656,52.134834,7.8708158,-11.539251,-95.992836,-5.283058,-5.770476
8178,41.49459,41.74955,-21.263363,42.053406,60.91513,-23.832228,19.74226,22.735277,-51.55565,-13.198989,36.54358,-5.0664845,-2.356026,1.3716079,-80.02777,25.947235,5.840693,-41.52344,-176.24756,4.0279927,-81.45427,20.02453,1.8229417,-53.135796,72.40946,5.323989,-29.241177,167.71101,-17.7826,-48.90358,51.508076,7.060019,-11.952384,-96.33626,-4.871879,-5.122892
8198,42.735626,43.114784,-21.93694,43.705807,61.059635,-24.315212,18.634165,21.668924,-52.829704,-13.723974,35.7908,-6.343173,-3.1153927,1.1974229,-78.70121,24.44582,4.5891175,-42.308453,-176.97607,3.3365908,-82.24695,18.65562,1.8626006,-54.6666,72.72885,5.437807,-28.391766,167.35587,-17.481358,-51.107105,50.97656,6.3052545,-11.995063,-96.64956,-4.1658087,-5.0266075
8220,43.972122,44.70329,-22.574572,45.815258,61.450527,-24.786898,17.64346,20.760565,-53.996357,-14.317453,35.125877,-7.6399,-4.0903826,0.73456836,-77.53537,22.816778,4.312856,-43.458103,-177.26546,3.16713,-83.34536,17.456049,1.3607104,-56.05967,72.93377,5.350203,-27.36082,166.90106,-17.673775,-53.805035,50.607285,5.649226,-11.618037,-96.96383,-3.2588575,-5.382049
8241,45.043297,46.384865,-23.202204,47.505394,61.566376,-25.605776,16.82678,20.022926,-55.06857,-14.918083,34.62229,-8.858976,-4.9017906,0.16304901,-76.92588,21.914413,4.6181335,-45.094173,-176.6884,3.696367,-84.636505,16.09147,0.39445513,-57.14462,72.999855,5.0694447,-26.215078,166.50882,-17.83976,-56.940857,50.305107,5.0784354,-11.118564,-97.316734,-2.2793422,-5.9449253
8263,45.843014,47.596252,-23.717285,49.353855,61.323193,-26.863594,16.022148,18.933691,-56.19153,-14.894826,33.890903,-10.146448,-5.3500767,-0.4082667,-77.0901,21.414183,4.311389,-47.14402,-176.22025,3.8455377,-86.08735,14.342657,-0.44117427,-58.404755,73.076164,4.763299,-24.838953,166.25676,-17.884415,-59.745026,50.03641,4.637043,-10.678108,-97.71549,-1.3793187,-6.5769467
8284,46.62155,48.505966,-24.02043,51.27238,60.703224,-28.315372,15.237067,17.671654,-57.307434,-14.284316,32.869358,-11.455278,-5.4787297,-1.0186144,-78.02838,20.558224,3.474737,-49.641132,-176.07259,3.6828284,-85.103966,13.026832,0.13307813,-60.0012,73.3717,4.337116,-23.235245,166.13725,-17.738068,-61.75088,49.815155,4.343977,-10.128353,-98.00974,-0.7513214,-7.016369
8306,47.662575,49.24549,-24.243797,52.818317,59.983616,-29.500675,14.635889,16.629295,-58.24346,-13.669183,32.038177,-12.60938,-5.3645935,-1.6518517,-79.53482,19.407104,2.4729567,-52.55848,-176.2152,3.3149679,-81.55559,12.714214,0.94019836,-62.209343,73.530846,3.7825599,-22.158592,166.16183,-17.503342,-63.044952,49.57262,4.1521916,-9.823317,-98.25701,-0.5308152,-7.062108
8327,48.661705,50.387707,-24.593834,54.02801,59.544117,-30.166748,14.21196,15.992945,-58.826008,-13.540691,31.541147,-13.434621,-5.1573396,-2.2482195,-81.18406,18.307692,1.5678707,-55.116882,-176.49359,2.9613183,-78.02489,11.819333,0.8980526,-65.22878,73.69185,3.254589,-22.09763,166.20349,-17.328257,-63.805084,49.27664,3.950788,-10.017508,-98.40118,-0.6556153,-6.734462
8349,49.171516,51.52183,-25.29211,54.985783,59.424835,-30.390749,13.869823,15.620114,-59.41247,-14.077819,31.336685,-14.1298485,-5.071374,-2.8287838,-82.5181,17.45508,1.0004928,-56.89102,-176.72807,2.7662702,-75.576164,10.04696,0.16100025,-69.11449,73.89202,2.6677392,-23.175297,166.12585,-17.36046,-64.35454,48.973797,3.7015862,-10.4404335,-98.4897,-0.96449494,-6.135251
8370,49.395954,52.54041,-26.494827,55.932446,59.39783,-30.490957,13.56082,14.943036,-60.442917,-13.651114,31.038794,-15.035747,-5.0679793,-3.2666776,-83.361374,16.989212,0.84707206,-57.822655,-176.83295,2.7032237,-74.052025,8.025502,-0.6293926,-72.94586,74.19535,1.8789244,-25.325438,165.90982,-17.514832,-64.97831,48.63843,3.3408015,-10.897822,-98.6914,-1.087277,-4.98276
8391,49.50501,53.302723,-27.760311,57.077595,59.250694,-30.707376,12.894438,13.853759,-62.14651,-12.826312,30.552837,-16.539064,-5.2465024,-3.58233,-83.50843,16.815813,0.96527123,-58.286556,-176.80504,2.756364,-73.10531,6.3871546,-1.1871837,-75.83603,74.45638,0.9250322,-28.241985,165.6569,-17.636648,-65.717964,48.05066,2.7860396,-12.248404,-99.01784,-0.8633135,-3.2761457
8413,49.638565,53.77346,-28.697632,58.119717,58.961685,-31.032276,11.984222,12.633492,-64.37215,-12.199834,29.646719,-18.698397,-5.648752,-3.5554357,-82.54024,16.665737,0.9610656,-58.74705,-176.8266,2.7516475,-72.26487,5.5511436,-1.2120987,-77.578415,73.883995,0.6138733,-31.533607,165.33739,-17.769255,-66.568184,47.177635,2.1221275,-13.601186,-99.257416,-0.5845667,-2.1955092
8434,49.893887,54.13075,-29.147003,59.126602,58.68087,-31.317562,11.256288,11.653744,-66.59992,-11.521649,28.865194,-21.083471,-6.6541114,-3.741025,-80.51623,16.310015,0.7032917,-59.467873,-177.03996,2.5753999,-71.24234,5.3663416,-0.9139558,-78.46001,72.652985,0.5386643,-34.801723,164.71202,-18.18673,-67.16442,46.613274,1.6917776,-13.86837,-99.40001,-0.17453814,-1.7622806
8456,50.29877,54.537144,-29.25926,60.052032,58.34975,-31.627188,10.710298,10.883255,-68.251236,-10.798591,28.233633,-23.002714,-8.291798,-4.603305,-78.17775,15.849755,0.32748562,-60.3529,-177.46834,2.2143462,-70.11938,5.3488307,-0.61492276,-78.99982,71.668655,0.7216469,-37.25986,164.0026,-18.724268,-67.25959,46.37689,1.6158773,-13.815828,-99.637924,0.36223635,-1.4152886
8478,50.63969,54.900356,-29.360182,61.251534,58.05925,-31.86118,10.394274,10.51749,-69.198616,-10.459613,27.86576,-24.111898,-9.074264,-5.103438,-76.88298,15.292104,-0.067687236,-61.403008,-177.96957,1.8099482,-68.69444,5.040781,-0.56792015,-79.680916,71.50464,0.7176745,-37.83518,163.37717,-19.30196,-66.716446,46.236298,1.8058258,-13.856565,-99.86896,0.69151556,-1.191455
8499,50.910885,55.28186,-29.586737,62.596695,58.141163,-31.703466,10.300693,10.453509,-69.50568,-10.405082,27.78274,-24.474566,-9.541501,-5.449701,-76.24082,14.534435,-0.6991961,-62.30284,-178.68668,1.1794336,-67.354706,4.2935104,-0.8664378,-80.66983,72.38591,0.38927606,-36.071625,162.70192,-20.040771,-65.53127,46.235706,2.2922895,-14.117651,-100.06037,0.5044163,-0.98272675
8520,51.067696,55.51678,-29.86856,63.321514,58.610573,-31.209072,10.191419,10.405232,-69.777466,-10.453328,27.745432,-24.560352,-10.302374,-6.2256274,-75.72546,13.836461,-1.3365475,-62.73578,-179.36705,0.5487977,-66.631485,3.4757593,-1.1170396,-81.83696,73.49067,-0.7622958,-31.642578,161.86797,-20.941927,-63.841476,46.36857,2.8663437,-14.635618,-100.09343,-0.293008,-0.6196019
8541,51.294273,55.7394,-30.120857,63.470924,59.424877,-30.431004,9.938046,10.140652,-70.36083,-10.22372,27.534346,-24.97732,-11.088403,-7.161674,-75.3326,13.404255,-1.9158744,-62.460075,-179.84149,0.015925301,-66.90093,2.485869,-1.4376025,-83.06687,73.981766,-1.3648324,-26.985048,160.99065,-21.76006,-62.10115,46.415802,3.1847298,-15.721503,-100.09206,-1.2441645,0.417573
8562,51.599056,55.969704,-30.388287,63.124565,60.4247,-29.504354,9.507843,9.712657,-71.14098,-10.022989,27.163977,-25.613945,-11.78248,-7.902396,-74.68538,13.282528,-2.3454733,-61.460743,179.86208,-0.45451587,-68.160416,1.4315324,-1.9605848,-83.87769,74.4759,-1.0364664,-24.72432,160.28514,-22.313393,-60.825706,46.198067,3.0653193,-17.278727,-100.283676,-1.6959534,2.128293
8584,52.016792,56.24227,-30.579702,62.811092,61.507763,-28.474228,8.915489,9.223422,-72.099655,-10.059253,26.71165,-26.311377,-12.185911,-8.052274,-73.62615,13.359687,-2.6365683,-59.92827,179.6765,-0.8948337,-70.36447,0.6531717,-2.5747159,-83.932434,74.79551,-1.3813344,-23.591791,159.75668,-22.665796,-60.23425,45.566616,2.6474319,-18.879457,-100.54895,-1.5859258,3.49321
8605,52.610683,56.660675,-30.431816,62.33053,62.44652,-27.5533,7.8256054,8.291749,-73.12261,-10.565861,25.874817,-27.11992,-12.606334,-8.153884,-72.63344,13.529372,-2.7058532,-58.30984,179.5868,-1.2211957,-73.28373,0.3322268,-3.223365,-83.11379,75.06926,-2.0641718,-23.097929,159.45624,-22.76242,-60.48795,45.037083,2.2118218,-19.469006,-100.613785,-1.1724006,3.9731019
8627,53.303726,57.17431,-29.896608,61.725372,62.863007,-27.120598,6.577041,7.39997,-73.562515,-12.231862,24.799536,-27.624964,-13.542872,-8.744145,-71.4192,13.580566,-2.7870648,-57.008057,179.31647,-1.6546113,-76.405334,0.5585856,-3.7866359,-81.47525,75.43771,-2.7611017,-22.649828,159.26636,-22.874685,-61.232147,44.781322,1.9756662,-19.242054,-100.71285,-0.72277963,4.0172873
8653,53.909252,57.596287,-29.113144,61.227848,62.768013,-27.201403,5.9412446,6.998377,-73.360085,-13.452712,24.226774,-27.488842,-14.455172,-9.547688,-70.37037,13.485227,-2.9678888,-56.316887,178.81194,-2.1516814,-78.954666,1.1157,-4.2454004,-79.29101,75.69449,-3.0410814,-20.874166,158.82922,-23.30046,-62.14416,44.587402,2.0152862,-18.84859,-100.84208,-0.38004658,3.8071978
