millis,A0,A1,A2,B0,B1,B2
2008,45.028244,41.51054,-43.958202,44.42954,57.15538,-30.034992
2011,45.21895,41.46112,-43.755054,44.92191,57.4117,-29.929264
2020,45.530785,41.49805,-43.427288,45.674572,57.79591,-29.75188
2030,45.77657,41.573143,-43.108185,46.246662,58.026917,-29.664341
2041,45.85954,41.62178,-42.926712,46.20542,57.898254,-29.782047
2057,45.988506,41.577816,-42.72938,46.31591,57.86608,-29.861395
2062,46.160866,41.53984,-42.473164,46.92961,58.10679,-29.796303
2073,46.264088,41.467003,-42.269012,47.622486,58.35286,-29.743597
2080,46.314293,41.406425,-42.095062,47.988586,58.39533,-29.808683
2090,46.254826,41.310566,-42.01645,47.967705,58.21332,-30.019146
2104,46.138866,41.167717,-42.003822,47.850525,57.975315,-30.269917
2110,46.03021,40.967777,-42.012516,47.77096,57.764664,-30.508802
2121,45.966393,40.695904,-42.00838,47.84217,57.651634,-30.680048
2131,45.891445,40.31458,-42.038918,48.07167,57.64042,-30.788317
2140,45.847775,39.84581,-42.071648,48.57118,57.7762,-30.80148
2153,45.88802,39.341797,-42.060017,49.309204,58.051395,-30.712496
2163,45.94521,38.795677,-42.0357,50.22999,58.379204,-30.595732
2170,46.070538,38.314495,-41.928917,51.27232,58.694965,-30.495646
2181,46.207294,38.06355,-41.72783,51.960735,58.81797,-30.510403
2194,46.120674,37.78606,-41.720207,52.280777,58.7964,-30.603426
2201,46.03685,37.526463,-41.73531,52.281918,58.65709,-30.772367
2210,45.945175,37.22078,-41.794136,52.212475,58.48432,-30.969187
2224,45.82583,36.87765,-41.911865,52.23363,58.35877,-31.132673
2231,45.66089,36.50747,-42.119198,52.236774,58.240196,-31.286098
2241,45.43508,36.104176,-42.445595,52.05445,58.091373,-31.446436
2251,45.186203,35.717163,-42.86831,51.703426,57.929516,-31.598568
2262,44.937016,35.454525,-43.355007,51.02165,57.699867,-31.776539
2271,44.524826,35.33112,-44.027546,49.503513,57.235817,-32.078793
2280,43.937695,35.28569,-44.945335,47.171856,56.575424,-32.427685
2291,43.318386,35.325333,-46.034782,44.376873,55.929123,-32.605698
2301,42.867558,35.66104,-47.060085,41.378044,55.463333,-32.412117
2311,42.51344,36.435448,-47.92423,37.73205,54.84085,-31.967556
2321,41.94269,37.328243,-48.827587,33.117294,53.5665,-31.493736
2334,41.135025,38.028633,-49.780205,27.898624,51.517956,-31.026886
2341,40.184425,38.4193,-50.658268,22.782278,49.02015,-30.359774
2351,39.203335,38.54568,-51.280895,17.97221,46.265545,-29.41118
2361,38.050472,38.24024,-51.7403,13.519309,43.451794,-28.135998
2370,36.614548,37.44207,-52.06408,9.514235,40.588512,-26.575579
2382,35.200665,36.474957,-51.93467,5.5732,37.535583,-24.794395
2391,33.605267,35.234688,-51.498707,1.9463995,34.729816,-22.709896
2401,31.99167,33.933674,-50.618523,-1.3285773,32.228207,-20.34976
2411,30.344809,32.53099,-49.375298,-4.369611,29.680918,-17.901127
2424,28.668179,31.043644,-47.839478,-7.2060156,27.040356,-15.418415
2436,27.049843,29.563202,-46.022762,-9.599308,24.537024,-12.923085
2444,25.49635,27.913912,-44.035934,-11.4125,22.052063,-10.463971
2451,24.127613,25.961376,-41.888557,-12.55794,19.157242,-8.21085
2461,23.012136,23.730507,-39.64519,-13.344634,15.447714,-6.345462
2471,22.094917,21.052046,-37.53711,-13.942294,11.213001,-4.9220185
2482,21.254623,17.932816,-35.695553,-14.366635,7.0082893,-3.8746262
2491,20.615242,14.910402,-34.084274,-14.568847,3.351497,-3.0530264
2502,20.25368,12.319851,-32.63129,-14.402711,0.5507609,-2.3329608
2514,20.26477,10.440836,-31.250978,-13.802283,-1.2805724,-1.6769278
2521,20.84681,9.477444,-29.88914,-13.002151,-2.5106988,-1.0307362
2532,21.836823,9.078988,-28.686993,-12.009098,-3.5338209,-0.69830424
2543,23.05021,8.643224,-27.78681,-11.028839,-4.710469,-0.7488613
2551,24.332933,7.921899,-27.301977,-10.131218,-6.0452642,-1.2521831
2561,25.61573,7.12336,-27.243063,-9.275026,-7.1521125,-2.1927145
2571,26.77607,6.6512136,-27.604227,-8.47861,-7.6138005,-3.4653707
2582,27.680845,6.746011,-28.40785,-7.8684487,-7.24132,-4.9261847
2591,28.2786,7.365817,-29.68531,-7.426578,-6.1116185,-6.5736566
2602,28.594969,8.549069,-31.434378,-7.067144,-4.1483216,-8.407078
2611,28.67288,10.4032545,-33.58227,-6.6283402,-1.0694243,-10.432444
2621,28.731712,12.9140625,-36.106384,-5.7951217,3.503425,-12.689802
2633,28.70922,15.599903,-38.93471,-4.454354,9.33016,-14.89225
2641,28.513031,18.278152,-41.9646,-3.1306262,15.2751255,-17.031725
2651,28.759102,21.136295,-44.990246,-2.1509483,20.33908,-19.245035
2662,29.29963,23.738787,-47.794186,-0.8717583,24.451813,-21.669228
2671,29.802238,25.853678,-50.376602,0.64196193,27.98627,-24.040457
2681,30.382153,27.837742,-52.540627,2.3302386,31.565962,-26.182985
2692,31.052238,29.801765,-54.19179,4.45366,35.530262,-27.99441
2701,31.801695,31.56256,-55.312977,6.934653,39.623325,-29.45318
2711,32.58997,32.901756,-55.91543,9.847792,43.599598,-30.5361
2721,33.563313,33.889904,-55.907608,13.233336,47.090935,-31.224464
2731,34.704384,34.611076,-55.382042,17.33046,49.8843,-31.49165
2741,35.7234,35.08391,-54.684357,20.629002,51.360325,-31.810171
2751,36.345257,35.213863,-54.193836,22.602995,51.86562,-32.327976
2762,36.85366,35.19618,-53.78431,24.51853,52.589905,-32.512337
2772,37.53664,35.24539,-53.278706,27.078386,53.95724,-32.08731
2782,38.349186,35.629055,-52.653446,29.316153,55.27154,-31.281166
2792,38.68774,36.194378,-52.337475,28.928547,55.38577,-30.673033
2801,38.52652,36.955147,-52.25802,25.681112,53.75475,-30.413485
2811,37.743973,37.21267,-52.62937,20.970959,50.32147,-30.562761
2825,36.493603,36.632618,-53.342728,16.172565,45.886337,-30.803934
2832,35.08808,35.472885,-54.02138,12.033686,41.662094,-30.623362
2842,33.5615,33.989777,-54.44825,8.606482,38.181656,-29.765686
2852,32.486305,32.814823,-54.04214,5.81005,35.0791,-28.300707
2861,31.655214,31.731585,-52.92265,3.3612933,31.7926,-26.365953
2873,31.06032,30.620106,-51.082596,1.2941273,28.14453,-23.98993
2882,30.635244,29.276356,-48.608646,-0.43040287,24.190924,-21.185354
2891,30.365238,27.655235,-45.56279,-1.5522016,20.105621,-18.110697
2902,30.304996,25.611013,-42.073627,-2.2129364,15.339201,-15.089347
2912,30.310244,22.72118,-38.443573,-2.7970207,9.48828,-12.338797
2922,30.248543,19.038977,-34.838634,-3.3130777,3.29749,-9.734906
2936,30.337296,15.207896,-31.151625,-3.366182,-2.297848,-7.1728263
2942,30.766586,11.71942,-27.306932,-2.9916065,-7.236165,-4.60074
2956,31.324205,8.524908,-23.40202,-2.5155663,-11.908976,-1.97266
2961,31.762766,5.3407955,-19.585129,-2.1449082,-16.554377,0.63844776
2972,32.038452,2.0443184,-15.972926,-1.8983358,-20.928358,3.2167368
2983,32.140194,-0.8207454,-12.553293,-1.5725895,-24.341694,5.760408
2993,32.03908,-2.7462752,-9.339518,-1.0327004,-26.213957,8.260182
3002,31.841234,-3.4581845,-6.364846,-0.20530361,-26.524998,10.6197195
3012,31.769522,-3.3191326,-3.7095032,0.79310495,-26.131763,12.638408
3022,31.80034,-3.2593563,-1.4000368,1.4903114,-26.327454,14.412532
3034,31.687326,-4.047946,0.5839405,1.5765349,-27.547327,15.9396305
3044,31.275757,-5.3128295,2.2282646,1.3116698,-29.004103,17.11406
3052,30.900307,-6.2393613,3.461271,1.3127897,-29.754807,17.762522
3061,30.697096,-6.251095,4.39402,1.6831992,-29.252422,18.158745
3073,30.676962,-5.3083544,5.13588,2.3585563,-27.78156,18.46413
3082,30.797468,-3.9613116,5.8431125,3.198717,-26.2129,18.852736
3092,30.971577,-2.4197357,6.609836,3.9839978,-24.821663,19.486462
3102,31.325558,-0.8717459,7.454788,4.9252744,-23.599834,20.053972
3114,31.929075,0.5231236,8.275955,5.954942,-22.809668,20.401623
3121,32.76977,1.6059967,8.944822,6.891225,-22.56067,20.420795
3132,33.514225,2.6492102,9.278523,7.727015,-22.234278,20.04901
3142,34.379665,4.2715197,9.076216,8.621012,-20.7974,19.35902
3152,35.63104,7.2136407,8.388313,9.652544,-17.276243,18.55266
3162,37.456852,11.990408,7.4281116,10.748007,-11.731085,17.919579
3172,39.627758,18.153511,6.4081173,11.70037,-5.1489906,17.743048
3182,41.977932,25.176666,5.3524075,12.3263,1.729454,17.939133
3191,44.71195,32.14747,4.2269015,12.81054,8.196112,18.039387
3202,47.56072,38.729866,2.8681245,12.80783,14.312443,17.938972
3212,50.400772,44.79199,1.1425745,12.561201,20.437874,17.46443
3222,52.900566,50.43211,-1.0615464,12.196084,26.82895,16.703495
3232,55.327934,55.98626,-3.6215754,11.939216,33.670704,15.780427
3241,58.29965,61.7288,-6.1481905,12.026326,40.68649,14.799518
3256,61.586197,66.96569,-8.527273,12.260242,47.26181,13.686497
3262,64.321465,70.68691,-11.065674,12.073867,53.263943,12.128928
3273,66.42534,72.498566,-13.812198,11.472773,58.886322,10.04138
3282,68.33404,72.478836,-16.54236,10.899505,64.4247,7.646983
3292,70.26696,70.741745,-19.250023,10.739686,70.169754,5.0814915
3303,72.27977,67.61335,-21.844442,10.980956,75.97672,2.2461207
3315,74.02663,63.67009,-24.257118,13.2459545,81.241234,-0.8309843
3322,75.33017,59.411346,-26.448214,23.33663,84.27377,-4.288532
3332,76.40686,55.026752,-28.311052,122.2273,82.01626,-7.8644743
3342,76.928665,50.687016,-29.880823,156.70752,76.925156,-11.38174
3352,76.38202,46.45821,-31.369549,158.73605,71.48176,-15.010924
3363,74.768196,42.22831,-32.964954,156.69629,66.24385,-18.929007
3373,73.25235,38.10424,-34.169727,153.92296,61.40057,-22.611294
3383,72.11706,34.037434,-35.005238,152.03236,56.872875,-25.828987
3392,71.449394,30.185411,-35.4079,150.94496,52.693516,-28.453182
3402,70.24457,26.802732,-35.74519,149.29228,49.173454,-30.624712
3412,68.277534,24.338226,-36.0485,145.98369,46.437675,-32.854862
3425,65.57116,22.58234,-36.439346,141.42088,44.26094,-35.2983
3432,62.558853,21.146603,-37.11147,137.43874,42.301025,-37.76263
3442,59.7264,19.723007,-38.17362,134.52046,40.841682,-39.646454
3453,57.064083,19.046383,-39.271435,130.62901,39.95357,-41.40622
3462,53.93935,18.964064,-40.704594,124.47676,39.30867,-43.520027
3472,50.388737,19.14138,-42.537663,116.47781,38.53486,-45.957695
3482,46.90321,19.358896,-44.561806,106.685295,37.641514,-48.368626
3492,43.635807,19.703297,-46.621983,93.92338,36.633846,-50.731293
3503,40.445713,20.027151,-48.824993,77.64793,35.487907,-53.03654
3513,37.33125,20.279652,-51.225945,59.346115,34.26717,-55.13069
3522,34.38899,20.359941,-53.801903,41.584866,32.900066,-57.0062
3532,31.66003,20.420582,-56.435013,26.515657,31.35093,-58.608353
3542,28.958376,20.34309,-59.23194,14.738051,29.565598,-59.87828
3555,26.157303,20.041903,-62.2474,6.064271,27.573502,-60.668015
3563,23.367899,19.484491,-65.39515,-0.34810725,25.024542,-61.149097
3573,20.720179,18.640617,-68.4481,-5.3963947,21.738274,-61.33767
3582,17.852987,17.020226,-71.74378,-9.063232,18.377573,-60.873516
3593,15.481777,15.317979,-74.454544,-11.940164,15.276514,-59.77159
3602,13.460097,13.466483,-76.4902,-14.413963,12.387629,-58.253147
3612,11.397357,11.188404,-77.91251,-16.496895,9.595859,-56.496323
3622,9.540745,8.736832,-78.27021,-18.23586,6.723745,-54.62899
3635,7.7728724,6.0177407,-77.503,-19.762762,3.6902072,-52.570683
3643,6.4037576,3.4562235,-75.66037,-21.157911,0.6352042,-50.35987
3652,5.873765,1.5126563,-73.28991,-22.169304,-2.367112,-48.258266
3665,5.9722505,-0.122614175,-70.84662,-22.650585,-5.4218054,-46.295185
3672,6.6353955,-1.6842314,-68.323395,-22.857151,-8.725459,-44.342052
3683,7.834853,-3.29752,-65.75862,-22.923862,-12.280746,-42.354584
3693,9.545384,-5.007506,-63.150536,-22.910355,-15.873583,-40.42487
3702,11.725914,-6.87188,-60.68217,-22.868172,-19.43512,-38.63866
3713,13.967389,-9.17058,-58.180466,-23.011194,-23.311121,-37.03848
3724,16.432459,-11.821587,-55.70911,-23.493309,-27.468014,-35.301277
3733,19.252499,-14.627818,-53.192303,-24.575754,-31.912327,-33.175728
3744,22.080004,-17.469303,-50.580536,-25.825264,-36.08272,-30.999794
3753,24.735731,-20.38498,-47.98507,-27.065882,-39.761078,-28.879904
3764,27.211166,-23.21123,-45.425564,-28.205084,-42.956974,-26.849934
3774,29.612875,-25.802023,-43.05074,-29.029428,-45.63066,-25.114069
3783,32.05872,-28.125992,-40.900883,-29.46809,-47.822086,-23.646347
3793,34.704063,-30.038933,-39.039562,-29.493137,-49.58025,-22.521742
3807,37.405483,-31.55927,-37.425594,-29.172663,-51.020557,-21.716768
3813,40.015156,-32.605366,-36.063263,-28.457182,-52.038395,-21.145555
3823,42.09538,-33.014244,-34.85551,-27.163448,-52.420906,-20.674047
3833,43.550945,-32.792553,-33.771324,-25.233515,-52.1117,-20.22643
3842,44.621746,-32.177273,-32.794262,-22.8678,-51.339832,-19.674402
3853,45.50701,-31.168673,-31.862297,-20.198479,-50.331867,-19.034626
3863,46.468517,-30.033457,-30.923994,-17.220715,-49.27815,-18.382324
3872,47.816387,-28.726852,-29.99834,-13.9031105,-48.203888,-17.71788
3883,49.158127,-27.112963,-28.809399,-10.317949,-47.0354,-16.685593
3893,50.339104,-25.235157,-27.302177,-6.457089,-45.422295,-15.529
3907,51.27925,-23.120663,-25.447556,-2.6555247,-43.601467,-14.296389
3915,51.792793,-20.975975,-23.25603,0.7094282,-41.97764,-12.879213
3923,51.81241,-19.06811,-20.90794,3.5233371,-40.739254,-11.375825
3932,51.33462,-17.707186,-18.517954,6.0489354,-39.82836,-9.876284
3943,50.56911,-16.502989,-16.18223,8.952316,-38.405487,-8.708221
3953,49.747158,-14.1039505,-13.997673,12.336189,-35.519855,-7.758969
3964,49.47126,-10.085272,-12.098391,15.892647,-30.92105,-6.5876546
3973,49.891376,-4.946051,-10.398917,19.415674,-24.793304,-4.720139
3983,51.357624,1.1199292,-8.712504,22.943283,-18.652956,-2.1119306
3993,53.779945,8.338973,-6.785497,25.528671,-12.85496,1.1300981
4002,55.83198,15.0735035,-4.892203,26.04956,-7.24574,4.8279614
4019,57.534203,20.50269,-3.5002759,25.557829,-1.4685081,7.9989753
4023,59.22227,26.400003,-2.3386931,25.315004,4.571323,10.425849
4033,60.579517,32.475094,-1.4842325,24.853245,10.407536,12.536567
4043,61.2276,37.86012,-1.2940505,23.272034,16.010046,14.344124
4054,61.736164,43.320084,-1.587304,21.19928,21.68765,15.69121
4068,62.64948,49.06598,-1.9779502,19.372038,27.51585,16.784643
4073,63.755375,54.69305,-2.5080276,17.38284,33.433376,17.79173
4084,65.29633,60.253376,-3.0853484,14.9411955,39.41852,18.641876
4093,67.48603,65.78397,-3.5513794,11.868515,44.95184,19.309347
4103,69.79457,70.77171,-4.1349897,8.312205,49.34829,19.618628
4115,71.63492,74.55175,-4.9893804,3.8712351,52.9969,19.318295
4126,72.66353,76.9771,-6.3675776,-1.4635816,56.40219,18.24115
4135,73.18134,78.130196,-8.21896,-7.880821,59.940914,16.367512
4143,73.482414,77.99345,-10.481057,-14.773292,63.655136,13.9773655
4153,73.93609,76.7515,-12.89963,-22.176516,67.39845,11.298638
4163,74.58575,74.74344,-15.255768,-29.876308,70.94679,8.496327
4173,75.272224,72.24533,-17.553135,-37.338585,74.07887,5.7968874
4183,75.632,69.58006,-19.76009,-43.164066,76.35165,3.3111935
4193,75.417404,67.1775,-21.720755,-46.830067,77.59149,0.9182598
4203,75.17294,65.10254,-23.343903,-50.038933,78.22016,-1.7288432
4214,74.21809,62.683067,-25.340654,-52.165478,77.63877,-4.909381
4223,72.50006,60.17069,-27.535822,-52.988945,75.6676,-8.579535
4233,70.04994,57.12324,-30.277426,-53.92225,72.65445,-12.779315
4245,67.20252,53.58468,-33.434856,-54.621696,69.16371,-17.072935
4253,64.23733,50.023872,-36.5826,-54.145096,65.547165,-21.1173
4264,61.042908,46.765324,-39.55568,-51.425903,61.962685,-24.734257
4274,57.80313,44.110344,-42.14001,-47.41468,58.666794,-27.767357
4284,54.877304,42.061096,-44.27632,-43.802883,55.892933,-30.04831
4293,52.24194,40.69985,-45.973877,-40.051563,53.498566,-31.56481
4303,49.467224,39.946365,-47.425205,-35.67942,50.971054,-32.501957
4314,46.301594,39.53022,-48.82972,-31.983511,48.012863,-33.008118
4323,42.936523,38.989933,-50.292347,-29.736212,44.788025,-33.11467
4334,39.79279,38.26236,-51.596973,-28.63276,41.56525,-32.786
4345,36.991264,37.37702,-52.611053,-28.139364,38.43111,-32.074787
4354,34.473328,36.32221,-53.31384,-27.887287,35.208588,-31.12988
4363,32.09595,34.974445,-53.80748,-27.887123,31.883705,-29.99411
4373,29.834282,33.343117,-54.07042,-27.277174,28.785301,-28.686447
4384,27.384844,31.262226,-54.16991,-26.76509,25.484735,-27.118143
4394,25.442217,29.196726,-53.63919,-26.681194,21.565275,-25.350454
4409,23.684526,26.770468,-52.645596,-26.45151,17.256317,-23.321407
4413,22.140993,23.989614,-51.125286,-26.215729,12.685878,-21.043121
4425,20.844418,20.860317,-49.14174,-26.012524,7.8926654,-18.637806
4433,19.716053,17.391657,-46.830875,-25.969015,3.107839,-16.173195
4445,18.75138,13.781198,-44.29002,-26.035559,-1.428389,-13.698459
4454,17.945122,10.243208,-41.579098,-26.179585,-5.49851,-11.251358
4464,17.285015,6.931362,-38.79047,-26.326376,-9.18916,-8.953159
4476,16.813066,3.8333018,-36.046535,-26.405926,-12.688909,-6.862216
4484,16.574074,1.0123596,-33.38601,-26.192316,-15.894772,-4.9675417
4493,16.682198,-1.4641889,-30.84712,-25.855333,-18.74453,-3.2500925
4508,16.940222,-3.8693097,-28.360565,-25.501886,-21.479185,-1.6071308
4514,17.427532,-6.262648,-25.964005,-24.868294,-24.169748,-0.16847351
4523,18.250715,-8.667607,-23.587011,-23.916868,-26.94765,1.0772808
4533,19.47487,-11.132316,-21.23151,-22.531729,-29.65092,2.1618233
4543,21.17522,-13.323014,-18.865412,-20.397615,-31.770966,3.0218642
4553,23.332987,-14.743098,-16.465958,-17.53953,-32.99784,3.8072608
4564,25.295458,-15.08917,-13.710548,-14.581607,-33.92057,5.1914287
4574,26.84264,-14.206666,-10.903457,-11.647567,-34.465076,6.521498
4583,28.683363,-13.008029,-8.368317,-8.988056,-34.375565,8.191954
4593,30.160099,-11.497505,-5.718011,-6.476523,-33.824196,9.872111
4604,31.256836,-9.640918,-3.1232417,-4.095664,-33.16828,11.407849
4618,32.107315,-7.695536,-0.6827152,-1.8709201,-32.587955,12.769141
4625,32.63423,-5.92239,1.5666977,0.36748895,-31.850464,13.885674
4635,33.222496,-4.1925793,3.4716694,2.5694237,-30.583595,14.775062
4644,33.89645,-2.0688086,5.036346,4.489529,-28.734785,15.752217
4654,34.654835,0.41947025,6.3069243,6.1111145,-26.317137,16.799507
4664,35.41313,2.9937835,7.3299985,7.399633,-23.404276,17.979784
4674,36.220238,5.4895935,8.1739855,8.33043,-20.29685,19.377888
4684,37.052177,8.230335,9.095536,8.983941,-17.012054,21.074434
4695,37.898632,11.693854,10.233546,9.424537,-13.334762,23.045448
4704,39.005447,15.389744,11.53606,9.878666,-9.695344,24.86593
4714,40.187138,18.551815,12.801961,10.285068,-7.0129857,26.37308
4724,41.13641,20.865765,13.807308,10.317441,-5.414343,27.475044
4736,41.96452,22.695345,14.39093,10.040999,-3.8662221,28.192568
4744,43.037193,24.880102,14.566124,9.9385805,-1.4299505,28.586908
4754,44.5809,27.786999,14.537114,9.801537,2.116131,28.968079
4764,46.41269,30.941553,14.379568,9.722619,5.8666515,29.262053
4774,48.32132,34.017796,14.073585,9.438856,8.982255,29.352657
4785,50.20096,36.948624,13.574377,8.783707,11.939929,29.251036
4794,51.80193,39.98571,12.84719,7.662222,15.282959,29.108145
4804,53.200928,43.36952,11.917099,6.14348,18.81314,28.877678
4814,54.446278,46.721523,10.841266,4.352521,22.15646,28.345358
4824,55.374035,49.815567,9.490749,2.295535,25.395407,27.444782
4837,56.17018,52.809925,7.901073,0.28734297,28.803894,26.211061
4844,57.29946,55.86817,6.269682,-1.864248,32.639923,24.81544
4854,58.636543,59.259705,4.423836,-4.2354355,36.746532,23.19413
4864,60.208946,62.633636,2.459962,-6.6676917,40.817295,21.208776
4874,61.670303,65.55369,0.37700358,-9.169346,44.569885,18.789606
4886,62.580963,67.786674,-1.9810013,-11.780627,47.7686,15.90094
4900,63.084377,69.4093,-4.5905304,-14.168099,50.88345,12.777354
4908,63.72579,70.97255,-7.336136,-17.083872,54.525513,9.714724
4915,65.15385,72.72453,-10.025036,-20.246365,58.44559,6.78578
4924,67.34691,74.11811,-12.204129,-23.504326,62.10637,3.8936288
4934,69.04298,74.15706,-14.418906,-26.663368,64.80322,0.76835936
4945,69.62918,72.73764,-16.864958,-29.399733,66.21975,-2.7669077
4955,69.01254,70.3406,-19.598572,-30.761433,66.04909,-6.606658
4964,67.03631,67.19399,-22.805172,-31.152393,64.514015,-10.711836
4975,64.30887,63.69532,-26.293257,-31.33981,62.17204,-14.9551
4984,61.327015,60.10153,-29.85138,-30.757204,59.541443,-18.997997
4994,58.467415,56.666042,-33.22705,-29.525602,56.81315,-22.802578
5004,55.925903,53.492054,-36.29845,-28.197403,54.379723,-26.228374
5015,53.966953,50.680904,-38.923744,-27.470812,52.529343,-29.016956
5024,52.65779,48.501274,-40.849297,-26.922018,51.027023,-31.193333
5034,51.517693,46.82709,-42.313934,-25.490324,49.61742,-32.851013
5044,50.24657,45.57924,-43.508045,-23.757483,48.035988,-34.079834
5054,48.688297,44.70711,-44.54471,-21.748579,46.281464,-34.7703
5064,46.804802,44.17778,-45.42892,-19.658024,43.986538,-35.041237
5075,44.459793,43.63952,-46.308735,-17.827229,40.73131,-35.118908
5084,41.73921,42.623436,-47.281757,-16.44893,36.394974,-35.161015
5094,38.751064,40.667683,-48.45534,-15.903127,30.884972,-35.28806
5104,35.5737,37.531143,-49.905663,-16.231514,24.904654,-35.212624
5116,32.611057,33.73261,-51.22558,-16.81664,19.208614,-34.712116
5125,30.137806,29.788036,-52.004795,-17.315365,13.7781315,-33.798027
5134,28.1713,25.759897,-52.149033,-17.71554,8.33424,-32.532276
5145,26.633057,21.475523,-51.6682,-18.07604,2.6637373,-30.958426
5154,25.477419,16.867273,-50.53732,-18.375114,-3.028027,-29.065516
5165,24.86168,12.119526,-48.71445,-18.610342,-8.848489,-27.057716
5176,24.630299,6.941804,-46.443817,-19.295961,-15.397533,-24.915699
5185,24.403128,0.9082337,-43.934296,-20.53992,-22.470457,-22.626068
5194,24.260828,-5.665077,-41.13485,-22.124666,-29.296835,-20.217249
5205,24.241325,-12.049056,-37.933434,-23.908403,-35.218052,-17.598322
5215,24.22767,-17.708113,-34.36624,-25.662672,-40.07348,-14.869759
5226,24.223671,-22.30298,-30.707798,-27.222855,-43.921814,-12.042982
5234,23.87881,-25.780378,-26.93334,-28.41521,-46.407875,-9.327987
5246,23.274042,-28.00887,-23.32319,-28.933292,-47.229267,-6.1807656
5254,22.383015,-28.545855,-19.88534,-28.459385,-46.566963,-3.6207979
5264,21.79808,-28.050127,-17.032114,-27.717922,-45.84787,-1.4597917
5275,21.649254,-27.86756,-14.585912,-27.323975,-46.355072,0.25658622
5284,21.986223,-28.855703,-12.435171,-27.388376,-48.124966,1.6987869
5296,22.346197,-30.502045,-10.166389,-27.422857,-50.236843,2.933125
5305,22.877235,-31.71771,-8.114932,-26.239548,-51.177452,4.0305257
5315,23.682884,-31.285265,-6.260739,-22.86401,-49.71184,5.127576
5327,24.57752,-28.86405,-4.4329576,-18.253561,-46.228226,6.738536
5335,25.419159,-25.321678,-2.3421614,-13.757335,-42.187984,9.007661
5344,26.42621,-21.440914,-0.02148647,-9.779985,-38.783096,11.451759
5355,27.881697,-17.356524,2.446396,-6.294195,-36.009277,14.1481495
5364,29.537197,-13.358961,5.2369714,-2.98557,-33.266838,16.80956
5375,31.214874,-9.585725,8.15115,0.41647092,-30.288538,19.064423
5393,32.589634,-5.363832,11.121683,3.7467203,-26.79261,21.164188
5398,33.823036,-0.37662375,13.929989,6.373333,-22.45404,23.319347
5405,34.880493,5.1406183,16.350082,7.5060225,-17.194613,26.166672
5414,35.90109,10.999811,18.307005,7.54092,-11.192006,29.245594
5425,37.29136,17.049862,19.902514,7.0935907,-4.7084036,32.253048
5437,39.034855,23.170883,21.289627,6.380536,1.5428334,35.124172
5446,41.424103,29.180588,22.592102,5.0312443,7.300965,37.919662
5455,44.608353,34.98511,23.845905,3.388597,12.558357,40.28456
5466,48.793873,40.3446,24.941563,1.7024076,17.399622,42.02573
5475,53.513367,45.150253,25.562067,-0.354909,21.757257,43.01355
5485,58.01345,49.19233,25.350464,-3.4917164,26.050615,42.827377
5495,62.514378,53.393917,24.110374,-7.5450597,31.155512,41.470222
5505,68.57459,58.59507,22.081594,-12.491241,37.122726,39.390102
5515,76.41568,64.27736,19.677736,-18.48453,43.33981,36.77531
5526,84.20253,69.936,16.734837,-26.270536,49.67512,33.28833
5535,91.005745,75.52165,13.167545,-35.07369,56.09454,28.905401
5548,96.86544,80.64232,9.2767105,-45.19017,62.793896,23.841272
5556,101.61471,83.772385,5.224231,-55.780624,69.43709,18.393784
5565,104.404594,82.40029,1.1138167,-66.052826,75.82308,12.83722
5575,105.69878,78.12855,-3.0620155,-76.821526,82.03262,7.415589
5585,106.74573,72.6314,-7.000439,-88.703766,87.49225,2.4485896
5595,107.89399,66.92693,-10.158034,-100.51154,85.683655,-1.6977447
5608,108.539604,61.91319,-12.290544,-110.926125,81.53187,-5.154577
5615,107.537285,58.043293,-13.836247,-119.76928,78.13965,-8.46986
5625,104.70189,55.26401,-15.254006,-128.02971,74.86864,-12.12675
5635,100.651054,52.96798,-16.98114,-136.08086,71.72169,-15.714299
5645,96.392006,51.07916,-18.758749,-143.55876,68.99745,-18.833916
5655,92.206665,49.74108,-20.546448,-149.75604,66.86268,-21.506393
5665,87.50203,49.57029,-22.372707,-152.59262,65.30609,-23.917454
5675,81.85122,50.626434,-24.462214,-143.77043,63.48259,-26.426952
5685,75.624794,52.046112,-26.981514,-35.993004,61.08751,-28.752901
5695,69.41314,53.33192,-29.658178,-7.9016423,58.062843,-30.644636
5705,63.67247,54.01205,-32.28663,-4.7151313,54.30778,-32.165035
5715,58.5143,53.897373,-34.752285,-3.3006663,49.995678,-33.12737
5725,54.067875,53.107944,-36.778065,-2.5283935,44.31973,-34.08729
5735,49.67645,50.578835,-39.102787,-2.5465026,37.33528,-35.13211
5746,45.463043,46.09179,-41.76436,-3.303537,29.562746,-36.101078
5756,41.898445,40.366478,-44.20575,-4.2543054,21.473225,-36.73213
5765,39.038555,33.819782,-46.18812,-4.7698293,13.349911,-37.142754
5775,36.88131,26.553684,-47.568546,-5.7444053,4.4912252,-37.229973
5785,35.443436,18.349638,-48.302402,-6.951048,-5.044041,-37.103565
5797,34.927914,9.2124405,-48.295097,-8.565107,-15.024102,-36.66328
5807,35.578175,-0.5945617,-47.482914,-10.910919,-25.192564,-35.861763
5819,37.59234,-10.912857,-45.797096,-14.45785,-35.020157,-34.310944
5826,40.945965,-21.087889,-43.174423,-19.041252,-43.65166,-32.131317
5836,45.67245,-30.12031,-40.11103,-23.93424,-50.105145,-30.138105
5846,50.643497,-37.101833,-37.03948,-26.979616,-53.6724,-28.529
5855,53.39992,-40.836723,-34.601173,-26.24607,-54.244198,-27.46771
5865,53.063007,-41.296562,-33.012543,-22.673645,-52.661736,-26.803596
5875,51.38537,-39.59642,-32.002087,-18.268213,-50.232113,-26.299929
5886,49.341774,-36.812046,-30.915766,-13.585652,-46.95913,-26.071236
5895,47.289223,-32.73317,-30.099537,-8.892873,-42.452446,-25.498377
5905,45.32459,-27.504274,-29.415752,-5.060051,-36.495747,-24.163412
5916,43.33306,-20.914967,-28.801153,-2.478745,-28.832096,-21.935186
5928,41.473953,-12.398708,-28.069553,-0.7434669,-18.757763,-19.372404
5935,39.68462,-1.668756,-27.07926,0.019867668,-6.292111,-16.330688
5946,38.52156,11.041541,-26.263462,-1.2642667,7.877133,-12.943046
5956,38.046383,24.879774,-26.039408,-5.5016413,22.940292,-10.29313
5965,38.973866,38.355103,-27.005056,-11.769454,37.667557,-10.077145
5975,42.18787,49.311,-28.950829,-22.862839,50.74388,-11.630643
5986,47.3383,55.355732,-31.775206,-42.12354,61.736412,-14.296438
5996,55.924816,55.742847,-34.256645,-74.70658,69.30565,-16.954845
6005,68.59986,51.695213,-35.958767,-108.12539,70.649506,-19.342768
6015,83.57145,45.69323,-36.971012,-126.04038,67.16072,-21.205286
6025,96.89831,40.733273,-36.751976,-134.01482,63.431194,-22.168072
6036,105.52575,37.90378,-35.693478,-137.1886,61.64914,-21.859766
6046,109.4469,37.67993,-33.96012,-137.00096,62.818943,-20.035975
6056,108.39486,40.13268,-31.94832,-132.8927,67.06203,-17.628208
6066,101.73583,45.4886,-29.955677,-122.429344,72.40984,-15.943241
6076,90.203964,52.26978,-28.644234,-99.60884,74.516624,-15.356719
6086,76.98844,57.968033,-28.453794,-65.23501,70.544556,-15.066557
6100,65.23622,60.984634,-28.69822,-38.945072,62.859097,-14.439119
6106,56.15932,60.579704,-28.720497,-24.871553,53.793182,-13.278822
6116,49.679325,57.02856,-28.039324,-15.899403,43.54459,-11.772034
6125,45.432,50.498573,-26.600456,-8.5678,31.502386,-10.721607
6135,41.812393,40.360264,-25.534426,-3.5809734,17.859976,-10.94207
6147,40.655243,28.59471,-24.34611,-1.0041921,4.5202045,-11.94222
6156,40.768173,16.627165,-23.502209,0.65638435,-6.951041,-13.090952
6167,41.874256,5.8851833,-22.695044,1.8149332,-17.101072,-14.106884
6175,43.694607,-4.171415,-21.756975,2.4934804,-27.323624,-14.776855
6186,46.353436,-14.520999,-20.545929,3.4274735,-36.42979,-14.9084835
6196,49.326878,-23.151983,-18.557045,5.5511494,-42.301483,-13.904664
6206,50.33285,-26.307926,-15.649307,8.545853,-42.997536,-12.59663
6216,49.952316,-24.332052,-12.918892,10.004014,-39.01552,-9.480097
6226,48.379833,-19.85738,-10.041343,9.575631,-32.309208,-5.0020146
6236,46.33391,-13.797647,-7.311147,8.856357,-25.36663,-1.4953712
6246,44.715298,-6.6083765,-5.050867,7.6632442,-19.252007,1.5550325
6257,43.04586,0.78160894,-3.1431668,5.233392,-12.878136,4.5713964
6266,41.18063,8.349083,-1.9323231,1.7717884,-4.988867,7.4611616
6276,39.518543,16.531187,-1.4604204,-1.573821,4.57623,9.607858
6286,38.453037,25.3851,-1.6598918,-5.407132,14.917188,11.323351
6296,37.88252,34.86638,-2.505885,-11.284081,25.328104,12.3209095
6309,37.31501,44.411324,-4.2932963,-19.647352,35.12315,11.889438
6316,37.329548,53.081844,-6.998582,-28.967548,43.762863,10.07858
6326,38.324455,59.91331,-10.048021,-37.82392,50.973404,7.4476514
6337,40.099815,64.30506,-13.395212,-46.09292,56.676216,3.88188
6346,42.31152,65.87172,-17.359451,-54.26643,61.01058,-0.6613573
6356,45.545124,65.267586,-21.506079,-62.78738,64.255974,-5.591228
6374,50.05062,63.362404,-25.552887,-71.19478,66.5166,-10.021371
6377,55.797398,60.8572,-29.01571,-78.11571,67.53215,-13.618017
6386,61.238472,58.248363,-31.711428,-82.98625,66.79463,-16.84284
6396,63.67932,55.715374,-33.988842,-84.83845,65.57551,-19.029612
6406,63.53398,54.2213,-35.330418,-82.49218,64.69927,-19.552227
6421,60.913605,54.319565,-35.414886,-74.092896,63.378902,-18.568937
6426,55.50811,55.669228,-34.33054,-59.899685,59.439373,-17.03574
6436,48.430107,56.32586,-32.79274,-45.17689,52.298363,-15.375051
6446,42.010357,54.431534,-31.149176,-32.689426,43.36602,-13.225989
6456,36.062107,48.945038,-29.791367,-23.073122,32.811153,-11.145826
6467,33.61568,41.77981,-26.998413,-16.271423,21.124401,-9.76644
6477,33.174713,32.54268,-24.125996,-11.054336,9.25062,-9.351092
6489,34.31816,22.267546,-21.873163,-6.8281794,-1.9530317,-9.8303585
6497,36.68879,12.029206,-20.3818,-3.2093525,-12.237575,-11.142372
6506,39.794888,2.0465064,-19.501387,-0.43708894,-21.752645,-12.907513
6516,43.06192,-7.6834083,-18.897858,1.1702877,-30.49448,-14.5911875
6528,46.12636,-16.93474,-18.277416,1.2602886,-38.494793,-15.553012
6537,48.59504,-25.524399,-17.35846,-0.072545275,-45.41316,-15.437479
6547,50.278755,-32.867558,-16.128805,-1.6913788,-49.502365,-14.95958
6557,50.639862,-36.847496,-14.933753,-2.0982804,-49.754993,-13.442952
6567,47.698387,-34.87409,-13.330185,-1.435462,-44.74563,-12.277354
6576,42.52756,-28.007286,-11.715246,-1.11302,-36.048775,-10.415622
6591,37.89282,-19.163925,-11.1318655,-2.5620782,-26.816534,-7.48099
6596,33.942104,-9.776042,-10.97801,-4.4242887,-17.255606,-5.5419326
6606,30.972643,-0.23215887,-11.684798,-6.746149,-7.3922405,-3.8487623
6616,28.939201,9.6033535,-12.81287,-10.102071,2.9852343,-2.3571513
6626,27.881071,19.922993,-14.137527,-13.756466,14.795629,-1.7065021
6637,27.614433,30.258738,-15.503302,-19.563723,26.735645,-0.81180364
6647,27.786304,40.24549,-17.185398,-26.33919,37.841446,-0.77287936
6657,29.141226,49.251213,-19.358862,-34.89133,47.511703,-1.354835
6666,32.07405,56.05467,-21.633348,-44.93626,55.79139,-2.5370922
6676,36.45252,60.158012,-23.942167,-55.58025,63.08094,-3.8635604
6686,43.659416,62.46439,-25.488798,-65.79684,69.132614,-5.060524
6697,54.40894,63.96106,-25.70391,-74.666565,73.900276,-5.9608603
6707,67.11875,64.43484,-25.546658,-81.633026,77.50866,-6.532009
6716,80.55775,64.47009,-24.998514,-87.049736,79.78804,-7.1333013
6728,92.74861,64.35012,-24.125834,-91.915215,80.666534,-8.149844
6736,102.11013,63.76486,-23.417883,-96.61658,80.01029,-9.726781
6747,106.77365,62.427032,-23.553972,-101.43696,78.14768,-11.848425
6756,107.812065,60.57111,-24.477503,-106.89835,75.48312,-14.401845
6766,107.77215,58.409744,-25.716066,-112.6949,72.69581,-16.743843
6776,107.48182,56.052036,-26.98675,-118.26333,69.81317,-19.046926
6786,105.875336,53.66267,-28.235928,-123.68169,66.3426,-22.225706
6801,101.888176,50.908997,-30.11013,-129.21191,62.6798,-25.720385
6807,95.492805,47.581955,-33.05003,-134.36435,59.299744,-28.99085
6817,88.66158,44.57122,-35.767597,-138.96748,56.43776,-31.745113
6827,82.66342,41.330383,-38.504158,-143.48645,53.575687,-34.47734
6837,77.96417,38.759575,-40.369785,-148.40387,50.73384,-37.116405
6847,73.37529,36.306515,-42.018257,-153.95447,47.035908,-40.608387
6858,68.81277,33.0762,-43.94836,-159.44283,43.634808,-43.571457
6868,64.28055,29.52058,-45.97618,-163.444,40.889565,-46.094498
6876,59.89004,26.115328,-47.86851,-166.63423,38.013462,-49.080708
6888,55.526646,22.812029,-49.75048,-169.11696,34.933197,-52.469063
6897,51.156563,19.645416,-51.572067,-170.9455,31.978413,-55.765087
6911,46.875587,16.591534,-53.33462,-172.11581,29.069687,-59.104443
6918,42.331127,13.819058,-55.112984,-172.28996,26.301912,-62.43316
6927,37.439144,11.512406,-57.04832,-170.59892,23.633432,-65.75596
6937,31.906067,9.460214,-59.453545,-164.90971,21.210398,-68.705025
6947,25.878984,7.602579,-62.667908,-152.11346,19.447638,-70.44372
6957,19.840883,5.969428,-66.71027,-126.44541,18.056957,-70.76746
6967,13.940547,4.5620646,-71.568596,-88.53019,16.305914,-69.873535
6978,8.10947,2.9442909,-77.14709,-60.551605,13.523534,-68.02009
6987,2.589236,0.58420724,-83.17499,-47.777576,10.0640545,-65.01861
6997,-2.0044143,-2.1757782,-87.63199,-42.25408,6.6119905,-61.392494
7007,-5.442508,-5.045861,-83.0867,-39.50619,3.4449537,-57.61287
7017,-7.786811,-7.8354325,-77.35263,-37.252625,0.6216606,-54.26509
7029,-9.312298,-10.577665,-71.954994,-35.336185,-2.2251568,-51.334435
7037,-10.072667,-13.131461,-67.0517,-33.377987,-4.874531,-48.75922
7048,-9.994837,-15.439116,-62.63592,-31.162834,-7.6133003,-46.58184
7057,-9.312498,-17.970436,-58.354885,-29.088543,-11.131818,-44.60501
7068,-8.012776,-20.92044,-54.007675,-27.289473,-15.405327,-42.843346
7083,-5.9502354,-24.294832,-49.644238,-26.00808,-20.098427,-41.16548
7087,-3.0551915,-27.997187,-45.523613,-25.339457,-25.018229,-39.535976
7097,0.56041175,-31.961836,-41.789814,-25.41667,-30.041729,-38.011585
7107,4.6612334,-36.004177,-38.4907,-25.987661,-34.367184,-36.382557
7117,9.032943,-39.84962,-35.535275,-26.735834,-37.823006,-34.730095
7127,13.410655,-42.782814,-33.163654,-27.117088,-40.202522,-33.209427
7138,17.306076,-44.928,-31.199018,-26.99884,-41.617527,-31.805975
7148,20.497158,-46.291954,-29.43169,-26.20836,-42.255142,-30.291086
7157,23.313742,-46.73329,-27.941872,-24.472935,-42.12914,-28.995516
7168,26.237564,-46.740448,-26.305834,-22.482222,-42.23222,-27.525206
7177,29.982477,-46.38604,-25.126024,-19.932142,-42.369034,-26.413816
7195,34.119495,-46.345768,-23.82975,-17.183208,-42.741158,-24.955467
7198,38.35311,-46.163033,-22.667,-14.152619,-42.93549,-23.264082
7207,41.996334,-45.76103,-21.332998,-10.929928,-42.74378,-21.249886
7217,44.67103,-44.886444,-19.839947,-7.648006,-42.13105,-18.759764
7228,46.320213,-43.386356,-18.056086,-3.9938498,-40.703384,-16.088455
7241,47.237423,-40.99889,-16.022703,0.022045823,-38.568874,-13.557522
7247,48.002464,-38.350464,-13.697033,4.0743856,-36.17966,-11.155323
7258,49.020844,-35.577747,-11.302598,7.805052,-34.06226,-9.200012
7267,50.11233,-33.15747,-8.939926,10.8226185,-32.685898,-7.5788493
7277,50.874084,-31.6956,-6.6548624,13.047336,-31.292738,-6.20459
7293,50.957172,-30.243444,-4.687087,14.817609,-28.13108,-4.6550555
7297,50.038273,-26.84868,-2.8336928,16.241047,-22.241896,-2.1981683
7308,48.458652,-20.507465,-0.85501283,16.691607,-15.182615,1.7338533
7318,47.22305,-12.453348,1.292113,15.89503,-8.572616,6.6451845
7327,46.594925,-4.0930257,3.901139,14.364799,-2.7455413,11.603877
7338,46.74285,3.9240158,6.6572614,12.828785,2.7877574,16.20224
7348,46.706318,11.2370405,9.635787,11.880939,8.097761,20.369585
7358,47.32669,17.819448,12.380742,11.055076,12.753876,24.20157
7368,48.697273,23.885448,15.008885,9.520346,16.648888,27.649925
7378,49.665356,29.17386,17.250658,6.8374343,20.211689,30.489086
7388,49.85952,33.792824,18.629993,3.5451746,24.075161,32.639736
7402,50.570793,38.438816,19.393013,-0.14748853,28.532969,34.417458
7409,52.192753,43.747795,19.795225,-4.7143545,33.359634,35.758347
7418,54.62592,49.504276,19.688612,-10.352754,38.126816,36.282227
7428,57.598206,55.157013,18.892717,-17.162315,42.970676,35.82835
7438,61.695827,60.6566,17.56632,-25.203817,48.11836,34.447876
7448,68.00551,66.52295,15.69337,-35.62741,53.96044,31.903791
7458,76.8622,73.17048,12.788887,-48.3624,60.62553,27.555897
7468,86.64479,80.335266,8.444955,-61.731678,68.34695,21.005854
7478,93.563896,87.14694,2.83898,-74.372696,77.085625,12.737256
7488,96.250725,84.45145,-3.6777606,-86.28117,86.30983,3.6900783
7498,96.152466,76.92362,-10.581828,-96.97494,84.96733,-4.7425756
7528,87.926636,58.67817,-25.910368,-126.95231,65.86243,-19.158087
7537,86.937775,52.63273,-29.710836,-133.09314,61.454338,-23.846241
7548,85.87135,46.634193,-33.384914,-137.1157,58.550243,-27.576937
7558,80.58013,43.790527,-36.09724,-140.46944,55.663574,-31.560009
7580,58.7866,37.261524,-45.097893,-144.42618,49.95642,-39.08394
7591,52.82413,34.863598,-48.250057,-144.03513,47.048965,-42.554115
7608,47.77753,32.43015,-51.35066,-135.45973,42.417427,-47.57484
7638,35.222027,26.855772,-59.635868,-86.75558,36.73547,-51.160866
7660,22.207977,21.978281,-68.00904,-47.75895,31.914324,-50.671036
7669,18.378807,19.389303,-69.90211,-37.268402,28.758123,-49.302696
7680,14.684393,15.423022,-70.61723,-30.585054,24.143585,-47.604813
7690,11.1905365,9.801443,-69.448875,-26.360003,17.905851,-45.749233
7700,8.396493,3.0337667,-65.9577,-23.657598,10.531133,-43.69498
7729,8.035879,-17.890198,-49.59406,-19.66157,-12.295367,-37.493023
7740,10.088687,-25.115461,-44.60054,-19.8962,-20.17403,-35.629765
7752,12.907918,-32.769497,-39.544918,-21.098217,-28.399504,-33.50865
7760,16.567074,-40.039005,-34.469463,-23.046452,-36.209324,-30.99091
7770,21.029825,-46.22916,-29.816214,-25.16871,-42.86348,-28.261036
7783,25.387424,-50.762814,-25.986408,-26.56362,-47.364204,-26.075209
7790,28.48202,-53.289124,-22.855806,-26.60544,-49.806385,-23.572538
7801,29.874456,-53.58774,-20.367052,-24.909498,-50.205437,-21.291634
7810,30.692501,-52.474216,-18.42579,-22.163467,-49.402596,-19.115076
7820,31.859903,-50.89844,-16.789223,-18.93158,-48.163612,-17.102589
7829,33.600006,-49.13356,-15.378234,-15.353134,-46.781796,-15.21878
7841,35.608856,-47.093285,-14.058575,-11.382801,-45.093956,-13.470788
7851,37.643967,-44.77256,-12.724213,-7.195136,-43.116398,-11.753914
7860,39.523445,-42.294746,-11.196254,-2.9495928,-40.97464,-9.916363
7870,41.072052,-39.16596,-9.446863,1.2689196,-38.316223,-7.680071
7880,42.482147,-35.218056,-7.6006427,5.2305856,-35.14797,-4.9876833
7894,44.22944,-30.583168,-5.908258,9.108735,-31.367683,-2.5226176
7903,46.130604,-25.899227,-4.031909,12.826825,-27.497097,-0.26135147
7910,47.846066,-21.09451,-1.8465552,16.235765,-23.756636,1.9820105
7920,50.22343,-15.604633,0.3414319,20.10854,-18.682833,4.1413693
7930,53.066864,-8.440468,2.8527865,23.46277,-11.958365,7.5274982
7940,55.423782,0.39526406,5.5858717,24.988346,-3.7361963,12.278022
7950,56.8601,10.050445,7.9688096,24.68517,5.321759,17.40365
7960,58.154137,19.141586,9.542689,22.823935,13.54064,21.939213
7970,59.143353,26.81755,10.581177,19.648655,19.820234,25.319294
7980,59.297215,33.278965,11.10314,14.942687,24.948454,27.837393
7990,59.32222,39.62383,11.17914,9.09887,30.196512,29.746477
8003,60.356125,46.271767,11.120207,2.5187778,35.5975,31.128824
8011,62.217113,53.012257,10.652736,-5.4623923,41.123096,31.591427
8020,64.43275,59.78362,9.144067,-14.99243,46.991676,30.59043
8030,66.83985,66.47346,6.392317,-25.998835,53.355774,27.801897
8039,68.773186,72.603455,2.3888576,-38.00055,60.213078,23.13042
8050,70.03672,77.32267,-2.6950984,-50.296448,67.48731,17.01583
8065,71.551056,78.90882,-8.317937,-63.089108,75.05411,10.305928
8070,73.71207,76.20031,-13.658429,-76.14091,82.44429,4.6462374
8081,76.380165,71.641716,-18.027891,-89.59659,89.48533,-0.26644403
8091,78.927345,66.57559,-21.647928,-101.20477,83.332535,-5.45119
8100,80.36643,61.418118,-24.855833,-110.25694,77.54138,-10.61224
8112,80.07398,56.89466,-27.560736,-117.86395,72.42164,-15.457691
8120,79.15216,52.9345,-29.683027,-124.868256,67.48874,-20.205065
8130,78.41677,49.18056,-31.337471,-131.35951,63.197903,-24.107952
8140,77.29655,45.91446,-32.801014,-136.54466,59.86495,-27.13847
8150,74.40567,43.759598,-34.63001,-139.30139,57.86202,-29.461737
8162,69.5276,42.60398,-36.992283,-139.33313,56.42759,-31.923502
8174,63.980957,41.681118,-39.60247,-137.39462,54.75817,-34.552124
8180,58.97394,40.68379,-42.143425,-133.88765,53.155487,-36.676426
8190,54.440014,39.44349,-44.789627,-128.14024,51.716908,-38.283035
8200,50.160717,38.438843,-47.33665,-118.88136,50.5765,-39.193935
8211,45.83715,37.58438,-49.82247,-105.55314,49.55397,-39.4016
8221,41.440792,36.607452,-52.241,-88.92688,48.26531,-39.033844
8230,37.041588,35.362816,-54.445194,-71.86719,46.616135,-38.02104
8240,32.581245,33.593792,-56.29228,-55.975735,43.950794,-36.59964
8250,28.315453,30.889662,-57.568443,-43.55612,39.520565,-35.107376
8260,24.328485,26.900595,-58.144234,-35.084015,33.68458,-33.47549
8276,21.113604,22.01982,-57.505608,-29.470394,26.940813,-31.676338
8280,19.020916,16.713104,-55.487305,-25.3117,19.806175,-29.805836
8290,17.822193,10.767104,-52.514336,-21.96278,12.253042,-28.086042
8300,17.51017,3.9855816,-49.02509,-19.252153,4.0393844,-26.783047
8311,18.13465,-3.4019408,-45.331375,-17.282635,-4.5611835,-25.954718
8320,19.63209,-11.261701,-41.676258,-16.045273,-13.206411,-25.475595
8332,21.889917,-19.343292,-38.221153,-15.516924,-21.658855,-25.112032
8341,25.220476,-26.76536,-35.171455,-15.141786,-28.894337,-25.192379
8349,29.5233,-32.40034,-33.043255,-14.439096,-33.569103,-26.083117
8360,32.94889,-35.510136,-31.663721,-13.500479,-35.39635,-27.19265
8370,34.037373,-35.361805,-30.994919,-11.913883,-33.995804,-27.810818
8380,32.306248,-31.573221,-31.019505,-9.817373,-29.261562,-27.588322
8391,29.438978,-25.173819,-31.937912,-8.444343,-22.466696,-25.989628
8400,26.81483,-17.296001,-33.467884,-7.8124456,-13.823899,-24.164206
8410,24.638338,-8.5209465,-35.327232,-7.88878,-3.8826106,-22.470352
8420,23.874224,1.3415948,-37.47261,-9.315314,6.479245,-20.842495
8430,24.827847,12.1580715,-39.174526,-12.356817,16.884192,-19.538195
8440,26.881395,23.018171,-40.15624,-16.3224,28.156994,-18.700686
8450,29.091915,32.354576,-41.06988,-23.056995,39.487938,-17.972763
8460,32.3269,39.591953,-42.037178,-34.27595,49.500652,-17.98509
8470,36.86766,44.33558,-42.615356,-50.439667,57.538055,-18.623749
8479,42.12209,46.451008,-43.038254,-69.710106,63.258724,-19.475492
8490,47.980385,46.754017,-43.22129,-87.415016,66.43586,-20.495504
8506,54.563595,46.432396,-42.801266,-100.1329,67.73274,-21.325125
8510,61.02007,45.73776,-42.219486,-108.09121,68.2021,-21.672382
8520,67.5797,45.27716,-41.271133,-112.87764,68.343,-21.63825
8530,73.470634,45.251083,-40.102406,-115.18802,68.6562,-21.096699
8540,77.53828,46.154354,-38.529083,-115.55308,69.15095,-20.409975
8550,78.7631,47.4139,-37.255222,-114.71792,69.79014,-19.792324
8560,77.86849,48.652657,-36.43489,-113.11645,70.40122,-19.364716
8572,75.697525,49.845924,-35.923588,-110.75918,70.81753,-19.142597
8581,72.843315,51.31334,-35.346054,-107.05707,71.70953,-18.270302
8590,68.785866,53.543716,-34.383263,-100.59872,72.96694,-16.616592
8602,62.53718,55.81573,-33.602226,-88.57728,72.53589,-15.109352
8610,54.92976,56.341038,-33.61386,-68.92992,67.81713,-14.743199
8620,47.713207,53.722816,-34.535248,-47.152008,59.756107,-15.430178
8631,42.262253,48.663677,-35.717953,-30.783766,51.285225,-16.562672
8640,38.72333,42.534473,-36.663464,-19.657207,43.39198,-17.927248
8650,36.73553,35.855026,-37.279484,-11.929586,35.28727,-19.70532
8660,35.66438,28.279936,-37.846973,-7.1729827,26.226624,-22.03082
8670,35.575127,20.17444,-38.40204,-4.539399,16.867153,-24.491463
8680,36.361237,12.119583,-38.795414,-2.9946265,8.193649,-26.739431
8689,37.843307,4.457624,-38.866676,-2.1786754,0.30641505,-28.617027
8699,39.55553,-2.8226256,-38.52326,-2.0667465,-7.052731,-30.000267
8712,41.18852,-9.911489,-37.674976,-2.5672357,-13.94673,-30.705864
8719,42.60479,-16.847467,-36.222763,-3.5672336,-20.375076,-30.650835
8730,43.692772,-22.873251,-34.245766,-4.680519,-25.903868,-29.999256
8740,44.125454,-26.8414,-32.122578,-5.434244,-29.802525,-28.822168
8750,43.800278,-28.84174,-30.231499,-5.45888,-31.243656,-27.863113
8761,42.698967,-29.4747,-28.440294,-5.046716,-30.907267,-26.533806
8769,41.355553,-28.890278,-27.168505,-4.40385,-29.514503,-25.457457
8780,39.991627,-27.795628,-26.20405,-3.8451717,-27.80436,-24.423147
8790,38.703335,-26.435421,-25.54744,-3.4073195,-25.922585,-23.43812
8800,37.566326,-24.868582,-25.153154,-3.059793,-23.986282,-22.545471
8810,36.65357,-23.218672,-25.002163,-2.9371746,-22.265608,-21.573097
8822,35.854416,-21.489458,-25.05337,-3.111532,-20.651987,-20.399633
8833,35.122723,-19.088516,-25.278456,-3.4577699,-18.447647,-19.009125
8840,34.52797,-15.367455,-25.682013,-3.6462605,-14.908354,-17.549223
8849,33.884586,-10.228043,-26.009474,-3.5111957,-9.616639,-16.00034
8860,33.496895,-3.6606078,-26.340864,-3.6435316,-3.001956,-14.118657
8870,33.155487,3.8025024,-26.52472,-4.4676466,4.569256,-12.074139
8885,32.644897,11.370363,-26.797125,-6.2518606,12.404122,-10.199711
8890,32.137894,18.237349,-27.475145,-8.82378,19.691257,-8.9275675
8900,31.952026,24.380299,-28.530407,-12.118473,26.360178,-8.269713
8911,32.136486,30.068163,-29.725208,-16.147026,32.81949,-8.038378
8919,32.98933,35.664093,-30.822126,-20.824234,39.482864,-8.006416
8930,34.686253,41.263,-31.643053,-26.456196,46.594444,-7.9292083
8939,37.49389,46.73651,-32.144455,-34.25725,53.86037,-7.9908905
8950,41.17099,51.242737,-32.635296,-44.682026,60.80189,-8.454425
8960,45.63134,54.242508,-33.23795,-57.319035,66.698845,-9.527836
8970,50.682503,55.55398,-33.92428,-71.01958,70.98509,-11.252368
8982,55.953884,55.20581,-34.785606,-84.55267,73.37157,-13.361508
8994,62.066196,54.05928,-35.183918,-97.1303,73.76147,-15.540075
9000,68.502914,52.116413,-35.3332,-107.98239,72.545334,-17.45189
9010,74.64155,49.59944,-35.310337,-117.03873,69.87052,-19.521402
9020,79.7716,46.65214,-35.27611,-124.91491,66.11652,-22.055296
9029,83.86334,43.10955,-35.416733,-132.1265,61.64484,-24.98268
9040,87.23341,39.073486,-35.542496,-138.72841,56.803017,-27.95763
9051,90.16585,34.643726,-35.54692,-144.79224,51.59023,-30.999964
9061,92.57099,30.18319,-35.263706,-150.10864,46.272808,-34.05605
9070,93.851616,26.00597,-34.868496,-154.47212,41.479145,-36.718197
9080,93.83661,22.517439,-34.477356,-158.02669,37.67053,-38.959534
9093,91.91015,19.99511,-34.109295,-161.4054,34.87598,-41.295223
9100,87.97996,18.124313,-33.87472,-165.05438,32.29551,-44.23214
9110,82.96163,16.23235,-33.9922,-168.6963,29.564518,-47.24393
9120,77.954185,13.944605,-34.327847,-171.90681,26.736357,-50.25104
9130,73.02173,11.29516,-34.770336,-174.53816,24.177605,-53.109734
9140,67.8874,8.59968,-35.2315,-176.95645,21.566444,-56.17316
9151,62.54421,5.727102,-35.889324,-179.16624,18.793623,-59.51606
9160,57.30462,2.5803208,-36.715675,179.1375,16.02908,-63.070107
9169,52.01532,-0.91193354,-37.752728,178.18703,13.463602,-66.96149
9181,46.718018,-4.391096,-38.87001,177.90184,11.085294,-71.08185
9190,41.700085,-8.005986,-40.06506,178.1873,8.699604,-75.48649
9203,37.30453,-11.574118,-41.33838,179.28123,6.6996565,-79.634186
9211,32.894485,-14.457763,-42.78804,-178.96323,5.353514,-83.08251
9220,27.75543,-16.22589,-44.27536,-176.85977,4.1495605,-85.74648
9232,22.229403,-17.662708,-46.094685,-173.88182,2.9930274,-86.03818
9240,16.735933,-19.048758,-48.367958,-169.75479,2.358442,-83.613716
9250,11.553419,-19.888285,-51.067482,-164.29874,1.8514619,-80.34471
9260,6.3192368,-20.113335,-54.245422,-156.79453,1.8974152,-76.68571
9270,1.0146047,-19.734888,-57.741135,-146.4251,2.0638852,-72.93559
9280,-4.1645303,-19.10607,-61.59759,-131.84428,1.7560489,-68.77565
9290,-8.706896,-18.436602,-65.67578,-114.70126,1.3210576,-64.389885
9300,-12.234786,-17.637962,-69.53922,-98.89963,0.8789745,-59.91904
9314,-14.829399,-16.862984,-72.46804,-85.75571,0.27560726,-55.50826
9321,-16.77278,-16.45487,-73.51677,-74.82248,-0.61975497,-51.280388
9331,-17.847858,-16.193815,-72.41154,-65.81446,-1.9875226,-47.181927
9341,-17.993557,-16.09741,-69.496864,-58.196274,-3.8557224,-43.211555
9350,-17.31844,-16.316233,-65.343544,-51.623226,-6.4746604,-39.366257
9361,-15.543837,-16.770014,-60.74191,-46.001247,-10.03343,-35.688507
9375,-13.026334,-17.887493,-55.834053,-41.36976,-14.480459,-32.13562
9380,-9.993427,-19.640295,-51.429306,-37.645706,-19.747707,-28.857967
9391,-7.917912,-22.514313,-47.33606,-34.89728,-25.377693,-26.237915
9400,-5.672217,-25.473415,-44.22957,-33.87802,-31.101982,-23.15884
9411,-3.1958587,-28.340036,-41.362858,-33.65926,-36.15985,-20.225367
9421,-0.6994263,-30.519941,-38.88691,-33.64638,-39.86295,-17.466984
9430,1.3594373,-31.57664,-36.764244,-33.417614,-41.831234,-14.967618
9440,2.8993106,-31.502106,-34.843906,-32.515003,-42.012604,-12.855111
9451,4.358583,-30.569054,-33.216938,-31.030434,-40.934788,-10.946839
9461,5.2331038,-29.277561,-31.248606,-29.462543,-39.625698,-9.390067
9470,5.63265,-29.073435,-29.240877,-28.501402,-39.261303,-7.4600477
9485,5.0699677,-30.242,-26.83226,-27.858078,-39.416183,-6.432703
9493,2.689712,-31.69174,-23.93264,-25.094334,-37.741806,-7.1618195
9500,1.1229903,-31.792938,-22.137533,-22.452528,-35.646484,-6.7137036
9510,1.7861065,-30.617,-21.48895,-20.675732,-34.18965,-6.020924
9521,2.5528204,-29.999516,-20.773146,-19.37341,-33.51348,-5.0747643
9531,3.8251486,-29.301348,-20.308443,-18.059668,-32.940304,-4.143325
9540,5.4712353,-28.19248,-19.775078,-16.317076,-31.90717,-3.2121208
9550,7.117913,-26.859043,-19.088774,-14.565204,-30.840046,-2.1255062
9560,8.802275,-25.498144,-18.33486,-12.775341,-29.707132,-0.93419164
9570,10.776645,-23.770906,-17.504307,-10.768601,-28.30549,0.32409638
9584,12.714331,-21.775589,-16.253677,-8.871055,-27.180283,2.0194159
9591,14.72546,-20.48662,-14.673341,-6.6871266,-26.648851,3.6140232
9600,16.818007,-18.692698,-12.681609,-4.057793,-25.54409,5.3863063
9610,18.615753,-17.175005,-10.254189,-1.491806,-25.123888,7.3718467
9620,20.498234,-15.994117,-7.929701,0.80815834,-25.131088,9.294888
9631,22.116959,-14.880679,-5.652339,2.7513695,-24.900827,11.244485
9642,23.469383,-13.669708,-3.763448,4.141432,-24.246922,13.173017
9651,24.57944,-11.90228,-2.3804226,4.9579616,-22.495014,15.144785
9660,25.238127,-9.090082,-1.30245,5.054976,-19.238873,17.279156
9670,25.577482,-5.2207103,-0.513471,3.9067066,-15.204525,19.817633
9680,25.688019,-1.0897708,0.060062207,2.7356155,-10.801378,21.890953
9694,25.929976,3.4757025,0.4614231,1.6039546,-6.032952,24.191252
9702,26.468397,8.597871,1.0742443,0.5337781,-1.2950214,26.845953
9711,27.47812,13.622006,2.1521096,-1.0903155E-4,2.6137853,29.436905
9721,28.7498,17.369104,3.7548168,0.31440505,4.556638,31.406176
9731,29.875574,19.323664,5.5500264,1.0772072,4.96797,32.805504
9741,30.86299,20.39283,7.118041,1.8692851,5.307739,33.951435
9751,32.167393,21.585539,8.430913,2.6324964,6.1015425,34.894936
9761,33.68245,23.118107,9.449731,3.039116,7.372615,35.664295
9771,34.920444,24.944916,10.018704,2.9622626,8.963278,36.16695
9780,35.846645,26.85009,10.048417,2.3495138,10.852036,36.387127
9791,36.71682,29.062075,9.605713,1.3898015,13.23742,36.375526
9809,37.712738,31.638374,8.968631,0.1335451,15.893445,36.296753
9812,38.888416,34.22669,8.368446,-1.1483084,18.49043,36.13212
