millis,A,B,C,D,E,F,G,H,I,J,K,L
4052,110.37482,114.68848,NaN,14.4100065,145.36212,127.688156,56.47601,NaN,125.70355,131.98894,91.46013,
4071,111.076775,115.16925,NaN,12.404003,146.56084,127.15116,57.278206,NaN,126.82079,132.52493,91.27657,
4094,111.72149,115.69111,NaN,10.259004,147.67229,126.37768,58.180656,NaN,127.93172,132.98709,91.14013,
4116,112.33516,116.33702,84.15826,8.462065,148.86238,125.384514,59.11332,102.22002,129.07687,133.4989,91.06721,
4160,112.98237,117.12496,84.10579,7.2194734,150.15181,124.206856,59.991558,101.811485,130.13072,134.03618,91.001335,
4177,113.63891,118.16468,84.09395,6.9307,151.58917,123.00907,60.770863,101.47496,131.25433,134.52441,90.96299,
4188,114.30659,119.31911,83.625626,8.272178,153.17276,121.78693,61.592438,101.49879,132.28915,135.08061,91.054054,
4198,114.94379,120.548965,83.082275,10.162679,154.70525,120.56087,62.439594,101.41822,132.89078,135.68979,91.30453,
4207,115.561516,121.78477,82.47366,11.635097,156.0763,119.354355,63.303177,101.65294,133.36732,136.34322,91.70381,
4223,116.1841,122.81909,82.09329,12.829414,157.32697,118.154976,64.24161,101.84963,134.00516,137.09546,92.12355,
4237,116.7305,123.66521,82.092384,13.925509,158.35349,116.96583,65.22078,101.78636,134.68053,137.92358,92.462746,
4260,117.12231,124.57107,81.588,15.181887,159.20125,115.96489,66.10814,101.53523,135.34416,138.79247,92.79843,
4281,117.5086,125.38445,81.27816,16.256147,160.2026,115.219604,66.8948,101.1417,135.9499,139.52574,93.29442,
4302,117.934944,125.90777,80.79097,16.869558,161.01468,114.708885,67.5087,100.809944,136.44691,140.08983,93.85786,
4324,118.42729,126.111374,80.88978,16.753656,161.19896,114.25957,67.966606,101.169014,136.85783,140.61966,94.385345,
4344,118.85288,126.23925,82.52689,16.274837,160.98518,113.80103,68.43836,101.2224,137.31036,141.24905,94.93358,
4367,119.189606,126.34662,82.78122,15.579292,160.66333,113.405365,68.86752,100.35939,137.8755,141.96046,95.47048,
4408,119.77871,126.43552,80.7093,14.738911,159.95131,115.37634,65.35155,99.98745,136.34297,141.37198,92.573364,
4430,120.08765,126.49386,79.45385,14.659275,159.566,115.41844,65.202034,99.717255,136.74693,141.80194,92.861916,
4451,120.36428,126.47687,78.739716,14.258866,159.51248,115.48142,65.03847,99.41305,136.90884,141.8984,93.29966,
4472,120.65383,126.392105,78.41876,13.578134,159.04274,115.54226,64.86005,99.005974,137.0801,142.03279,93.758125,
4493,121.018234,126.215645,78.71256,12.840744,158.12361,115.45391,64.63892,98.50764,137.28813,142.31729,94.02734,
4516,121.469284,126.1062,77.450874,12.307398,157.05435,115.224594,64.335526,97.95785,137.32487,142.52084,94.099464,
4537,121.868805,126.22735,78.743195,12.323314,156.5136,114.983215,64.00632,98.83848,137.37027,142.54172,94.16149,
4558,122.21635,126.47334,78.04188,12.466204,156.18263,114.784645,63.754433,98.38034,137.44624,142.71034,94.34828,
4580,122.51619,126.60869,78.32682,12.305747,156.07678,114.689476,63.442894,98.15016,137.41315,142.69237,94.56038,
4601,122.76629,126.53581,78.5523,12.222726,155.9493,114.65021,63.033833,97.934685,137.41667,142.52336,94.69896,
4623,122.98335,126.33837,78.689,12.36094,155.89645,114.49208,62.72324,97.70391,137.74127,142.38426,94.86422,
4644,123.185585,126.07343,78.85189,12.896682,155.89098,114.282326,62.64545,97.54319,138.41313,142.32614,94.99002,
4666,123.4119,125.76531,79.05153,13.903384,156.01941,114.100784,62.747536,97.394485,139.05057,142.22055,95.0841,
4686,123.527504,125.46519,78.73482,14.890103,156.19702,114.05385,62.79751,97.38631,139.4251,142.14745,95.14007,
4709,123.635574,125.10865,78.131386,15.506059,156.06676,114.09151,62.82775,97.56035,139.76024,142.08221,95.193855,
4729,123.74933,124.738304,77.67457,15.565896,155.75732,114.15281,62.89268,97.755264,139.71436,142.12317,95.25624,
4751,123.94423,124.3165,77.451065,14.600497,155.65268,114.14158,63.098415,97.94971,138.97508,142.30437,95.270134,
4773,124.215485,124.01139,76.99786,14.443835,155.51999,114.10638,63.114456,98.18836,139.77115,142.53636,95.13199,
4796,124.55299,123.92442,76.59662,14.674017,155.27533,114.04324,63.00013,98.28059,139.8843,142.79962,94.90015,
4816,124.87136,124.16535,76.24355,14.880652,155.39575,114.078224,62.776226,98.36299,140.01254,143.07005,94.67438,
4836,125.20832,124.5646,76.19562,14.910957,155.37111,114.22569,62.412155,98.899574,140.04721,143.26625,94.479256,
4858,125.64263,124.9724,75.97253,15.039642,155.24251,114.34698,61.93029,99.25076,140.142,143.41917,94.190895,
4879,126.00607,125.367744,76.10759,16.117508,155.04639,114.509445,61.27317,99.42861,140.14633,143.49661,93.85225,
4901,126.32835,125.876396,76.48685,16.834513,154.9521,114.7277,60.487213,99.46406,140.11806,143.52386,93.4782,
4922,126.66344,126.34764,77.12541,17.325903,154.6958,114.999695,59.646202,99.23099,140.14651,143.5022,93.13107,
4944,127.06344,126.62856,77.05427,17.704811,154.51773,115.26321,58.825516,99.30742,140.20195,143.43918,92.84211,
4966,127.460754,126.83186,77.47378,17.979914,154.22227,115.53677,57.993774,99.42298,140.1885,143.37401,92.53899,
4986,127.86086,127.059265,77.55682,18.241028,153.89024,115.80228,57.153873,99.570885,140.19304,143.38414,92.3378,
5011,128.23343,127.23037,77.433685,18.453499,153.60123,116.08417,56.332775,99.8615,140.2495,143.38676,92.17591,
5030,128.61742,127.20768,77.418396,18.719444,153.33374,116.369316,55.50693,100.008286,140.25313,143.28706,91.860504,
5052,128.95566,127.05083,77.16494,19.077307,153.01825,116.729324,54.615585,100.02996,140.11787,143.09221,91.334,
5073,129.2792,126.92603,77.05635,19.09739,152.84879,117.0615,53.80044,99.80086,139.6137,142.92508,90.84086,
5093,129.50943,126.85524,77.0551,18.869226,152.7964,117.36547,53.110462,99.778656,138.90828,142.8421,90.52045,
5115,129.74054,126.69524,77.34854,18.855028,152.7191,117.66866,52.56815,99.87223,138.55609,142.79654,90.27805,
5137,129.9849,126.44871,77.43597,19.16092,152.59221,117.90358,52.105106,100.25704,138.43062,142.75641,89.94562,
5158,130.17686,126.24984,77.45641,19.631863,152.43327,118.12435,51.67079,100.62507,138.38661,142.70291,89.57523,
5179,130.37857,126.170975,77.21503,20.112648,152.35103,118.4254,51.13075,100.80517,138.27275,142.61864,89.15448,
5202,130.53593,126.130104,77.5984,20.573574,152.28058,118.772316,50.58577,100.50359,138.27705,142.5083,88.76659,
5222,130.60849,126.12562,77.84709,20.735308,152.05135,119.04411,50.141514,100.36551,138.12584,142.44081,88.53191,
5244,130.47926,126.09172,78.127716,21.047106,151.78073,119.27258,49.77588,100.47195,138.17255,142.40822,88.47534,
5265,130.31102,126.036385,78.343666,21.414804,151.38628,119.50834,49.469658,100.178246,138.25613,142.40219,88.533516,
5287,130.06708,125.92443,78.26921,21.636566,150.9633,119.8551,49.02841,99.91874,138.15971,142.2922,88.54878,
5309,129.82376,125.81355,78.52157,21.598505,150.4277,120.32654,48.470524,99.503494,137.75533,142.08803,88.55266,
5350,129.44443,125.48787,78.86983,21.30295,138.24905,121.24268,47.39888,99.48433,136.56677,141.57378,88.62718,
5372,129.20862,125.20683,78.60143,21.165417,137.70638,121.54444,47.123344,99.8615,135.91496,141.40042,88.935745,
5393,128.94072,124.78177,78.362976,21.2481,137.36406,121.68355,47.057373,99.95186,135.7508,141.33086,89.39219,
5415,128.6441,124.29383,78.494736,21.395025,137.30838,121.84627,47.0231,99.743416,135.55022,141.26926,89.85206,
5436,128.36464,123.81652,79.07266,21.763695,137.33759,122.035904,47.097794,99.2203,135.50601,141.34804,90.44989,
5478,127.85862,115.65795,79.16701,23.032087,137.57173,122.42182,47.69406,98.80321,135.96524,141.78511,92.04725,
5498,127.49058,116.28023,79.041435,23.279997,137.77081,122.49098,48.11231,98.878296,135.99953,142.01614,92.8179,
5520,127.05048,116.72189,78.88913,23.789215,137.7902,122.41645,48.55933,99.085304,135.97586,142.2914,93.65606,
5561,126.16452,117.04292,78.88712,23.760626,137.59627,122.049934,49.526154,99.13428,136.85812,142.93408,95.573425,
5583,125.71674,117.05547,78.81184,23.393744,137.4455,122.06463,49.85065,99.10812,137.19995,143.0965,96.53375,
5604,125.22469,116.73868,78.62976,22.83262,137.06726,122.20791,50.01645,99.07652,137.31374,143.09424,97.3382,
5626,124.7617,116.903015,78.3736,22.284111,137.2425,122.25283,50.22727,99.12481,137.48222,143.14499,98.08162,
5647,124.43668,117.31161,78.14064,21.57127,137.63,122.117485,50.543407,99.33239,137.5466,143.23837,98.73354,
5669,124.17128,118.00814,77.82248,20.643063,138.40971,122.05477,50.849365,99.60883,137.36314,143.20503,99.17592,
5690,123.879875,119.04883,77.08241,19.493347,139.33835,121.981476,51.435143,100.1583,137.28073,143.37685,99.82566,
5713,123.589424,120.3974,77.08678,18.266878,140.57704,121.903404,52.393463,100.041695,137.49818,143.91055,100.71544,
5734,123.295525,122.30146,80.4364,17.070564,142.16591,121.79223,53.70857,100.50497,138.202,144.86113,101.88232,
5755,123.08302,125.025955,77.62984,16.191326,144.275,121.535324,55.21873,100.26205,139.216,146.00262,103.1467,
5777,122.90775,128.40073,76.9925,16.41842,147.0271,121.082306,56.857464,101.45699,140.4526,147.22534,104.37204,
5797,122.637405,131.9838,75.06479,17.724857,149.856,120.41268,58.63944,102.548195,141.95284,148.5726,105.71952,
5819,122.191605,135.62354,74.37137,19.871706,152.35358,119.58113,60.623383,102.35265,143.95718,150.09962,107.36731,
5841,121.59815,139.26724,74.16355,22.909622,154.41867,118.568886,62.82209,102.11873,146.46133,151.66594,109.205765,
5863,120.85974,142.97278,74.874596,26.449255,155.7359,117.432976,65.11474,101.36908,149.13895,153.07123,111.05703,
5883,120.0662,146.76901,75.22439,30.190832,156.54907,116.296715,67.31041,100.333145,151.54001,154.57309,112.7146,
5905,119.5533,150.594,74.73654,34.061966,157.1468,115.272,69.161674,99.18542,153.63287,155.67323,114.04851,
5927,119.18474,154.12262,73.3683,37.712982,157.5182,114.2983,70.75566,98.419914,155.40462,156.47871,115.04472,
5948,119.01267,157.13817,72.87611,40.346912,157.74709,113.30555,72.1065,98.07983,156.5644,156.97383,115.78218,
5970,118.84178,158.98051,73.45002,41.118,158.17154,112.384285,73.38159,97.70041,156.89775,157.00026,116.323105,
5991,118.60831,159.43785,74.20266,40.760838,159.27028,111.694145,74.61243,96.635574,157.09412,156.45845,116.75549,
6073,110.91795,143.35919,79.427444,24.533222,171.5806,117.61287,79.018135,91.4325,156.88364,148.25824,85.850876,
6095,108.32933,133.85118,81.42046,17.863651,163.51347,122.00031,79.70158,90.63708,156.0418,145.15016,87.57473,
6117,104.04985,122.82491,83.61901,15.207463,153.05981,126.77395,80.11647,90.55742,154.72539,141.77936,88.87216,
6137,98.843765,111.46305,85.17214,18.952597,141.85275,131.64989,80.04828,91.036545,152.54552,138.06223,89.312126,
6159,93.40558,100.8822,86.06808,25.631117,130.51361,136.41809,79.31644,91.552765,149.55305,134.04707,89.326256,
6180,87.56776,91.3159,86.357254,31.989344,119.82545,141.3401,78.01216,92.32954,145.64061,129.72064,88.93885,
6201,81.04991,81.81149,86.26359,38.336525,109.735756,146.13498,76.933105,93.26338,141.34253,125.41754,88.32852,
6223,74.3094,72.51152,86.00708,44.39214,100.69634,150.59975,76.04356,94.55299,136.69705,121.31989,87.59836,
6244,68.10314,63.836185,85.5779,48.892498,93.38772,154.05832,75.70223,96.0603,131.8695,117.66242,87.35017,
6265,62.61684,55.680187,83.90465,51.71038,88.281685,156.99388,75.41537,98.54542,126.73889,114.57475,86.84634,
6287,57.86244,47.94931,81.46301,53.661407,85.40273,159.8616,74.992805,101.35213,121.412155,112.04716,85.84354,
6309,53.715492,40.101852,79.35733,55.313778,84.284966,162.30997,74.82735,103.586105,116.121315,109.84422,85.25628,
6330,50.489292,32.6825,79.71908,57.02658,84.645424,164.06757,74.58149,103.817696,111.17655,108.019875,84.86979,
6352,49.387894,27.45798,82.908646,58.767067,86.99746,164.94566,73.9823,103.204025,106.758934,106.17449,84.375946,
6373,51.142143,25.694603,86.599434,60.21811,92.01388,165.41527,72.60778,103.86875,102.77112,103.37775,83.40225,
6395,54.825466,26.292603,89.11991,61.949894,99.384964,166.05783,70.29169,105.4344,99.353745,99.67548,82.5806,
6416,58.912075,27.720213,90.30155,63.906307,106.35463,167.20581,66.96388,106.27316,96.445206,96.025185,82.02689,
6437,62.989635,30.186275,91.82614,66.34864,113.61252,168.42432,62.464764,104.47943,94.20035,93.4218,81.011604,
6459,66.41731,34.5501,97.30608,70.17671,121.415565,169.8672,57.17373,101.87332,93.07523,92.34156,80.01475,
6480,67.748405,39.4722,102.079285,75.695694,127.99363,173.10118,51.189106,100.80147,92.59741,91.61657,79.065025,
6501,63.423107,43.465977,102.43936,82.7056,131.43861,175.66238,45.050186,101.22503,92.09642,90.68593,77.16849,
6524,61.33217,47.333073,101.028336,90.26476,133.9715,169.0095,39.618423,102.444016,91.558044,90.27946,76.21264,
6544,63.510517,50.217434,102.78862,98.03323,134.25653,166.37286,34.815918,101.807045,91.7438,90.68826,75.78746,
6566,67.68241,53.08335,107.71713,106.20673,133.56467,163.70158,30.08992,102.71595,92.58692,91.21949,75.97611,
6588,73.31191,55.70191,111.86269,115.724525,131.5947,161.2825,25.580763,105.23889,93.31844,91.199974,76.61802,
6609,77.0757,56.857826,110.634125,125.37585,128.31006,157.89374,22.099337,104.76112,93.729095,90.78534,77.10265,
6630,81.293846,58.145344,109.58636,133.61703,124.80867,155.04826,19.226175,105.293915,93.38598,89.46609,76.7017,
6652,86.24762,59.73344,108.407524,140.98701,121.39094,153.74655,17.29033,106.82821,93.217804,88.06963,75.49734,
6673,91.47948,63.019203,104.6613,146.8192,116.278076,153.19305,16.646246,102.94443,92.6896,86.05664,72.5938,
6695,96.77972,67.77975,104.00105,149.48643,108.48861,154.72589,18.085316,109.9851,92.746315,84.307625,69.763115,
6716,102.37419,73.611786,104.79873,149.71877,98.212204,158.71198,20.482319,108.376976,93.389626,82.746864,67.8692,
6739,106.04915,80.26226,105.01941,148.2378,91.104935,162.76715,23.218182,108.53297,93.9583,80.87125,66.58269,
6759,107.76102,85.502785,102.88877,145.21739,94.99005,167.01007,26.036581,102.300964,94.68055,78.90702,65.98659,
6780,105.81366,89.169044,99.448166,140.11263,106.95748,170.99261,28.77218,97.29774,95.823875,77.28054,65.94151,
6803,98.16584,92.9065,96.25954,133.84889,123.86518,175.01933,31.21601,93.68554,97.03332,76.16619,66.003334,
6824,97.56378,98.69156,93.488625,129.81451,137.6615,172.63611,32.370346,92.39274,98.34295,75.399956,66.28378,
6844,105.240234,103.44341,89.71485,127.938034,145.43166,169.15805,33.03111,89.987976,99.51497,74.778625,68.21656,
6866,110.23493,105.8896,87.75703,126.69577,153.55168,166.74808,33.734425,88.25354,100.68888,74.50119,71.814125,
6888,113.79501,106.62707,88.22923,126.66975,161.50285,164.4024,34.41302,88.10171,101.807,74.12526,75.83413,
6909,116.06358,108.09072,89.46101,126.728584,169.79556,162.4835,36.828842,89.10586,102.11299,73.01617,79.92212,
6930,117.69193,109.89834,90.41617,125.42786,174.99121,160.61562,39.21184,89.763084,102.303154,71.70708,82.67983,
6952,117.31095,112.210846,92.17311,124.79878,166.75433,159.30495,41.549366,91.039375,101.45428,71.56862,83.085365,
6974,116.482025,113.64231,94.295456,123.768005,159.14163,158.67458,44.60991,92.29236,100.58674,72.41586,82.66556,
6995,118.59474,114.64184,96.421875,123.39567,154.83076,158.20567,47.133602,90.483665,99.66629,74.050026,82.45596,
7016,121.902794,114.90391,101.72754,125.35266,155.5047,157.92093,48.64503,90.213196,98.02266,76.860245,82.40868,
7038,122.90968,114.83678,108.75517,128.47232,162.60558,158.22102,49.2571,94.74538,95.57864,79.600525,82.072075,
7059,121.48297,114.9036,109.63067,130.12563,172.36504,159.67094,49.724617,94.70438,93.65938,82.96865,81.619064,
7080,118.40895,115.26448,107.95437,131.13744,178.01338,161.24121,49.107502,91.98438,92.09621,84.922935,81.08507,
7102,117.008064,115.43827,106.10546,130.35953,176.11404,162.19582,48.601074,88.22397,91.43581,87.30941,80.55838,
7123,114.937836,115.057304,105.19622,128.04208,173.16696,162.55435,50.052505,86.84726,92.46535,89.20421,80.24832,
7145,114.43862,114.82674,109.20831,127.89134,170.5704,162.56032,51.561954,89.92261,94.66715,90.913315,81.02415,
7167,114.79288,113.95583,111.149734,130.77776,163.93425,162.31657,47.98569,88.261345,96.83964,92.471756,82.361145,
7188,115.16592,112.38127,109.18228,135.30267,152.49164,161.95451,41.38527,89.56992,99.512726,94.00967,83.45115,
7210,117.158,111.207825,107.59844,138.6622,139.00793,161.19785,34.87881,91.63651,102.46269,94.884544,84.55055,
7231,118.667755,109.375755,105.66591,141.73146,126.60883,160.98997,30.23725,91.8241,104.17921,95.42942,85.18638,
7252,119.67796,106.1362,105.82567,141.61029,129.42026,160.81192,26.919441,92.093506,105.449295,95.8802,85.239555,
7274,120.92981,104.323166,105.32365,137.39197,141.59082,160.19685,24.325975,93.36647,106.90244,96.4806,84.98673,
7296,122.13863,102.89471,104.18319,130.3147,155.34952,159.10481,21.925323,92.03008,108.84971,97.34884,85.26776,
7316,123.45142,103.940636,104.01732,124.5802,165.32245,157.84167,20.514755,91.621994,110.22732,98.347786,85.68408,
7338,123.73021,106.328926,103.206276,120.446846,172.90195,156.705,19.579958,89.5774,111.33321,99.08232,85.86168,
7359,124.56335,109.41868,99.22235,117.41547,178.3453,156.16843,18.349545,79.84683,111.756165,99.4662,85.83577,
7421,131.17763,118.5283,94.86456,101.28863,169.43723,154.15228,17.440554,91.30173,127.49385,98.4809,87.101326,
7443,130.32861,121.69772,95.95489,100.710365,163.93575,152.51697,17.015055,91.30683,129.27731,99.40259,88.0337,
7464,130.3026,125.18827,97.35163,100.194244,160.99275,150.60757,17.407629,86.32173,130.8335,101.064545,89.10509,
7486,131.53099,128.02153,97.19874,99.938896,159.56409,149.52951,18.152752,82.68622,131.98686,103.82327,89.82657,
7506,133.23486,130.45232,98.86878,100.26176,163.1435,148.65854,19.0781,79.571785,133.46138,106.298645,90.727135,
7529,134.67792,132.68942,100.10604,100.69286,172.45561,147.61874,20.041945,75.84576,135.6733,108.28025,91.96634,
7550,136.46384,134.51016,101.46479,100.753525,177.4172,146.7318,20.931187,75.83728,137.78401,109.90287,92.99352,
7571,138.04298,135.16682,100.44336,100.29754,173.52905,145.8287,20.87852,78.59336,139.35864,111.46609,93.78349,
7593,139.78311,136.2027,99.242096,99.651955,170.43951,144.70349,21.468973,80.86038,140.27852,113.089096,94.40269,
7614,141.91731,137.51288,99.01093,99.00805,168.38612,143.52284,21.44889,80.4912,141.121,114.52182,94.943184,
7636,144.65877,139.25253,99.70429,98.84899,167.48833,142.44118,20.174171,78.742805,142.4947,115.72183,95.83085,
7658,148.47379,141.08348,100.63231,99.4807,166.638,141.317,17.620483,76.598625,143.97711,117.65976,96.884384,
7678,152.62737,143.34657,100.98261,100.58707,166.04883,140.03802,14.109645,76.384995,145.25937,120.54013,97.674126,
7700,156.18127,145.59851,99.323524,101.460526,165.63103,138.64139,10.329824,78.455376,146.50468,123.73657,98.27345,
7722,157.29301,147.71686,97.53673,101.82332,165.68141,137.34782,7.2741876,81.22454,147.70766,126.614105,98.727234,
7783,160.8847,164.05565,100.26516,103.63141,167.47003,136.10085,32.77038,76.685455,150.26497,134.23996,99.036705,
7805,161.52388,163.8566,102.59197,104.263535,168.31622,136.33157,31.73679,71.754425,151.17769,136.38019,99.01458,
7826,161.8389,162.97112,103.26427,105.02696,168.47295,136.88693,30.76119,70.673065,151.74048,137.85753,98.88747,
7848,162.15947,161.61845,103.58057,106.05665,167.84709,137.68466,29.945295,72.04564,151.86247,138.91672,98.668465,
7870,162.68648,160.09717,104.3808,107.02136,166.6742,138.43645,29.121473,73.23095,151.86555,139.92581,98.5664,
7890,163.6317,158.7378,105.92933,107.77431,165.7826,139.18626,28.33872,72.63948,151.80368,140.76468,98.50831,
7912,164.9582,157.45215,107.56213,108.65051,164.65944,139.97162,27.487232,70.06305,151.67094,141.79233,98.50389,
7935,166.51578,155.95262,107.299225,109.94213,162.95053,140.74329,26.631891,69.233604,151.31935,142.98645,98.38328,
7955,167.60176,154.37332,106.10738,111.37906,160.9737,141.45508,25.911476,69.924,150.61974,143.8615,97.974724,
7976,167.95137,152.87323,106.15025,112.622986,159.2615,142.15479,25.408106,70.66315,149.58977,144.0544,97.43382,
7997,167.94807,151.5693,105.887856,113.638435,158.03624,142.88016,25.044273,71.13666,148.40474,143.59302,96.84568,
8019,167.72801,150.4425,105.72624,114.515114,157.10907,143.5191,24.614302,71.698425,147.36166,143.05028,96.4391,
8041,167.63899,149.43085,104.792076,115.245735,156.50737,144.09651,24.22515,72.94857,146.4651,142.5292,96.06614,
8061,166.6392,148.36765,104.1538,115.86886,156.15028,144.56618,23.724178,73.16969,145.63504,141.81442,95.76604,
8083,165.0612,147.25858,103.48819,116.361,156.21098,144.95213,23.197226,73.22529,144.63818,140.75174,95.41888,
8104,164.12265,146.16219,102.00074,116.65707,156.57413,145.28177,22.719246,74.52847,143.51483,139.50027,94.96181,
8126,163.03273,145.24084,101.28647,116.79766,157.1256,145.6203,22.214327,75.93296,142.33728,138.15137,94.43461,
8148,161.70782,144.48036,101.07656,116.95052,157.52905,146.01555,21.616163,76.810135,141.27386,136.84428,94.00989,
8170,160.06215,143.7523,101.109924,117.21972,157.71764,146.43733,20.988432,77.09373,140.38275,135.67403,93.67295,
8190,158.31795,143.01082,101.16535,117.498215,157.83014,146.84732,20.392548,77.03058,139.44987,134.59764,93.31073,
8211,156.2825,142.22374,101.066055,117.648926,157.90715,147.21124,19.917591,77.1831,138.50642,133.60623,92.99082,
8233,154.34901,141.47095,100.889015,117.70507,158.08691,147.61674,19.474222,77.56603,137.50615,132.49915,92.65594,
8254,152.49475,140.81139,100.45189,117.65914,158.25934,148.02281,19.188826,78.198296,136.57185,131.34384,92.308945,
8276,150.90497,140.20122,100.2264,117.65141,158.37718,148.49701,18.896345,78.49414,135.78638,130.27869,92.04761,
8298,149.41747,139.61302,100.575485,117.694725,158.36955,148.92798,18.615149,77.91559,135.16263,129.33716,91.86322,
8319,147.92885,139.07361,100.98065,117.70242,158.38438,149.34268,18.379128,77.16079,134.60951,128.42393,91.70455,
8340,146.38538,138.62173,100.8696,117.59325,158.52153,149.68382,18.177126,77.203415,134.11942,127.50569,91.51452,
8362,144.87012,138.27731,100.56521,117.31999,158.77014,149.9381,18.051622,77.597725,133.69795,126.5569,91.382195,
8384,143.5671,138.05025,100.35772,117.008835,159.05931,150.16357,17.97738,77.95989,133.34015,125.645454,91.276115,
8405,142.40034,137.90526,100.303246,116.66902,159.33345,150.36375,18.00215,78.053604,133.09563,124.790764,91.2096,
8426,141.39124,137.84662,100.442024,116.35293,159.59131,150.57591,18.023928,77.8805,132.85985,124.01736,91.20497,
8447,140.52757,137.82645,100.482895,116.09052,159.8082,150.6918,18.036804,77.66659,132.66171,123.34475,91.296936,
8469,139.74054,137.88573,100.523224,115.86691,160.06944,150.81877,18.091564,77.893425,132.42076,122.65798,91.41281,
8491,139.02556,138.00027,100.48216,115.70697,160.35138,150.92345,18.183615,78.418945,132.2706,122.00848,91.513695,
8513,138.44061,138.17476,100.317024,115.56693,160.58498,151.01819,18.373343,78.85692,132.20818,121.38751,91.668465,
8534,138.01706,138.38089,100.31545,115.429405,160.90034,151.07494,18.577345,78.98389,132.25441,120.78592,91.83778,
8555,137.58543,138.60599,100.40171,115.223175,161.23297,150.99394,18.797277,78.88659,132.36139,120.26849,92.03008,
8577,137.13931,138.93895,100.477425,114.94711,161.70657,150.9021,19.133276,78.77383,132.35527,119.81606,92.10482,
8598,136.75095,139.33743,100.4398,114.66482,162.12634,150.71353,19.33727,78.835434,132.39221,119.4869,92.24616,
8619,136.41495,139.78319,100.48529,114.46522,162.47275,150.505,19.589422,78.943085,132.45645,119.21944,92.334274,
8640,136.19159,140.20114,100.42853,114.444595,162.70763,150.26735,19.78699,78.94954,132.61075,119.08925,92.46025,
8662,136.04388,140.56238,100.47247,114.66719,162.75911,150.07649,19.956491,78.737495,132.65707,119.035194,92.54554,
8684,135.97932,140.856,100.76006,115.01239,162.75572,149.84583,19.975712,78.38699,132.57591,119.04038,92.62167,
8705,135.9738,141.16808,101.28511,115.325096,162.82748,149.53278,19.940285,78.085144,132.38072,119.104515,92.63265,
8726,135.98244,141.49834,101.57405,115.57735,162.9821,149.14844,19.931358,78.09967,132.19342,119.25017,92.59811,
8748,136.05896,141.80058,101.31316,115.870316,163.06154,148.81363,19.946981,78.69829,132.0172,119.52576,92.54292,
8770,136.131,142.08368,100.614685,116.23723,163.11699,148.45145,19.958271,79.38038,131.9548,119.87506,92.52332,
8791,136.24936,142.37682,99.90724,116.49949,163.18083,148.10875,19.987375,79.7683,132.02023,120.28538,92.48184,
8813,136.3874,142.68846,99.63134,116.57626,163.30893,147.8412,20.03789,79.678444,132.15186,120.70585,92.43686,
8834,136.5441,142.89064,100.05656,116.52776,163.45346,147.6864,20.095856,79.27851,132.24127,121.048096,92.3369,
8855,136.79414,143.01163,101.16961,116.38316,163.63464,147.5039,20.156855,78.84377,132.354,121.38624,92.28151,
8879,137.05083,143.17856,102.51856,116.164536,163.86815,147.21997,20.179707,78.355965,132.5656,121.73626,92.334206,
8898,137.3394,143.39995,103.54274,115.89182,164.14789,146.92635,20.221275,77.78666,132.90265,122.145905,92.41675,
8919,137.74025,143.69337,103.68469,115.64098,164.37955,146.67624,20.257,77.43511,133.31802,122.58147,92.56262,
8961,148.59167,144.85132,102.97135,115.004715,164.8228,146.05121,20.566797,77.84386,134.70432,123.58458,92.9519,
8983,150.19159,145.62927,102.90032,114.15873,165.02339,145.60884,20.847929,78.10044,136.3611,124.10172,93.16159,
9004,151.7157,146.42253,102.806114,112.34588,165.26167,145.12234,20.920519,78.32152,139.19562,124.59955,93.42687,
9035,153.20906,147.09941,102.492905,110.61477,165.50233,144.63142,20.885035,78.62922,141.66919,125.0756,93.763756,
9069,156.80301,149.85837,102.1905,107.186066,165.49802,143.59952,21.88565,78.36882,145.938,129.58075,94.67767,
9089,158.9977,151.62833,102.305855,106.92758,165.52415,143.13396,22.913305,78.05594,146.76262,129.9538,95.28309,
9110,161.4322,153.2331,102.396385,108.89758,164.8548,142.64189,23.963614,77.96865,146.81816,130.22986,95.92551,
9132,164.19789,154.76158,102.39658,112.772896,162.72908,141.90471,25.077814,78.20081,146.5299,130.22282,96.63756,
9152,167.17386,156.39796,102.42209,117.2866,158.71031,140.9559,26.409304,78.29581,146.16695,129.83311,97.528755,
9174,170.14557,157.97226,102.40185,121.04935,153.8749,139.60674,28.099573,77.95131,146.45732,129.23785,98.44609,
9195,172.4131,160.04219,102.19857,124.221146,149.19029,138.12209,29.913935,77.58907,146.85674,128.70148,99.309425,
9218,173.70038,162.22656,101.9411,124.70694,148.549,136.6604,31.510527,77.37149,147.33272,128.2972,99.976776,
9238,174.2369,164.19193,101.6576,122.935974,152.40932,135.46193,32.6212,77.0825,147.77061,127.975975,100.41559,
9260,174.32904,165.78021,101.43539,119.40007,160.25667,134.51598,33.213203,76.082115,148.08267,127.70741,100.34958,
9281,174.06776,166.8342,99.58203,114.82299,168.59718,133.75993,33.762962,76.53125,148.36874,127.51077,99.830826,
9302,173.70714,167.52965,97.7914,111.88526,169.73119,133.25198,34.460186,77.54209,148.49669,127.23025,99.032974,
9325,173.31586,168.25562,95.42357,110.47429,167.63792,132.82245,35.08827,78.083374,148.57733,126.936806,98.154785,
9346,172.81291,168.70456,96.51956,109.87702,165.37785,132.23895,35.11673,80.060875,148.65843,126.357254,97.46168,
9368,172.235,168.6166,97.95153,109.545616,163.03418,131.43494,34.495625,80.616646,148.82791,125.524956,96.89456,
9389,171.70445,168.13467,98.92512,109.38645,160.7359,130.66649,33.44399,78.39529,148.7693,124.517944,96.300095,
9411,171.58319,167.18718,97.99401,109.66177,158.98491,130.29996,32.5531,75.54828,148.27094,123.566765,95.63826,
9431,171.47618,165.8705,95.41881,110.114876,157.58025,130.1442,31.815382,75.346756,147.70842,122.6947,95.042336,
9454,171.44414,164.55937,96.613045,110.54182,156.02232,130.16096,30.9237,75.59369,147.10686,121.63904,94.514465,
9474,171.62973,163.42407,97.33192,111.05006,154.38985,130.16829,29.512236,76.01648,146.36037,120.41567,94.12972,
9496,172.0161,162.55046,97.889206,111.51955,153.01938,130.30283,27.85924,76.14592,145.25421,119.022995,93.71094,
9517,172.48665,161.72162,97.64564,111.573555,151.61307,130.58688,26.498592,76.97513,144.08485,117.4071,93.171326,
9538,172.7825,160.9145,92.62337,111.13558,150.10802,130.87688,25.366573,78.443695,142.93913,115.677315,92.54815,
9582,171.43884,159.31058,96.81048,110.43217,147.15292,131.50201,23.077488,77.22406,139.57637,111.92714,91.0195,
9602,170.00763,159.05774,98.60418,109.85717,145.51637,131.89853,21.88182,74.848076,137.6902,109.63746,90.390305,
9624,168.10661,158.71146,98.91628,109.22301,143.89651,132.21272,20.65298,72.47936,135.73386,107.09234,90.17245,
9645,165.39859,158.39285,98.73117,108.75208,142.16858,132.46075,19.694553,71.33785,133.69496,104.24765,90.2372,
9666,161.92613,158.67465,98.672485,107.91631,140.189,132.88902,19.77177,70.28758,131.81136,101.13892,89.92353,
9688,157.86914,159.28807,98.38156,106.34221,137.62346,133.52933,20.858194,67.98139,129.85321,97.52246,89.15004,
9710,153.90665,159.905,97.69037,104.40186,134.55214,134.30833,23.089725,64.270775,127.59042,93.564415,88.33235,
9731,150.27815,160.47833,95.78919,101.8863,131.21495,135.15317,26.539413,61.028366,125.47056,89.56408,87.71782,
9752,147.03224,161.10408,93.344864,98.65727,127.721855,136.11319,30.907469,60.397396,123.47357,85.66891,86.999985,
9774,144.03757,161.35924,91.413,94.85226,123.99998,137.2918,35.798943,62.758984,121.200356,81.63433,86.356544,
9795,140.71376,160.80974,89.2981,91.14709,120.4887,138.77014,41.07847,63.889683,118.33122,77.17312,85.85459,
9816,137.1537,160.04015,85.88291,87.957,117.70915,140.61906,46.469784,62.596058,114.96387,72.57186,85.332184,
9838,133.87067,159.1959,84.06157,85.19768,115.56535,142.7703,51.680325,62.841366,111.529434,68.48806,84.71578,
9860,131.04608,158.43369,84.23068,82.63587,114.32175,144.89215,56.98222,63.936214,107.99366,64.87572,84.40913,
9880,128.49411,157.94095,83.63839,79.683174,113.897514,146.6328,62.965595,63.03554,104.47074,61.49949,84.18049,
9902,126.668144,157.54959,84.37974,75.73816,114.20709,148.04742,69.27125,64.90011,101.17661,58.669956,83.74694,
9924,125.60159,157.30293,84.81052,71.4134,115.00682,148.64862,75.18586,67.86,98.005714,56.435326,82.963585,
9945,125.53574,156.8713,82.09717,67.26844,115.78678,148.50545,80.72508,66.897095,95.051926,54.62998,81.67698,
9967,126.22587,156.1344,77.96746,62.803707,115.69585,147.9834,86.015884,64.67035,92.84067,52.885563,79.76329,
9988,127.303024,155.51137,77.56895,57.85657,114.527916,146.98102,90.74693,67.84643,91.385124,50.907776,77.75442,
10010,128.0692,155.80992,76.274284,52.781185,112.07576,145.05232,94.37999,70.85216,90.34954,47.90852,76.25294,
10031,127.11099,157.16158,73.767624,47.630257,108.16907,141.87236,96.99489,73.060356,89.47704,43.188614,75.49322,
10052,124.01928,159.21268,73.27175,42.13953,102.036736,137.87686,99.129005,75.8464,88.63519,37.15142,75.20558,
10075,119.33517,160.70389,76.30922,36.100452,93.933014,133.72607,101.81608,79.73059,87.5841,32.170467,75.51933,
10095,113.505585,160.18964,80.19351,29.635084,85.614426,129.81366,105.68413,82.8001,86.16597,32.08061,75.97167,
10117,106.885704,156.9552,84.49113,22.749292,78.4215,126.36927,111.19981,85.74464,84.07441,38.34715,76.04871,
10138,99.064705,151.30486,87.45568,15.332594,74.20324,123.54278,118.40821,86.998924,80.42309,49.202915,76.10158,
10160,89.09741,143.2883,89.96103,8.287118,73.455246,121.32806,127.776,88.00514,74.984764,61.10502,76.355865,
10181,77.456314,133.1115,92.120865,8.548906,76.63384,119.46796,138.72487,89.24651,68.81105,71.76877,76.49789,
10202,67.45464,121.09354,91.96983,18.019258,80.844955,117.94536,149.99184,91.37139,63.23571,75.67602,76.08884,
10223,62.094887,107.811165,90.95494,31.347279,88.66694,116.06028,159.28983,93.80891,59.549324,76.145454,75.82688,
10246,62.198414,94.28263,93.44384,47.112625,102.11598,112.803024,158.73694,98.49137,59.2734,69.58531,75.556366,
10266,67.81784,81.07435,100.72965,63.557087,110.42415,107.7761,147.01913,108.04713,62.467606,50.884098,75.129074,
10288,74.66673,69.307785,107.82974,79.5229,101.35117,100.91936,132.5046,121.36496,67.76967,37.468456,74.72316,
10310,80.43508,60.2057,104.89649,92.410126,92.36202,92.75008,118.34812,139.51231,71.65822,66.124245,74.689766,
10332,87.87569,55.044037,85.329605,102.1756,100.99239,84.213936,105.9348,157.27344,73.45006,105.3567,75.70881,
10352,92.296196,52.35031,58.525917,103.94995,116.257835,75.39288,97.275246,154.16693,75.29111,127.77388,78.310585,
10375,91.78898,55.25037,49.469048,97.49991,123.80472,65.77703,93.61592,131.37202,71.51316,144.7802,83.08286,
10396,82.16114,62.23053,60.23894,85.473946,138.30934,55.95323,88.70095,106.61586,61.66059,156.07866,87.91765,
10416,89.545555,74.41872,75.58127,64.22418,154.07921,51.326088,86.277336,88.331604,69.01751,154.23514,92.547745,
10438,101.830444,93.09742,90.79885,50.14743,169.32628,55.658955,81.26987,77.39378,96.997345,148.50609,95.26071,
10459,113.47501,96.61536,101.190445,65.00128,166.73532,66.11944,66.17671,72.46942,118.56226,138.17946,92.58196,
10481,126.951775,92.49048,102.16427,70.89959,151.68379,78.67434,54.626034,75.775795,128.194,125.550125,81.23929,
10502,134.75136,72.57039,98.48728,62.385555,146.62003,88.35104,49.8458,82.63631,133.18402,114.15199,65.886986,
10523,126.058975,55.808743,81.5938,47.43164,150.32472,89.12834,51.431564,98.63157,127.89369,106.1269,70.348885,
10546,108.91817,49.044765,61.137985,37.139523,157.1756,86.602806,54.08173,111.52018,123.42385,99.62967,101.30622,
10567,90.7955,69.10041,44.457054,46.08691,139.01224,84.157265,56.70521,120.29764,116.26431,94.09104,128.78076,
10608,93.05523,97.02471,49.309807,97.226006,124.875534,138.51071,38.655964,51.481377,135.38776,116.96314,153.63788,
10630,113.94992,111.0651,48.466427,96.28814,132.4636,153.78851,16.43144,78.73555,161.67435,144.97278,147.69083,
10652,124.05984,122.70943,49.781864,91.88839,128.02103,137.57785,23.06746,109.8781,147.03966,147.70178,119.82272,
10673,129.07779,136.42088,52.402885,95.46944,118.23627,137.65169,34.794502,122.52107,132.21384,136.05093,106.40979,
10694,128.82239,134.11911,53.9674,99.41781,110.361626,144.85304,32.251167,116.729805,132.02177,135.07967,108.89664,
10715,126.779274,131.25671,53.508537,97.074905,107.89546,149.09863,29.310272,109.80111,132.22417,133.41756,110.88096,
10738,124.892975,136.69554,52.09773,94.717064,106.3074,151.26819,34.712307,106.57719,126.99542,126.2177,108.120895,
10758,124.36324,144.41359,51.126858,97.35805,101.95671,154.35406,44.3981,103.203384,120.3566,117.62052,105.351814,
10780,123.752,148.06673,50.694744,101.350845,96.67439,154.74268,52.60391,100.623314,118.20869,112.719376,104.11783,
10802,123.62086,148.72151,50.40897,103.52424,94.43398,157.05525,53.722885,96.7061,123.99347,114.473656,107.874794,
10824,124.020805,149.73694,49.68905,102.91131,95.19125,160.25102,52.940525,92.33317,131.07959,117.08721,113.64437,
10844,124.5166,152.19348,48.72186,102.301765,96.57078,163.25386,54.37962,88.46855,134.8142,116.49412,118.77151,
10866,124.93998,153.63625,47.503525,103.77239,96.37359,165.10063,57.454308,86.82429,136.04794,114.01909,121.542366,
10888,126.2546,152.41042,46.54828,106.471245,94.28749,166.74194,59.392555,86.127304,137.3127,112.143585,123.5481,
10908,128.52843,149.42386,45.750046,108.56868,94.72559,168.77457,59.529694,85.531654,138.84102,111.23929,125.81849,
10930,131.47592,146.25458,45.381798,109.62586,97.84501,172.10767,59.826527,84.391685,138.57428,109.26259,127.31991,
10952,134.60077,143.39542,45.02677,109.640594,102.46435,176.22104,61.611336,83.517105,135.8088,105.538345,126.95087,
10973,137.50177,140.90828,44.423073,109.16351,106.68273,178.38844,62.871494,84.02352,133.1928,102.7108,126.16015,
10995,140.32852,138.70363,44.033016,108.75489,109.570854,178.96825,62.971886,84.9285,131.6135,101.22172,125.87793,
11015,143.61078,136.86942,44.13959,108.71787,111.632744,178.55775,62.990948,85.34978,129.92769,99.767815,125.251564,
11038,146.34299,135.5827,44.667385,108.42548,113.82435,176.82448,63.10834,85.517815,128.13486,98.199326,123.93215,
11058,146.22285,135.03648,44.958736,107.49659,116.08435,175.1278,63.347614,85.98574,126.34829,96.67966,121.82075,
11081,144.09407,135.48705,44.557747,105.75456,118.07748,173.74443,63.681946,86.547035,124.84207,95.70461,119.507256,
11102,141.66742,136.761,43.648056,103.91888,119.78116,172.93027,63.94866,86.950615,123.75123,95.291885,117.381645,
11124,141.29323,138.23172,43.197994,102.131096,121.679596,171.7537,64.44806,87.10771,122.79068,95.05616,115.16733,
11144,143.46365,139.43204,43.532833,100.83014,123.12988,170.32426,64.87441,87.20289,122.177574,95.40272,112.96624,
11167,146.4299,140.73547,43.931587,99.89915,124.1854,169.36443,65.09156,86.9948,121.664955,96.04286,111.00604,
11187,149.5339,142.38686,44.166466,98.96908,125.49118,168.89323,65.02876,86.20428,121.60275,96.59194,109.53507,
11209,152.8349,144.47876,44.596558,97.67988,127.63063,168.80005,64.81689,84.47282,121.89036,96.75319,108.594826,
11231,155.23445,146.73328,45.416798,96.6548,129.78381,168.83594,64.73386,81.95732,122.18518,96.87419,107.62681,
11252,156.99162,148.89436,46.73747,96.08235,131.73811,168.77911,64.29483,78.626564,122.946396,97.5117,106.691444,
11273,157.52194,150.38707,47.93234,95.59234,133.46198,167.3365,63.807648,74.98504,124.02412,98.47456,105.69018,
11294,156.31749,151.44153,48.5932,95.202614,135.08989,164.35416,62.99141,71.11009,124.82518,99.36129,105.07261,
11317,154.3318,153.19116,47.47804,94.949524,136.84871,161.42542,61.696484,68.2216,125.38012,100.36518,105.02612,
11337,152.16356,155.30283,45.86179,95.36872,138.95067,159.28236,60.258442,65.24429,125.787025,100.82352,104.99086,
11359,150.9095,156.95631,41.075478,96.30814,140.80432,158.69176,58.784645,65.319725,126.56903,101.122314,105.13526,
11380,148.89827,158.0637,33.66021,97.54636,141.89865,158.62318,56.97793,67.59256,127.88289,101.71095,105.61642,
11402,146.10747,159.45413,25.750751,99.48896,142.39395,158.88805,55.182457,70.221664,129.00876,102.02874,105.913445,
11423,143.22906,161.55908,17.186996,101.8699,143.37247,159.96217,53.618443,73.85367,129.72612,101.75663,105.45825,
11445,140.03258,164.85185,13.435027,104.70806,144.56836,160.53807,51.551163,78.15054,130.0868,102.3684,104.80646,
11466,139.762,167.80023,11.623238,108.42636,146.34482,160.50139,48.750393,82.80211,130.41122,103.85267,104.37784,
11487,140.86531,168.76178,12.719105,112.786964,148.53888,160.84695,46.28543,86.56491,130.35245,104.96724,104.03302,
11509,140.25642,168.05186,16.078117,116.84577,150.9911,160.93648,44.39126,90.7672,130.56157,105.80299,103.80255,
11530,137.89172,166.69083,20.536467,120.128815,152.4784,160.52309,42.539795,95.62469,130.50562,106.70543,103.6516,
11552,134.26839,164.69788,26.013964,122.63681,152.10995,159.96129,40.351547,98.98921,130.68747,107.81509,103.474525,
11574,132.66133,162.58153,29.683311,124.36888,150.41112,159.25734,38.00831,101.63056,131.34058,108.67784,102.91114,
11594,132.28008,159.69199,31.47721,125.386536,146.4281,158.42366,35.891,103.48721,132.24927,110.19393,102.2761,
11617,133.23494,156.29947,33.943165,126.16759,140.34277,158.27524,34.64746,105.30839,133.07034,113.18702,102.01449,
11638,136.17029,153.06989,36.885506,127.25142,133.12108,159.17386,34.941673,106.7725,133.01962,117.23557,101.88745,
11660,140.63655,151.30742,38.89592,128.0422,125.85661,160.60031,37.103527,107.77153,132.63022,119.659355,101.2527,
11680,145.08676,150.11107,38.967262,127.67559,121.20872,160.99706,39.491726,108.155556,132.49403,119.93405,101.08488,
11702,149.83557,148.88672,37.373577,127.13792,117.928825,160.05783,41.32039,107.56117,132.5941,119.64162,101.3351,
11744,158.0951,149.26924,36.062073,120.23786,116.9069,141.71574,37.296146,109.57588,149.48189,135.16861,109.54733,
11766,162.10721,152.47255,36.634895,114.14893,119.74323,138.7157,37.688774,107.53522,151.64912,135.34868,110.43779,
11786,166.297,154.79727,36.67408,108.23765,124.03936,137.132,37.763393,105.57454,152.96187,135.2411,111.199234,
11809,170.32594,156.47433,35.67664,103.5783,128.9465,136.45634,38.49479,104.44013,153.36888,135.1487,111.825676,
11830,174.57082,156.10495,33.934704,98.90924,133.88184,135.05832,40.138893,104.05445,154.13034,135.08278,113.101265,
11850,177.61516,155.38145,31.805899,94.854355,138.56583,133.32886,41.64015,104.00363,154.64021,134.7156,115.35674,
11873,176.17581,155.23616,30.159616,91.952225,143.09831,130.67078,42.31982,104.214455,154.46565,134.07301,117.80326,
11894,175.38081,155.48595,29.513496,91.13644,146.73035,129.83803,42.252995,104.394394,153.55106,132.90695,118.77189,
11916,174.94913,154.43901,29.66423,88.47523,151.45888,130.4366,41.278637,104.321915,152.45786,131.23038,118.37036,
11936,173.81851,152.88638,30.449318,86.026184,154.72823,131.49149,39.548073,103.75202,151.69418,128.68936,118.12813,
11959,172.564,152.70844,31.383825,84.15804,155.46379,131.11983,37.25294,102.73866,151.17097,125.54085,118.46203,
11980,171.8164,153.16737,32.163868,83.60837,154.7058,129.29749,34.822514,101.20424,150.56558,122.448875,118.5809,
12001,171.40692,153.52023,32.523163,83.27046,154.13388,127.37693,32.77726,99.4025,149.50803,119.73068,118.18143,
12023,171.27649,153.86102,32.235622,82.99701,154.05003,125.86081,30.746172,97.5771,148.06117,117.68063,117.890396,
12043,171.13727,154.44038,31.56109,83.26422,153.7408,124.71008,28.512583,95.76054,146.03055,116.17569,118.212654,
12066,170.79291,154.86931,30.379354,84.59608,153.1295,124.232376,26.603857,94.21465,143.33752,114.82619,118.76703,
12086,169.76343,154.73448,28.731253,86.488625,152.45258,124.10136,24.703407,92.88755,140.76884,113.661194,119.226135,
12109,168.52515,154.0187,26.91583,88.44274,151.8193,123.81754,22.740185,91.81945,138.61227,112.61804,119.44558,
12130,167.51352,153.06041,25.341768,90.03512,151.28493,123.20643,20.623089,91.15064,137.07962,111.56286,119.34512,
12151,166.63753,152.22496,24.020153,91.000656,151.17029,122.2074,18.301035,90.70531,135.91777,110.35903,118.79691,
12172,165.78807,152.46368,23.030445,90.974365,151.33711,121.01148,15.811812,90.32751,134.95247,108.971146,117.425415,
12193,164.17827,153.32211,22.19998,90.13737,151.52022,120.06377,13.101975,90.11651,134.01144,107.32678,115.824005,
12215,161.71054,153.92427,21.324928,88.636986,151.23169,118.92472,10.074819,90.30842,133.26495,105.81254,114.64232,
12237,158.80257,154.18552,20.320564,87.00913,150.22055,117.53524,6.785153,90.72348,132.536,104.60577,113.934044,
12273,155.64656,153.7944,19.358194,85.92983,148.8872,116.05581,3.7768316,91.35922,131.56914,103.73012,113.69933,
