A0,A1,A2,A3,B0,B1,B2,B3,C0,C1,C2,C3,D0,D1,D2,D3,E0,E1,E2,E3,F0,F1,F2,F3,G0,G1,G2,G3,H0,H1,H2,H3,I0,I1,I2,I3,J0,J1,J2,J3,K0,K1,K2,K3,L0,L1,L2,L3
-0.7133789,0.43121338,0.5510864,-0.037719727,-0.30169678,-0.19488525,0.49346924,-0.7921753,-0.26843262,0.039916992,-0.7056885,0.654541,0.78448486,-0.32019043,0.3583374,-0.39196777,-0.24957275,0.9614258,-0.02142334,-0.11364746,-0.4290161,0.23596191,-0.64801025,0.583374,-0.048034668,0.8540039,0.4960327,-0.14904785,0.10058594,0.15063477,0.79833984,-0.5742798,-0.16442871,-0.9794922,0.022460938,-0.11431885,0.14202881,0.0,-2.4414062E-4,1.2207031E-4,0.8574829,-0.24053955,-0.27111816,-0.36523438,0.67974854,-0.07006836,0.20404053,0.70092773
-0.71398926,0.43206787,0.5496826,-0.036376953,-0.3027954,-0.1940918,0.4934082,-0.7919922,-0.2678833,0.039123535,-0.7050171,0.6555176,0.7840576,-0.32055664,0.35888672,-0.39196777,-0.24938965,0.9614868,-0.022644043,-0.112976074,-0.4277954,0.23529053,-0.649353,0.5831299,-0.047912598,0.8543701,0.49536133,-0.14935303,0.099731445,0.1519165,0.7988281,-0.5734253,-0.16320801,-0.9797363,0.02368164,-0.11376953,0.14239502,0.0,-2.4414062E-4,1.2207031E-4,0.8569946,-0.2411499,-0.27111816,-0.36590576,0.6800537,-0.070129395,0.20507812,0.7003174
-0.71520996,0.43328857,0.5472412,-0.03503418,-0.3040161,-0.1928711,0.493042,-0.7920532,-0.2672119,0.038085938,-0.70477295,0.6560669,0.7841797,-0.32104492,0.35894775,-0.3912964,-0.24884033,0.9616699,-0.023986816,-0.11230469,-0.42669678,0.2345581,-0.65045166,0.5829468,-0.047607422,0.85479736,0.4946289,-0.14953613,0.09875488,0.15325928,0.7994385,-0.5723877,-0.16210938,-0.97998047,0.024780273,-0.11328125,0.14282227,0.0,-3.0517578E-4,1.2207031E-4,0.8564453,-0.24188232,-0.2713623,-0.3665161,0.6801758,-0.070129395,0.20617676,0.69989014
-0.71624756,0.4345703,0.5449219,-0.034240723,-0.30517578,-0.190979,0.4923706,-0.79248047,-0.2664795,0.036865234,-0.70513916,0.6560669,0.78497314,-0.3215332,0.35839844,-0.38989258,-0.2479248,0.9619751,-0.025390625,-0.111694336,-0.42596436,0.23400879,-0.6513672,0.5827637,-0.04736328,0.85528564,0.4937744,-0.14953613,0.097839355,0.15454102,0.79992676,-0.5715332,-0.16082764,-0.9802246,0.0256958,-0.112854004,0.14331055,1.2207031E-4,-4.272461E-4,6.1035156E-5,0.855896,-0.24279785,-0.27166748,-0.3670044,0.68011475,-0.07019043,0.20697021,0.69970703
-0.7167969,0.43566895,0.54333496,-0.033935547,-0.30596924,-0.18896484,0.49206543,-0.7928467,-0.26568604,0.035705566,-0.7057495,0.6557617,0.7861328,-0.32165527,0.35742188,-0.3883667,-0.24713135,0.9621582,-0.026733398,-0.11126709,-0.42559814,0.23352051,-0.6520386,0.58239746,-0.046936035,0.85595703,0.49279785,-0.14923096,0.097229004,0.15563965,0.80041504,-0.5706177,-0.1595459,-0.9804077,0.026367188,-0.11260986,0.14404297,6.1035156E-5,-4.272461E-4,6.1035156E-5,0.8553467,-0.24383545,-0.2720337,-0.36730957,0.6798096,-0.070129395,0.20721436,0.6999512
-0.71691895,0.43670654,0.5423584,-0.034057617,-0.30645752,-0.18743896,0.49212646,-0.79296875,-0.26489258,0.03491211,-0.70648193,0.6553345,0.7874756,-0.32141113,0.3562622,-0.3867798,-0.24639893,0.9623413,-0.028015137,-0.11102295,-0.42578125,0.2331543,-0.6524658,0.5819702,-0.046203613,0.8567505,0.49163818,-0.14855957,0.09686279,0.15667725,0.8010254,-0.56951904,-0.15856934,-0.9805908,0.026733398,-0.11260986,0.14459229,6.1035156E-5,-4.272461E-4,0.0,0.85498047,-0.24456787,-0.27233887,-0.36743164,0.67926025,-0.070129395,0.20690918,0.7005615
-0.71698,0.4376831,0.5414429,-0.034301758,-0.3067627,-0.18603516,0.4925537,-0.7929077,-0.2642212,0.034484863,-0.7074585,0.65460205,0.7889404,-0.321167,0.35516357,-0.38500977,-0.2456665,0.9625244,-0.029052734,-0.11114502,-0.42663574,0.23278809,-0.6522827,0.581604,-0.045410156,0.857666,0.49035645,-0.14776611,0.09674072,0.15740967,0.8015137,-0.5687256,-0.15814209,-0.9805908,0.026550293,-0.112854004,0.1449585,1.2207031E-4,-3.6621094E-4,0.0,0.8547363,-0.2453003,-0.272583,-0.36730957,0.6784668,-0.07019043,0.2064209,0.70147705
-0.71728516,0.4383545,0.54052734,-0.034729004,-0.30688477,-0.18469238,0.4928589,-0.79296875,-0.2637329,0.034851074,-0.7089844,0.6531372,0.7904663,-0.32092285,0.35412598,-0.38305664,-0.24487305,0.96258545,-0.029907227,-0.11175537,-0.42791748,0.23248291,-0.6516113,0.581604,-0.04473877,0.8585205,0.48913574,-0.14691162,0.09692383,0.15765381,0.8016968,-0.5683594,-0.15838623,-0.9805298,0.026000977,-0.113342285,0.14508057,1.8310547E-4,-3.6621094E-4,-6.1035156E-5,0.85461426,-0.24597168,-0.27282715,-0.3670044,0.67749023,-0.070251465,0.20562744,0.7026367
-0.7177124,0.4387207,0.5396118,-0.035217285,-0.30682373,-0.18334961,0.49298096,-0.7932739,-0.26342773,0.036010742,-0.7108154,0.6512451,0.7920532,-0.3206787,0.35321045,-0.38079834,-0.24450684,0.96258545,-0.030273438,-0.11273193,-0.42956543,0.23254395,-0.65057373,0.58154297,-0.043945312,0.859375,0.48797607,-0.14611816,0.097473145,0.15734863,0.80163574,-0.5684204,-0.15887451,-0.9804077,0.025024414,-0.11407471,0.14501953,1.8310547E-4,-2.4414062E-4,-6.1035156E-5,0.8546753,-0.24621582,-0.27313232,-0.3665161,0.6762085,-0.0703125,0.20477295,0.70410156
-0.7180176,0.43865967,0.5391846,-0.0357666,-0.30651855,-0.18225098,0.49267578,-0.79382324,-0.26330566,0.037353516,-0.71209717,0.6497803,0.7937012,-0.3203125,0.35247803,-0.37835693,-0.24475098,0.96240234,-0.030151367,-0.1138916,-0.43145752,0.23297119,-0.649353,0.5812988,-0.04296875,0.8601074,0.48706055,-0.14538574,0.09844971,0.15655518,0.8013916,-0.56884766,-0.1593628,-0.98028564,0.023620605,-0.1149292,0.14465332,1.2207031E-4,-6.1035156E-5,-1.2207031E-4,0.8548584,-0.24609375,-0.2734375,-0.36584473,0.6748047,-0.07019043,0.20379639,0.7057495
-0.7180176,0.43811035,0.5396118,-0.03643799,-0.3060913,-0.18188477,0.49230957,-0.7943115,-0.26361084,0.03881836,-0.71276855,0.6488037,0.7953491,-0.32006836,0.35168457,-0.3758545,-0.24536133,0.96209717,-0.02960205,-0.115112305,-0.4335327,0.23358154,-0.64819336,0.5808716,-0.042053223,0.8605957,0.48638916,-0.14477539,0.09979248,0.15545654,0.8012085,-0.56915283,-0.15997314,-0.98010254,0.021850586,-0.11590576,0.14398193,6.1035156E-5,1.2207031E-4,-1.2207031E-4,0.8552246,-0.24572754,-0.2738037,-0.3651123,0.6732178,-0.070007324,0.2029419,0.70758057
-0.7178955,0.43719482,0.5404663,-0.037353516,-0.3053589,-0.18237305,0.49194336,-0.79467773,-0.26446533,0.04034424,-0.71295166,0.64819336,0.79693604,-0.32000732,0.35101318,-0.37322998,-0.24621582,0.961792,-0.028442383,-0.11633301,-0.43579102,0.23431396,-0.6468506,0.58026123,-0.041503906,0.86083984,0.48602295,-0.14459229,0.10144043,0.15405273,0.80096436,-0.56951904,-0.1607666,-0.9798584,0.01977539,-0.11706543,0.1430664,6.1035156E-5,2.4414062E-4,-1.8310547E-4,0.85565186,-0.24499512,-0.27416992,-0.3642578,0.67144775,-0.069885254,0.20214844,0.70947266
-0.7177124,0.43597412,0.541626,-0.038391113,-0.30438232,-0.18322754,0.4915161,-0.795105,-0.26568604,0.041992188,-0.71295166,0.647583,0.79833984,-0.3203125,0.3503418,-0.37054443,-0.2467041,0.96154785,-0.026916504,-0.117614746,-0.4383545,0.23535156,-0.64538574,0.57958984,-0.04156494,0.8607788,0.48608398,-0.14483643,0.103393555,0.15246582,0.8007202,-0.5700073,-0.1618042,-0.97961426,0.017578125,-0.1182251,0.14190674,6.1035156E-5,3.0517578E-4,-2.4414062E-4,0.8562622,-0.24407959,-0.27459717,-0.3632202,0.6696167,-0.06982422,0.20153809,0.71136475
-0.71777344,0.43450928,0.5426636,-0.039611816,-0.30322266,-0.18444824,0.4909668,-0.79559326,-0.26715088,0.0435791,-0.7126465,0.6472168,0.79956055,-0.32080078,0.34979248,-0.36791992,-0.24731445,0.9612427,-0.025024414,-0.119140625,-0.440979,0.23669434,-0.6437988,0.5787964,-0.041992188,0.86035156,0.48657227,-0.14550781,0.105529785,0.15057373,0.800354,-0.5706177,-0.16259766,-0.9793701,0.015136719,-0.1194458,0.14056396,1.2207031E-4,4.272461E-4,-2.4414062E-4,0.8569946,-0.24291992,-0.2748413,-0.3619995,0.6677246,-0.069885254,0.2010498,0.71325684
-0.7178955,0.43286133,0.54364014,-0.041137695,-0.30194092,-0.18560791,0.4901123,-0.7963867,-0.26898193,0.045166016,-0.71203613,0.6470337,0.80078125,-0.32110596,0.34936523,-0.36535645,-0.24804688,0.9609375,-0.022827148,-0.120666504,-0.44354248,0.23815918,-0.642395,0.5778198,-0.042236328,0.85961914,0.48760986,-0.14624023,0.10784912,0.14849854,0.8000488,-0.571167,-0.1630249,-0.979187,0.012573242,-0.12054443,0.13891602,1.2207031E-4,4.8828125E-4,-2.4414062E-4,0.8578491,-0.24169922,-0.2750244,-0.36065674,0.6660156,-0.06982422,0.20056152,0.71502686
-0.7180786,0.43103027,0.54473877,-0.04296875,-0.30047607,-0.18676758,0.4890747,-0.79730225,-0.27111816,0.046875,-0.7112427,0.6468506,0.8017578,-0.32141113,0.3493042,-0.3630371,-0.2489624,0.9605713,-0.020446777,-0.12219238,-0.44592285,0.2397461,-0.64123535,0.5765991,-0.042419434,0.8587036,0.48901367,-0.14715576,0.11010742,0.14648438,0.7999878,-0.5713501,-0.16320801,-0.97906494,0.010131836,-0.1217041,0.13708496,1.2207031E-4,6.1035156E-4,-2.4414062E-4,0.85876465,-0.24047852,-0.27520752,-0.35913086,0.6643677,-0.06958008,0.20043945,0.71661377
-0.7182007,0.42895508,0.5460205,-0.04498291,-0.29882812,-0.18798828,0.48797607,-0.7982788,-0.27337646,0.048583984,-0.7105713,0.6465454,0.8024292,-0.32177734,0.34973145,-0.36090088,-0.24969482,0.9602051,-0.017944336,-0.12365723,-0.4482422,0.24121094,-0.6402588,0.5753174,-0.042663574,0.85754395,0.49072266,-0.14819336,0.11236572,0.14453125,0.7999878,-0.57141113,-0.16351318,-0.97888184,0.0078125,-0.122802734,0.13513184,1.8310547E-4,6.1035156E-4,-3.0517578E-4,0.8597412,-0.23913574,-0.27539062,-0.35754395,0.6627197,-0.06915283,0.2008667,0.7180176
-0.7184448,0.42681885,0.5472412,-0.04675293,-0.296875,-0.18945312,0.48687744,-0.7993164,-0.2756958,0.05041504,-0.710022,0.6459961,0.8027344,-0.32244873,0.35064697,-0.35876465,-0.25,0.960022,-0.015380859,-0.12506104,-0.45037842,0.24255371,-0.63934326,0.5740967,-0.04321289,0.8562622,0.4925537,-0.14935303,0.11444092,0.1427002,0.79992676,-0.57147217,-0.16339111,-0.97875977,0.005859375,-0.12390137,0.13330078,1.8310547E-4,6.1035156E-4,-3.0517578E-4,0.8607178,-0.23773193,-0.27563477,-0.355896,0.6610718,-0.068603516,0.2020874,0.7192383
-0.71881104,0.42474365,0.5482178,-0.04852295,-0.29492188,-0.190979,0.48571777,-0.80041504,-0.2779541,0.05218506,-0.7095947,0.64538574,0.8023071,-0.32391357,0.35247803,-0.35656738,-0.25,0.95983887,-0.012817383,-0.12646484,-0.4522705,0.24383545,-0.6386719,0.57281494,-0.043762207,0.8548584,0.4946289,-0.1505127,0.11651611,0.14111328,0.7999878,-0.57141113,-0.16290283,-0.97875977,0.0041503906,-0.12487793,-6.1035156E-5,-6.1035156E-5,-6.1035156E-5,-6.1035156E-5,0.8616333,-0.23651123,-0.2758789,-0.35430908,0.6593628,-0.06781006,0.20489502,0.7200928
-0.7194214,0.42285156,0.54870605,-0.050231934,-0.29296875,-0.19226074,0.4845581,-0.8015137,-0.28015137,0.053833008,-0.70910645,0.6448364,0.8009033,-0.32635498,0.35559082,-0.35430908,-0.25012207,0.95965576,-0.010375977,-0.12774658,-0.4539795,0.24487305,-0.6385498,0.571167,-0.043762207,0.8533325,0.49682617,-0.15148926,0.11853027,0.13995361,0.80023193,-0.5709839,-0.16149902,-0.97888184,0.0028076172,-0.12573242,-3.0517578E-4,0.19042969,0.34649658,-0.32489014,0.8624878,-0.23565674,-0.27593994,-0.3527832,0.6575928,-0.06665039,0.20910645,0.7206421
-0.7203369,0.42132568,0.548584,-0.051879883,-0.2911377,-0.1932373,0.48321533,-0.8027954,-0.28216553,0.05529785,-0.70874023,0.6442261,0.79907227,-0.32861328,0.35968018,-0.3522339,-0.25006104,0.9595337,-0.008239746,-0.12902832,-0.4552002,0.24584961,-0.6392212,0.56903076,-0.043518066,0.8519287,0.49908447,-0.15240479,0.12054443,0.13928223,0.8008423,-0.5698242,-0.15930176,-0.979126,0.0018310547,-0.12652588,-2.4414062E-4,0.18511963,0.3466797,-0.32641602,0.86328125,-0.23498535,-0.276062,-0.3511963,0.65582275,-0.06555176,0.2130127,0.7211914
-0.7213135,0.4199829,0.54815674,-0.053771973,-0.28955078,-0.19342041,0.48187256,-0.80407715,-0.2841797,0.05633545,-0.70861816,0.6433716,0.7973633,-0.33081055,0.36297607,-0.350708,-0.24957275,0.9595337,-0.0064086914,-0.1303711,-0.45599365,0.24707031,-0.6409912,0.56585693,-0.04333496,0.8505249,0.50115967,-0.15338135,0.12298584,0.13903809,0.80181885,-0.56799316,-0.15539551,-0.9796753,0.001159668,-0.12701416,-1.8310547E-4,0.17895508,0.34228516,-0.3279419,0.86395264,-0.23474121,-0.27618408,-0.34954834,0.65448,-0.06463623,0.21569824,0.7217407
-0.72265625,0.41882324,0.5470581,-0.055725098,-0.28790283,-0.1932373,0.48065186,-0.80548096,-0.28607178,0.057006836,-0.7090454,0.6420288,0.7958374,-0.3330078,0.3652954,-0.34960938,-0.24810791,0.9597168,-0.0049438477,-0.13165283,-0.45629883,0.24829102,-0.64385986,0.5618286,-0.043151855,0.84924316,0.5029907,-0.15429688,0.12530518,0.13952637,0.8036499,-0.5647583,-0.1519165,-0.9802246,4.8828125E-4,-0.12701416,-1.8310547E-4,0.1730957,0.33746338,-0.3317871,0.864624,-0.23474121,-0.27642822,-0.3477173,0.6532593,-0.064331055,0.21728516,0.7223511
-0.7248535,0.4180298,0.54455566,-0.057739258,-0.28631592,-0.19232178,0.479187,-0.8071289,-0.28796387,0.0569458,-0.7104492,0.6395874,0.79455566,-0.3355713,0.3668213,-0.34851074,-0.24536133,0.9602661,-0.0040283203,-0.13287354,-0.45617676,0.24914551,-0.6468506,0.55810547,-0.04260254,0.84820557,0.50457764,-0.15509033,0.1270752,0.14019775,0.8057251,-0.56121826,-0.15081787,-0.9804077,-0.0012817383,-0.1270752,-1.8310547E-4,0.16680908,0.3307495,-0.3330078,0.86517334,-0.23522949,-0.27667236,-0.3458252,0.65234375,-0.06414795,0.21887207,0.7227173
-0.72821045,0.4179077,0.53985596,-0.059814453,-0.28466797,-0.18988037,0.47735596,-0.8093872,-0.28985596,0.056152344,-0.7131958,0.6358032,0.79315186,-0.33770752,0.36883545,-0.34753418,-0.24121094,0.96118164,-0.0037841797,-0.1338501,-0.4557495,0.25030518,-0.64904785,0.55529785,-0.04119873,0.8473511,0.50598145,-0.15563965,0.12927246,0.13995361,0.80700684,-0.5588989,-0.15020752,-0.9805908,-0.0032958984,-0.12646484,-2.4414062E-4,0.16082764,0.32043457,-0.33325195,0.8654175,-0.2364502,-0.27685547,-0.3441162,0.6511841,-0.06427002,0.22076416,0.72320557
-0.7319336,0.41870117,0.5339966,-0.061645508,-0.28326416,-0.1852417,0.47479248,-0.81243896,-0.29144287,0.05505371,-0.7160034,0.631958,0.79193115,-0.33966064,0.3706665,-0.34649658,-0.23730469,0.96203613,-0.0036621094,-0.13439941,-0.45513916,0.25201416,-0.6503906,0.55352783,-0.03881836,0.84661865,0.50720215,-0.15625,0.13250732,0.13720703,0.8071289,-0.5587158,-0.14959717,-0.9807739,-0.0045166016,-0.12548828,-2.4414062E-4,0.15887451,0.31829834,-0.3355713,0.86572266,-0.2376709,-0.2769165,-0.3425293,0.6499634,-0.06488037,0.22259521,0.7236328
-0.7357788,0.4212036,0.5265503,-0.062805176,-0.28198242,-0.1798706,0.47235107,-0.81555176,-0.29241943,0.05456543,-0.71813965,0.6291504,0.79089355,-0.34161377,0.37219238,-0.3453369,-0.2345581,0.96276855,-0.0032348633,-0.13415527,-0.45458984,0.2538452,-0.65167236,0.55163574,-0.03479004,0.84625244,0.5081177,-0.15612793,0.13433838,0.13537598,0.80773926,-0.5578003,-0.14959717,-0.98095703,-0.0051879883,-0.12414551,-3.6621094E-4,0.16357422,0.3289795,-0.3352661,0.86608887,-0.23834229,-0.27703857,-0.3411255,0.6488037,-0.06567383,0.22436523,0.72406006
-0.7402344,0.4258423,0.51641846,-0.06347656,-0.28253174,-0.17224121,0.46984863,-0.8184204,-0.29284668,0.054870605,-0.7196655,0.62713623,0.7896118,-0.34399414,0.3737793,-0.3441162,-0.23272705,0.96343994,-0.0021972656,-0.1328125,-0.4539795,0.2553711,-0.6531372,0.5496216,-0.030273438,0.84606934,0.5088501,-0.15563965,0.13513184,0.13391113,0.8083496,-0.5570679,-0.14971924,-0.9810791,-0.00592041,-0.12298584,-2.4414062E-4,0.18139648,0.34277344,-0.32458496,0.8664551,-0.23858643,-0.2772827,-0.33984375,0.6477661,-0.066833496,0.22625732,0.7243042
-0.7441406,0.43139648,0.5060425,-0.06439209,-0.28466797,-0.1616211,0.46740723,-0.821228,-0.2930298,0.055603027,-0.7211914,0.6253052,0.788208,-0.34655762,0.37573242,-0.3427124,-0.230896,0.9640503,-0.0012817383,-0.13146973,-0.45361328,0.25671387,-0.6543579,0.5479126,-0.02709961,0.84558105,0.5098877,-0.15545654,0.13537598,0.13232422,0.8085327,-0.5571289,-0.1463623,-0.9817505,-0.007446289,-0.121276855,-4.272461E-4,0.16516113,0.3381958,-0.33215332,0.8666382,-0.23901367,-0.27770996,-0.33868408,0.6466675,-0.068359375,0.22857666,0.72442627
-0.74645996,0.43554688,0.49865723,-0.06640625,-0.28637695,-0.1506958,0.4658203,-0.8236084,-0.2932129,0.05621338,-0.7225342,0.6235962,0.7871094,-0.34936523,0.37713623,-0.34075928,-0.22930908,0.9645996,-4.8828125E-4,-0.13024902,-0.45306396,0.25769043,-0.6558838,0.54608154,-0.025634766,0.8427124,0.5137329,-0.15863037,0.13562012,0.13104248,0.81048584,-0.5545654,-0.1418457,-0.982605,-0.009521484,-0.11968994,-3.6621094E-4,0.16473389,0.33044434,-0.33270264,0.8668823,-0.23950195,-0.2781372,-0.33740234,0.6454468,-0.070251465,0.2312622,0.7244873
-0.7477417,0.43865967,0.4935913,-0.06915283,-0.28619385,-0.14300537,0.46539307,-0.82525635,-0.29345703,0.056762695,-0.723999,0.6217041,0.7869873,-0.3511963,0.3781128,-0.33807373,-0.22747803,0.96520996,4.272461E-4,-0.12890625,-0.4519043,0.258667,-0.65808105,0.5439453,-0.02508545,0.8414917,0.515625,-0.15924072,0.13500977,0.13006592,0.81311035,-0.5510864,-0.13604736,-0.9836426,-0.012084961,-0.11791992,-3.6621094E-4,0.16326904,0.32843018,-0.3330078,0.8670654,-0.23986816,-0.2786255,-0.3361206,0.64398193,-0.072509766,0.234375,0.7246094
-0.74835205,0.44189453,0.48950195,-0.07165527,-0.28503418,-0.13726807,0.46539307,-0.82666016,-0.29382324,0.057373047,-0.725708,0.61950684,0.78533936,-0.3526001,0.3814087,-0.33666992,-0.22497559,0.96588135,0.001159668,-0.1281128,-0.4508667,0.26037598,-0.66052246,0.5409546,-0.025634766,0.8406372,0.51690674,-0.1595459,0.13397217,0.12915039,0.8164673,-0.5465088,-0.12890625,-0.98480225,-0.015136719,-0.1159668,-3.6621094E-4,0.15942383,0.3203125,-0.33685303,0.8671875,-0.24023438,-0.27929688,-0.33496094,0.64227295,-0.07495117,0.23736572,0.7248535
-0.74823,0.44573975,0.48571777,-0.07421875,-0.2833252,-0.1326294,0.46600342,-0.82769775,-0.2937622,0.05810547,-0.7281494,0.61657715,0.7839966,-0.35406494,0.38397217,-0.33544922,-0.22167969,0.9667969,0.0017700195,-0.12719727,-0.44958496,0.26367188,-0.663208,0.5371704,-0.029541016,0.84039307,0.51727295,-0.15881348,0.13269043,0.12805176,0.8204346,-0.54119873,-0.12030029,-0.98602295,-0.018615723,-0.11395264,-7.324219E-4,0.15344238,0.31732178,-0.340271,0.86724854,-0.24047852,-0.28027344,-0.33392334,0.640625,-0.077819824,0.24023438,0.72509766
-0.7474365,0.4506836,0.4819336,-0.0769043,-0.2816162,-0.12768555,0.4673462,-0.8282471,-0.2937622,0.058898926,-0.7307129,0.6134033,0.78222656,-0.3560791,0.38653564,-0.33447266,-0.21740723,0.96795654,0.0024414062,-0.12579346,-0.4484253,0.26794434,-0.66571045,0.53289795,-0.028747559,0.84002686,0.51849365,-0.15710449,0.13092041,0.12713623,0.8250122,-0.5348511,-0.11114502,-0.9873047,-0.022888184,-0.11151123,-8.544922E-4,0.15057373,0.31591797,-0.3411255,0.8671875,-0.24078369,-0.28137207,-0.33294678,0.6386719,-0.080444336,0.24346924,0.72546387
-0.7453003,0.45648193,0.47924805,-0.080322266,-0.2798462,-0.12188721,0.4696045,-0.8284912,-0.29449463,0.060668945,-0.73291016,0.6102905,0.7803955,-0.35943604,0.38824463,-0.33312988,-0.21221924,0.9692993,0.0031738281,-0.1239624,-0.44580078,0.2718506,-0.66918945,0.5286865,-0.025878906,0.84002686,0.51953125,-0.15405273,0.12896729,0.12567139,0.829834,-0.5281372,-0.103149414,-0.98846436,-0.026794434,-0.10821533,-0.0010375977,0.14801025,0.31365967,-0.34527588,0.8670654,-0.24133301,-0.2824707,-0.33190918,0.6364746,-0.08331299,0.24621582,0.72613525
-0.74108887,0.4619751,0.47979736,-0.08441162,-0.27752686,-0.11602783,0.47314453,-0.82806396,-0.29614258,0.06286621,-0.7340698,0.60791016,0.77960205,-0.36212158,0.38879395,-0.331604,-0.20599365,0.97094727,0.004272461,-0.1217041,-0.44329834,0.27593994,-0.6719971,0.5251465,-0.022216797,0.840271,0.5204468,-0.14996338,0.12652588,0.12402344,0.83447266,-0.5217285,-0.097351074,-0.9892578,-0.030456543,-0.10491943,-0.0012817383,0.14520264,0.31170654,-0.35144043,0.8670654,-0.24182129,-0.28356934,-0.33068848,0.6340332,-0.08666992,0.24822998,0.72717285
-0.7336426,0.46679688,0.4855957,-0.08947754,-0.27404785,-0.11236572,0.47808838,-0.8269043,-0.29711914,0.064453125,-0.73602295,0.6048584,0.77941895,-0.36444092,0.38861084,-0.32958984,-0.19946289,0.9725952,0.005432129,-0.118896484,-0.44140625,0.27996826,-0.67401123,0.5220337,-0.017578125,0.8405762,0.5215454,-0.14489746,0.12432861,0.12194824,0.83825684,-0.5166626,-0.09326172,-0.98986816,-0.034423828,-0.101623535,-0.0014038086,0.14916992,0.31481934,-0.35809326,0.8670044,-0.2423706,-0.28466797,-0.32940674,0.6312256,-0.08996582,0.24969482,0.72869873
-0.725647,0.4716797,0.49188232,-0.09484863,-0.26733398,-0.11602783,0.48547363,-0.8242798,-0.29760742,0.066223145,-0.73809814,0.6018677,0.7796631,-0.36730957,0.38781738,-0.32678223,-0.19354248,0.9741821,0.0068359375,-0.115722656,-0.43981934,0.2841797,-0.6751709,0.51953125,-0.011108398,0.8410034,0.5228882,-0.1381836,0.12237549,0.119140625,0.84143066,-0.51257324,-0.0904541,-0.9902954,-0.03857422,-0.09857178,-0.0016479492,0.14880371,0.32183838,-0.36486816,0.86694336,-0.24249268,-0.28649902,-0.3279419,0.62823486,-0.09295654,0.2506714,0.7305908
-0.720459,0.47509766,0.4951172,-0.10076904,-0.260437,-0.119262695,0.49298096,-0.8215332,-0.2975464,0.067871094,-0.7406616,0.5985718,0.77978516,-0.37060547,0.38690186,-0.32385254,-0.18908691,0.97540283,0.008361816,-0.11254883,-0.4390869,0.28863525,-0.6754761,0.517334,-0.0037841797,0.84124756,0.52459717,-0.13043213,0.120788574,0.115722656,0.8440552,-0.50946045,-0.08880615,-0.99053955,-0.04284668,-0.09613037,-0.0015869141,0.14923096,0.3258667,-0.36889648,0.8668823,-0.24243164,-0.28863525,-0.3262329,0.6251831,-0.09527588,0.2512207,0.732666
-0.7183838,0.4776001,0.4944458,-0.10675049,-0.2555542,-0.11895752,0.49731445,-0.82055664,-0.29718018,0.07006836,-0.7434082,0.5950928,0.7802124,-0.37353516,0.38586426,-0.3206787,-0.18609619,0.9763794,0.010437012,-0.109313965,-0.43920898,0.29296875,-0.67523193,0.5151367,0.0028076172,0.84124756,0.52667236,-0.12200928,0.12030029,0.11187744,0.8460083,-0.50720215,-0.08862305,-0.9904785,-0.04699707,-0.09448242,-0.0014648438,0.14935303,0.3312378,-0.37097168,0.8670044,-0.24169922,-0.2911377,-0.32421875,0.62194824,-0.097229004,0.25115967,0.7352295
-0.7166748,0.479187,0.4940796,-0.11242676,-0.2506714,-0.116882324,0.4998169,-0.8208008,-0.29748535,0.07305908,-0.7449951,0.59265137,0.78131104,-0.37609863,0.3842163,-0.31695557,-0.18377686,0.9770508,0.013244629,-0.10632324,-0.44024658,0.29693604,-0.6744385,0.51293945,0.0072631836,0.8409424,0.5288086,-0.11431885,0.12084961,0.107788086,0.847229,-0.5059204,-0.08959961,-0.9902954,-0.050720215,-0.093566895,-0.0014648438,0.14465332,0.33740234,-0.37249756,0.8671875,-0.24029541,-0.2939453,-0.3222046,0.6185303,-0.09893799,0.25061035,0.7380371
-0.715271,0.47955322,0.4944458,-0.11804199,-0.24578857,-0.11578369,0.50183105,-0.821228,-0.29833984,0.076416016,-0.7458496,0.5906372,0.7827759,-0.37841797,0.38220215,-0.31298828,-0.18188477,0.9776001,0.016601562,-0.10424805,-0.4421997,0.30041504,-0.6732178,0.51086426,0.0099487305,0.84033203,0.5310669,-0.10760498,0.12237549,0.103637695,0.8477173,-0.50561523,-0.092285156,-0.9899292,-0.054260254,-0.09338379,-0.0013427734,0.1395874,0.33874512,-0.37316895,0.86743164,-0.23876953,-0.29693604,-0.32000732,0.6151123,-0.10046387,0.25012207,0.74090576
-0.71380615,0.4786377,0.49609375,-0.12359619,-0.24078369,-0.11553955,0.503479,-0.8217163,-0.29974365,0.080200195,-0.74658203,0.588501,0.7842407,-0.38031006,0.38049316,-0.30908203,-0.18054199,0.9779053,0.020507812,-0.103149414,-0.44500732,0.3034668,-0.6713257,0.50909424,0.011352539,0.83935547,0.5338135,-0.101745605,0.12451172,0.09954834,0.84747314,-0.5062866,-0.09625244,-0.98931885,-0.057495117,-0.093688965,-0.0012207031,0.1375122,0.33776855,-0.37286377,0.86761475,-0.23730469,-0.29992676,-0.317688,0.6116333,-0.10180664,0.25012207,0.7435303
-0.71258545,0.47668457,0.49835205,-0.12896729,-0.23553467,-0.11669922,0.50476074,-0.8222656,-0.3012085,0.083862305,-0.74749756,0.5861206,0.78533936,-0.38220215,0.37939453,-0.30529785,-0.17980957,0.9779663,0.024658203,-0.103149414,-0.44854736,0.3062744,-0.6689453,0.5074463,0.0119018555,0.83795166,0.53686523,-0.09710693,0.12750244,0.095458984,0.8466797,-0.5076904,-0.1005249,-0.98864746,-0.06048584,-0.09442139,-0.0010375977,0.13513184,0.33758545,-0.3711548,0.8678589,-0.23590088,-0.30303955,-0.31518555,0.60827637,-0.10308838,0.25054932,0.7459717
-0.71136475,0.47296143,0.50213623,-0.13446045,-0.23059082,-0.118652344,0.50549316,-0.822937,-0.30297852,0.0869751,-0.7480469,0.5840454,0.7860718,-0.38415527,0.378479,-0.30194092,-0.17993164,0.97772217,0.02923584,-0.10412598,-0.45214844,0.3088379,-0.66674805,0.50567627,0.011657715,0.8361206,0.54022217,-0.094177246,0.13110352,0.0914917,0.8456421,-0.5092163,-0.103881836,-0.9879761,-0.06359863,-0.09539795,-7.9345703E-4,0.13391113,0.33831787,-0.3717041,0.86834717,-0.23406982,-0.3060913,-0.31219482,0.6050415,-0.10437012,0.2515869,0.7481079
-0.7109375,0.46826172,0.5057373,-0.1395874,-0.22564697,-0.12231445,0.50579834,-0.8236084,-0.30548096,0.090270996,-0.74798584,0.5822754,0.786438,-0.38616943,0.37805176,-0.29907227,-0.18054199,0.9772339,0.034118652,-0.10595703,-0.4552002,0.31097412,-0.66516113,0.5036621,0.0107421875,0.8339844,0.5437622,-0.09277344,0.13494873,0.08770752,0.84472656,-0.510376,-0.10650635,-0.9874878,-0.06616211,-0.09588623,-6.1035156E-4,0.13647461,0.3383789,-0.3741455,0.8690796,-0.23205566,-0.30877686,-0.30895996,0.60217285,-0.10534668,0.2531128,0.74975586
-0.7109375,0.463562,0.50878906,-0.14422607,-0.22131348,-0.12579346,0.5050049,-0.82470703,-0.30828857,0.093322754,-0.7477417,0.5806885,0.7863159,-0.38824463,0.37805176,-0.2966919,-0.18096924,0.9767456,0.038879395,-0.10821533,-0.4576416,0.3128662,-0.6641846,0.5015259,0.008911133,0.831604,0.5473633,-0.09307861,0.1381836,0.084350586,0.8442383,-0.5109253,-0.10858154,-0.9871216,-0.06817627,-0.09625244,-4.8828125E-4,0.13574219,0.33441162,-0.37512207,0.869812,-0.23046875,-0.31121826,-0.30578613,0.59973145,-0.10620117,0.2548828,0.75097656
-0.7111206,0.4584961,0.5118408,-0.1486206,-0.21734619,-0.12878418,0.50372314,-0.82611084,-0.31134033,0.096191406,-0.74731445,0.57910156,0.78582764,-0.39038086,0.37817383,-0.2949829,-0.18078613,0.97631836,0.043151855,-0.11053467,-0.4598999,0.31469727,-0.6633911,0.49938965,0.00592041,0.8290405,0.55096436,-0.09509277,0.14111328,0.0814209,0.8438721,-0.5111084,-0.10925293,-0.9869385,-0.06982422,-0.09625244,-3.6621094E-4,0.13134766,0.33087158,-0.37243652,0.8703613,-0.22937012,-0.3135376,-0.30267334,0.5977783,-0.106933594,0.2567749,0.75177
-0.71154785,0.45373535,0.5142822,-0.152771,-0.2130127,-0.13226318,0.50231934,-0.8275757,-0.3140869,0.09869385,-0.7471924,0.57733154,0.7852173,-0.3925171,0.3782959,-0.29370117,-0.18005371,0.9760132,0.04699707,-0.11260986,-0.46142578,0.3163452,-0.663147,0.49731445,0.0025024414,0.826355,0.5545044,-0.097961426,0.14318848,0.07910156,0.8440552,-0.51068115,-0.10821533,-0.9869385,-0.0715332,-0.095703125,-3.6621094E-4,0.12445068,0.3324585,-0.37060547,0.8708496,-0.22845459,-0.31573486,-0.29962158,0.5961914,-0.10784912,0.2588501,0.75219727
-0.71203613,0.44952393,0.51605225,-0.15692139,-0.20898438,-0.13500977,0.5009155,-0.8289795,-0.3164673,0.10076904,-0.7473755,0.5755005,0.7842407,-0.39465332,0.3786621,-0.29296875,-0.17907715,0.9758301,0.050476074,-0.11468506,-0.4623413,0.3178711,-0.66326904,0.49523926,-3.0517578E-4,0.8234863,0.55810547,-0.10119629,0.14416504,0.07745361,0.84490967,-0.50927734,-0.10656738,-0.9871216,-0.07312012,-0.09490967,-4.272461E-4,0.12036133,0.33483887,-0.3701172,0.8712158,-0.22808838,-0.31756592,-0.29681396,0.5946655,-0.10900879,0.26098633,0.75250244
-0.7114258,0.44311523,0.5198364,-0.16516113,-0.20141602,-0.13830566,0.49871826,-0.831604,-0.319458,0.10345459,-0.7486572,0.57159424,0.7826538,-0.39855957,0.3786621,-0.29180908,-0.1762085,0.97576904,0.055236816,-0.117126465,-0.46240234,0.32073975,-0.6642456,0.4920044,0.01159668,0.7996216,0.5942993,-0.08465576,0.14459229,0.07507324,0.84710693,-0.50579834,-0.10229492,-0.98760986,-0.07550049,-0.09259033,-3.6621094E-4,0.11553955,0.34014893,-0.37097168,0.8717041,-0.22875977,-0.32055664,-0.29174805,0.5918579,-0.11151123,0.26428223,0.7531738
-0.7109375,0.4411621,0.5209961,-0.16864014,-0.1977539,-0.13964844,0.49835205,-0.83251953,-0.32006836,0.10449219,-0.7496948,0.5697632,0.7819824,-0.40045166,0.378479,-0.2913208,-0.17462158,0.97595215,0.05682373,-0.11743164,-0.46173096,0.32202148,-0.66522217,0.49047852,0.010437012,0.7991333,0.5946045,-0.087524414,0.14422607,0.07434082,0.84851074,-0.5036621,-0.10003662,-0.98779297,-0.0769043,-0.091552734,-4.8828125E-4,0.114746094,0.3439331,-0.36767578,0.87176514,-0.22955322,-0.32177734,-0.28955078,0.5905762,-0.11291504,0.26586914,0.75341797
-0.7104492,0.44006348,0.5216675,-0.1716919,-0.19470215,-0.14001465,0.49822998,-0.83325195,-0.3201294,0.10534668,-0.7508545,0.5680542,0.7814331,-0.4020996,0.3782959,-0.29071045,-0.17285156,0.9761963,0.057922363,-0.1171875,-0.46087646,0.3232422,-0.66619873,0.48919678,0.008850098,0.7988281,0.59454346,-0.09106445,0.14379883,0.07366943,0.8499756,-0.50146484,-0.097351074,-0.9880371,-0.07849121,-0.0904541,-4.8828125E-4,0.11328125,0.34503174,-0.36273193,0.8717041,-0.23046875,-0.32312012,-0.28753662,0.5894165,-0.11419678,0.26733398,0.7536621
-0.710022,0.43951416,0.5218506,-0.17419434,-0.19207764,-0.13995361,0.49835205,-0.83380127,-0.31976318,0.105895996,-0.75219727,0.5663452,0.7808838,-0.40368652,0.37823486,-0.29016113,-0.17077637,0.97662354,0.05871582,-0.11657715,-0.4598999,0.3244629,-0.66711426,0.4880371,0.006591797,0.798645,0.5940552,-0.095458984,0.14349365,0.07281494,0.8513794,-0.49920654,-0.09307861,-0.9884033,-0.080444336,-0.08947754,-4.272461E-4,0.10925293,0.34228516,-0.35864258,0.87158203,-0.23095703,-0.32458496,-0.28570557,0.5883179,-0.115356445,0.2687378,0.7538452
-0.7095337,0.43884277,0.52233887,-0.17633057,-0.18969727,-0.1395874,0.49853516,-0.83428955,-0.3192749,0.10650635,-0.75341797,0.5648804,0.7803345,-0.4052124,0.3781128,-0.28961182,-0.16882324,0.97698975,0.059387207,-0.11578369,-0.45880127,0.32562256,-0.6682129,0.4868164,0.003479004,0.79888916,0.5928345,-0.10107422,0.14331055,0.07196045,0.85302734,-0.49658203,-0.08892822,-0.9887085,-0.08239746,-0.08856201,-4.8828125E-4,0.10961914,0.34014893,-0.35565186,0.87158203,-0.23120117,-0.32611084,-0.28381348,0.5872803,-0.11651611,0.26983643,0.75408936
-0.7091675,0.43829346,0.5227051,-0.17816162,-0.18743896,-0.13970947,0.49865723,-0.8347168,-0.31860352,0.107177734,-0.75445557,0.56378174,0.7798462,-0.40679932,0.3779297,-0.28894043,-0.16680908,0.977417,0.05999756,-0.114868164,-0.4576416,0.32666016,-0.6693115,0.4855957,-6.713867E-4,0.80010986,0.5901489,-0.107177734,0.14282227,0.07122803,0.8546753,-0.49395752,-0.085876465,-0.9888916,-0.083984375,-0.087646484,-4.8828125E-4,0.11303711,0.3395996,-0.35412598,0.87158203,-0.2312622,-0.32763672,-0.28204346,0.58618164,-0.11773682,0.27062988,0.75445557
-0.70880127,0.43774414,0.5231323,-0.1798706,-0.1854248,-0.13983154,0.4985962,-0.83514404,-0.31799316,0.10772705,-0.75549316,0.5626221,0.7797241,-0.40826416,0.37731934,-0.2880249,-0.16455078,0.9779053,0.06048584,-0.11376953,-0.45684814,0.3277588,-0.670105,0.4845581,-0.0071411133,0.8018799,0.5864258,-0.11383057,0.14215088,0.070617676,0.85614014,-0.49176025,-0.083496094,-0.9890747,-0.08557129,-0.08666992,-5.493164E-4,0.11437988,0.3375244,-0.35247803,0.87145996,-0.23138428,-0.32910156,-0.28045654,0.585022,-0.11907959,0.27105713,0.75494385
-0.70825195,0.43707275,0.5238037,-0.18170166,-0.18341064,-0.14007568,0.4987793,-0.8354492,-0.31762695,0.10839844,-0.75634766,0.5615845,0.7796631,-0.409729,0.3765869,-0.28710938,-0.16235352,0.9783325,0.060913086,-0.11279297,-0.45629883,0.32904053,-0.6705322,0.48364258,-0.016052246,0.8041382,0.5817871,-0.12060547,0.1416626,0.06976318,0.8572998,-0.48999023,-0.08178711,-0.98913574,-0.08728027,-0.08581543,-4.8828125E-4,0.11462402,0.336792,-0.35113525,0.8713989,-0.23156738,-0.33050537,-0.27905273,0.58380127,-0.12042236,0.27142334,0.7555542
-0.7076416,0.43670654,0.524292,-0.18353271,-0.18139648,-0.1404419,0.4989624,-0.8357544,-0.3171997,0.109191895,-0.7570801,0.56066895,0.7797241,-0.41101074,0.3758545,-0.28601074,-0.16064453,0.97869873,0.061401367,-0.11193848,-0.45599365,0.3303833,-0.67071533,0.4827881,-0.024414062,0.8063965,0.5769043,-0.12756348,0.14129639,0.068603516,0.85821533,-0.48858643,-0.08068848,-0.98913574,-0.08905029,-0.08508301,-4.8828125E-4,0.11584473,0.34069824,-0.3534546,0.87127686,-0.23181152,-0.3317871,-0.27764893,0.5824585,-0.12176514,0.27160645,0.75634766
-0.7069092,0.43676758,0.52453613,-0.18536377,-0.17944336,-0.14056396,0.4993286,-0.83587646,-0.31689453,0.11004639,-0.75775146,0.5597534,0.77996826,-0.41223145,0.37506104,-0.28460693,-0.15930176,0.9789429,0.062072754,-0.11114502,-0.45587158,0.33184814,-0.6706543,0.48199463,-0.032104492,0.80841064,0.5720215,-0.1348877,0.14111328,0.06713867,0.85894775,-0.48760986,-0.08013916,-0.9890747,-0.09088135,-0.084350586,-4.8828125E-4,0.11804199,0.34674072,-0.35717773,0.8712158,-0.23175049,-0.3330078,-0.27630615,0.5811157,-0.12298584,0.2715454,0.75720215
-0.7062378,0.43670654,0.5248413,-0.18725586,-0.17755127,-0.14050293,0.49987793,-0.83599854,-0.31671143,0.111083984,-0.7583008,0.5588989,0.78027344,-0.41333008,0.37445068,-0.28308105,-0.1583252,0.979126,0.06298828,-0.11053467,-0.4560547,0.333313,-0.6703491,0.48120117,-0.038391113,0.8097534,0.5679321,-0.14215088,0.14111328,0.06542969,0.8594971,-0.48687744,-0.07989502,-0.98895264,-0.0927124,-0.08380127,-4.8828125E-4,0.117370605,0.34875488,-0.35925293,0.87127686,-0.23150635,-0.33416748,-0.2750244,0.5796509,-0.12390137,0.27160645,0.7581177
-0.70532227,0.43634033,0.5256958,-0.18914795,-0.17565918,-0.1404419,0.50042725,-0.8360596,-0.31677246,0.11242676,-0.7585449,0.55822754,0.7805176,-0.41448975,0.37384033,-0.28149414,-0.15765381,0.97924805,0.064208984,-0.10998535,-0.4564209,0.3348999,-0.6699219,0.4804077,-0.0446167,0.81048584,0.564209,-0.15063477,0.14123535,0.06365967,0.8599243,-0.48638916,-0.07946777,-0.98883057,-0.09460449,-0.08343506,-4.8828125E-4,0.11694336,0.3494873,-0.3591919,0.87127686,-0.2310791,-0.33532715,-0.2738037,0.57818604,-0.12475586,0.27160645,0.7591553
-0.7041626,0.43579102,0.52697754,-0.19110107,-0.17364502,-0.14099121,0.50097656,-0.8360596,-0.3170166,0.1138916,-0.758728,0.55755615,0.7808838,-0.41552734,0.37316895,-0.27990723,-0.15716553,0.97924805,0.06555176,-0.109558105,-0.4569702,0.33636475,-0.6694336,0.47943115,-0.052124023,0.81085205,0.5602417,-0.1609497,0.14154053,0.06188965,0.8602295,-0.48583984,-0.07879639,-0.9887085,-0.09667969,-0.08331299,-4.272461E-4,0.11364746,0.34832764,-0.35888672,0.87127686,-0.23059082,-0.3366089,-0.27270508,0.5767212,-0.12542725,0.2713623,0.7602539
-0.70288086,0.4350586,0.52856445,-0.19311523,-0.17138672,-0.14208984,0.501709,-0.8359375,-0.3173828,0.11541748,-0.75878906,0.5569458,0.7814331,-0.41619873,0.3723755,-0.27838135,-0.15686035,0.97924805,0.06726074,-0.109313965,-0.45770264,0.33795166,-0.6689453,0.47833252,-0.06060791,0.8116455,0.555603,-0.16973877,0.14221191,0.060180664,0.86065674,-0.4852295,-0.078308105,-0.9885864,-0.09875488,-0.08319092,-4.272461E-4,0.11138916,0.3479004,-0.36169434,0.8713989,-0.22991943,-0.33776855,-0.27148438,0.5753174,-0.12585449,0.2709961,0.76135254
-0.70166016,0.434021,0.5303345,-0.19506836,-0.16912842,-0.14349365,0.5023804,-0.8357544,-0.31811523,0.117126465,-0.758667,0.55633545,0.7821045,-0.41662598,0.37158203,-0.27685547,-0.15649414,0.979187,0.06903076,-0.10925293,-0.45843506,0.3394165,-0.66845703,0.47729492,-0.07080078,0.8123169,0.5505371,-0.17877197,0.14294434,0.05847168,0.86102295,-0.4845581,-0.07836914,-0.9883423,-0.10070801,-0.08331299,-4.272461E-4,0.111816406,0.3482666,-0.36669922,0.87164307,-0.22924805,-0.33874512,-0.2701416,0.5740967,-0.1260376,0.27038574,0.7624512
-0.7006836,0.43273926,0.5319214,-0.19714355,-0.16687012,-0.14501953,0.50286865,-0.8356323,-0.3190918,0.118774414,-0.7585449,0.555603,0.782959,-0.41674805,0.37091064,-0.27508545,-0.15594482,0.979126,0.070739746,-0.109375,-0.45941162,0.34075928,-0.66778564,0.47644043,-0.08105469,0.8129883,0.5452881,-0.18743896,0.14367676,0.056762695,0.861145,-0.48425293,-0.07904053,-0.98809814,-0.10247803,-0.083740234,-4.272461E-4,0.114746094,0.34448242,-0.3729248,0.87194824,-0.2286377,-0.33947754,-0.26867676,0.572937,-0.12597656,0.26983643,0.76348877
-0.69989014,0.43145752,0.5332031,-0.19909668,-0.16442871,-0.14666748,0.50305176,-0.83569336,-0.32000732,0.12042236,-0.75842285,0.5548706,0.7838135,-0.41662598,0.3704834,-0.2734375,-0.15539551,0.97906494,0.0725708,-0.109436035,-0.46069336,0.34191895,-0.666687,0.47583008,-0.089416504,0.8126221,0.5406494,-0.19805908,0.14465332,0.05505371,0.8609619,-0.4845581,-0.07989502,-0.98779297,-0.10406494,-0.08441162,-4.8828125E-4,0.1161499,0.34100342,-0.37506104,0.8722534,-0.22808838,-0.34014893,-0.26727295,0.57196045,-0.12548828,0.26934814,0.76452637
-0.6984253,0.42773438,0.5366211,-0.20306396,-0.15997314,-0.14959717,0.50305176,-0.8360596,-0.3218994,0.12335205,-0.7578125,0.5540161,0.78619385,-0.4147339,0.3703003,-0.26971436,-0.15570068,0.9786377,0.07635498,-0.11010742,-0.46380615,0.3433838,-0.6646118,0.47473145,-0.09020996,0.81359863,0.5352173,-0.20843506,0.14746094,0.05230713,0.8599243,-0.4857788,-0.081848145,-0.98724365,-0.10583496,-0.08648682,-0.409729,-0.6795044,0.6044922,0.07055664,0.8731079,-0.22711182,-0.34075928,-0.26446533,0.5704956,-0.12359619,0.26812744,0.7662964
-0.697876,0.42547607,0.53845215,-0.20483398,-0.15783691,-0.1517334,0.5028076,-0.8362427,-0.32299805,0.124572754,-0.75720215,0.55389404,0.7877197,-0.41326904,0.3701172,-0.2678833,-0.15625,0.9783325,0.078186035,-0.110839844,-0.46551514,0.3433838,-0.6636963,0.47424316,-0.08428955,0.81427,0.5340576,-0.21105957,0.14904785,0.051574707,0.8592529,-0.48657227,-0.08337402,-0.9869995,-0.10595703,-0.08807373,-0.4058838,-0.6795044,0.60754395,0.066589355,0.87371826,-0.22668457,-0.3406372,-0.26312256,0.57006836,-0.12231445,0.2675171,0.7670288
-0.6972656,0.42303467,0.5405884,-0.20648193,-0.1560669,-0.15374756,0.5023804,-0.8364258,-0.32440186,0.12554932,-0.7565918,0.5536499,0.7887573,-0.41131592,0.3706665,-0.2670288,-0.15667725,0.97802734,0.079711914,-0.11187744,-0.46746826,0.3428955,-0.6628418,0.47387695,-0.07489014,0.8150635,0.53356934,-0.21289062,0.15081787,0.051330566,0.85839844,-0.48754883,-0.08557129,-0.98669434,-0.10546875,-0.090026855,-0.40112305,-0.67962646,0.6109619,0.062805176,0.87420654,-0.2265625,-0.340271,-0.26190186,0.5698242,-0.120666504,0.26690674,0.7677002
-0.696167,0.42004395,0.54364014,-0.20812988,-0.15435791,-0.15594482,0.5019531,-0.8366089,-0.32592773,0.12628174,-0.7559204,0.55352783,0.7896118,-0.40911865,0.37158203,-0.26641846,-0.15722656,0.97766113,0.08093262,-0.11328125,-0.4696045,0.34197998,-0.6619873,0.4736328,-0.062194824,0.81591797,0.5336914,-0.2133789,0.1529541,0.051452637,0.85723877,-0.4888916,-0.08862305,-0.9863281,-0.10424805,-0.09197998,-0.3963623,-0.67926025,0.6148071,0.059509277,0.87475586,-0.22668457,-0.33966064,-0.2607422,0.5699463,-0.11871338,0.26617432,0.7681885
-0.6948242,0.41656494,0.54748535,-0.20977783,-0.15252686,-0.15917969,0.5015869,-0.83654785,-0.32751465,0.12640381,-0.75512695,0.5536499,0.79089355,-0.40649414,0.3725586,-0.26538086,-0.15808105,0.9772339,0.081848145,-0.115112305,-0.47174072,0.34057617,-0.66119385,0.4736328,-0.04724121,0.81677246,0.5341797,-0.21276855,0.15496826,0.052001953,0.855896,-0.4906006,-0.09265137,-0.9859619,-0.10223389,-0.09429932,-0.39215088,-0.67858887,0.61846924,0.057250977,0.8753052,-0.22711182,-0.33880615,-0.25964355,0.5703125,-0.11633301,0.26501465,0.7687378
-0.69384766,0.4126587,0.5510254,-0.21130371,-0.1506958,-0.16314697,0.50128174,-0.8363037,-0.32989502,0.12652588,-0.7538452,0.5540161,0.79278564,-0.40319824,0.37298584,-0.2642212,-0.15905762,0.9767456,0.082336426,-0.117370605,-0.47399902,0.33868408,-0.6604004,0.47375488,-0.03338623,0.81744385,0.53466797,-0.21136475,0.15722656,0.05303955,0.854187,-0.49273682,-0.097717285,-0.98565674,-0.09881592,-0.09643555,-0.38830566,-0.67767334,0.6220093,0.055725098,0.8759155,-0.22766113,-0.3378296,-0.25860596,0.5708618,-0.113708496,0.2626953,0.7694702
-0.69329834,0.4088745,0.5541382,-0.21240234,-0.14916992,-0.16687012,0.50061035,-0.8362427,-0.33215332,0.12634277,-0.7523804,0.55462646,0.79486084,-0.39990234,0.37261963,-0.26342773,-0.16027832,0.9762573,0.08251953,-0.11993408,-0.47644043,0.33624268,-0.6598511,0.473938,-0.022705078,0.81848145,0.53448486,-0.20947266,0.15887451,0.054870605,0.852478,-0.49493408,-0.10473633,-0.9851074,-0.09448242,-0.09881592,-0.3850708,-0.6765137,0.6253662,0.054748535,0.8764038,-0.22827148,-0.3366089,-0.2578125,0.5716553,-0.11090088,0.25964355,0.7703247
-0.69281006,0.40515137,0.5571289,-0.21313477,-0.14837646,-0.16986084,0.4996338,-0.83636475,-0.33392334,0.12536621,-0.75128174,0.5553589,0.79711914,-0.3959961,0.3723755,-0.26275635,-0.16168213,0.975647,0.08227539,-0.12298584,-0.47912598,0.33312988,-0.65911865,0.47442627,-0.014526367,0.81970215,0.53356934,-0.20770264,0.15991211,0.057495117,0.850647,-0.49743652,-0.11419678,-0.9841919,-0.089660645,-0.101867676,-0.3828125,-0.6749878,0.62841797,0.054016113,0.87701416,-0.22912598,-0.335083,-0.25701904,0.5725708,-0.10784912,0.25634766,0.7711792
-0.6923828,0.40148926,0.56018066,-0.21368408,-0.14715576,-0.17376709,0.49871826,-0.8363037,-0.33520508,0.123535156,-0.7505493,0.55596924,0.7996826,-0.39154053,0.37182617,-0.2625122,-0.16333008,0.9749756,0.08154297,-0.12670898,-0.48205566,0.32946777,-0.65789795,0.47564697,-0.008605957,0.82073975,0.5324707,-0.20654297,0.16027832,0.060546875,0.8483887,-0.5008545,-0.12402344,-0.9831543,-0.084350586,-0.10510254,-0.38146973,-0.6732178,0.6312256,0.053222656,0.8775635,-0.23034668,-0.33319092,-0.25653076,0.57366943,-0.10479736,0.25256348,0.7720337
-0.6916504,0.3972168,0.5637207,-0.21459961,-0.14642334,-0.17730713,0.49786377,1.9852295,-0.33703613,0.12182617,-0.7494507,0.5566406,0.80255127,-0.3866577,0.37091064,-0.2623291,-0.16577148,0.9741211,0.080200195,-0.13098145,-0.48529053,0.32556152,-0.6560669,0.47753906,-0.0048217773,0.8216553,0.53118896,-0.20635986,0.16052246,0.0637207,0.8457031,-0.50494385,-0.13366699,-0.9819336,-0.07885742,-0.10870361,-0.38061523,-0.6716919,0.6334839,0.052612305,0.8781738,-0.23162842,-0.33111572,-0.25610352,0.57489014,-0.101379395,0.24871826,0.77282715
-0.6890259,0.38897705,0.5727539,-0.2142334,-0.2098999,-0.23828125,0.4552002,-0.83184814,-0.34039307,0.119628906,-0.7468262,0.5586548,0.8093262,-0.37512207,0.36889648,-0.26116943,-0.17578125,0.97125244,0.076293945,-0.14111328,-0.49163818,0.31628418,-0.6520386,0.4827881,-4.8828125E-4,0.8230591,0.5288086,-0.20703125,0.16271973,0.07055664,0.8399658,-0.5128174,-0.15002441,-0.9793701,-0.06976318,-0.11627197,-0.37994385,-0.6687012,0.6370239,0.052124023,0.8798218,-0.2331543,-0.32659912,-0.25482178,0.5780029,-0.093566895,0.24041748,0.7741089
-0.6870117,0.38494873,0.5784302,-0.21289062,-0.21173096,-0.23736572,0.45458984,-0.8319702,-0.3418579,0.119018555,-0.7453003,0.55999756,0.81347656,-0.3684082,0.36730957,-0.2598877,-0.18243408,0.96954346,0.07293701,-0.14587402,-0.49505615,0.31170654,-0.6496582,0.48547363,8.544922E-4,0.8234253,0.52819824,-0.20715332,0.16436768,0.07373047,0.83691406,-0.5168457,-0.1574707,-0.97784424,-0.065979004,-0.121398926,-0.3803711,-0.6670532,0.63848877,0.05230713,0.8807373,-0.23376465,-0.32409668,-0.25427246,0.57977295,-0.08917236,0.23571777,0.7747803
-0.68463135,0.3807373,0.58465576,-0.21099854,-0.21368408,-0.23632812,0.45410156,-0.8320923,-0.34313965,0.11828613,-0.74316406,0.5621338,0.8178711,-0.36120605,0.3656006,-0.25854492,-0.18890381,0.9678345,0.069885254,-0.15075684,-0.4985962,0.30670166,-0.6470337,0.48858643,0.0017089844,0.8234863,0.5280762,-0.20721436,0.16674805,0.0769043,0.8329468,-0.52197266,-0.16802979,-0.9758301,-0.06011963,-0.12634277,-0.3809204,-0.66552734,0.6397095,0.05303955,0.88171387,-0.2341919,-0.3213501,-0.25390625,0.5814209,-0.0848999,0.23071289,0.7755127
-0.68304443,0.37677002,0.59002686,-0.20843506,-0.21551514,-0.234375,0.45385742,-0.8322754,-0.3447876,0.117492676,-0.7406006,0.56469727,0.82250977,-0.35327148,0.36395264,-0.25720215,-0.19537354,0.9659424,0.06719971,-0.15557861,-0.5026245,0.3010254,-0.6439209,0.49206543,0.001953125,0.8234863,0.52819824,-0.20690918,0.16894531,0.0803833,0.8283081,-0.52801514,-0.18054199,-0.97332764,-0.05328369,-0.13146973,-0.38128662,-0.6644287,0.6405029,0.054382324,0.8826904,-0.2345581,-0.31854248,-0.25360107,0.5828247,-0.08062744,0.22558594,0.7764282
-0.68200684,0.37268066,0.59472656,-0.20550537,-0.21697998,-0.23205566,0.45385742,-0.83251953,-0.34680176,0.11651611,-0.7376709,0.5675049,0.8276367,-0.34484863,0.36169434,-0.25543213,-0.20239258,0.9638672,0.06439209,-0.16052246,-0.5071411,0.29473877,-0.64038086,0.49591064,0.0014038086,0.8237915,0.52789307,-0.20635986,0.17126465,0.084350586,0.8230591,-0.5348511,-0.19378662,-0.97039795,-0.046142578,-0.13690186,-0.38098145,-0.6638794,0.64105225,0.055908203,0.883667,-0.23516846,-0.3154297,-0.253479,0.5840454,-0.07647705,0.22058105,0.77734375
-0.6816406,0.36846924,0.59906006,-0.2019043,-0.21783447,-0.23046875,0.45422363,-0.83258057,-0.34985352,0.11566162,-0.7336426,0.5709839,0.83251953,-0.33648682,0.35998535,-0.25305176,-0.21069336,0.9614258,0.061157227,-0.16571045,-0.51171875,0.28863525,-0.63671875,0.49951172,0.0010375977,0.824646,0.5272827,-0.20446777,0.17303467,0.08874512,0.8173828,-0.54229736,-0.2041626,-0.9677124,-0.040527344,-0.14251709,-0.38067627,-0.66381836,0.64123535,0.057434082,0.8847656,-0.23590088,-0.31195068,-0.253479,0.5852661,-0.072143555,0.21685791,0.77789307
-0.6817627,0.36444092,0.60266113,-0.19793701,-0.21832275,-0.22943115,0.45465088,-0.83251953,-0.35394287,0.11529541,-0.7285156,0.57507324,0.8361206,-0.3284912,0.3605957,-0.25097656,-0.22045898,0.9584961,0.057617188,-0.17120361,-0.5158081,0.28289795,-0.6331177,0.5031128,9.1552734E-4,0.8251343,0.52716064,-0.20275879,0.17449951,0.09295654,0.8119507,-0.54919434,-0.21051025,-0.9656372,-0.036865234,-0.1482544,-0.38098145,-0.6636963,0.64105225,0.058898926,0.88586426,-0.23620605,-0.30847168,-0.25354004,0.5863037,-0.06768799,0.215271,0.7779541
-0.68170166,0.36065674,0.60650635,-0.19329834,-0.21838379,-0.22888184,0.45489502,-0.83251953,-0.35839844,0.11480713,-0.72314453,0.57922363,0.8381958,-0.3217163,0.3630371,-0.24914551,-0.23065186,0.95526123,0.05419922,-0.17681885,-0.5194702,0.2781372,-0.62994385,0.5059204,3.6621094E-4,0.8253784,0.5274048,-0.20129395,0.17730713,0.09631348,0.8071289,-0.5548096,-0.21160889,-0.9647827,-0.0345459,-0.15264893,-0.38171387,-0.66363525,0.64056396,0.06011963,0.88720703,-0.23583984,-0.30493164,-0.25354004,0.58703613,-0.06304932,0.21514893,0.77783203
-0.68170166,0.35229492,0.6147461,-0.18225098,-0.21820068,-0.22851562,0.45507812,-0.83258057,-0.3815918,0.07141113,-0.68829346,0.612854,0.84051514,-0.31152344,0.368042,-0.24700928,-0.24761963,0.9495239,0.048828125,-0.17822266,-0.52282715,0.27038574,-0.62957764,0.5071411,-0.0021972656,0.8251953,0.52838135,-0.19952393,0.18377686,0.10223389,0.8031616,-0.5574341,-0.19976807,-0.96606445,-0.034179688,-0.16021729,-0.38354492,-0.66400146,0.638855,0.061706543,0.89001465,-0.23449707,-0.2977295,-0.253479,0.5889282,-0.053649902,0.21557617,0.77697754
-0.6834717,0.34362793,0.62042236,-0.1729126,-0.21777344,-0.22998047,0.45507812,-0.8322754,-0.3815918,0.07385254,-0.6868286,0.61413574,0.8410034,-0.30456543,0.3725586,-0.24719238,-0.23223877,0.9517822,0.024353027,-0.19897461,-0.5239868,0.26312256,-0.63287354,0.50567627,-0.0040283203,0.8242798,0.5302124,-0.19836426,0.19042969,0.10876465,0.803772,-0.55303955,-0.17443848,-0.96990967,-0.035827637,-0.1663208,-0.3859253,-0.6645508,0.6368408,0.06225586,0.8922119,-0.23553467,-0.29003906,-0.25360107,0.59173584,-0.045776367,0.2177124,0.7747803
-0.68548584,0.340271,0.6209717,-0.16949463,-0.21783447,-0.23144531,0.4550171,-0.83184814,-0.38220215,0.07507324,-0.68566895,0.61499023,0.84039307,-0.302063,0.3753662,-0.24810791,-0.23370361,0.951355,0.025512695,-0.19903564,-0.5251465,0.2597046,-0.633667,0.50531006,-0.0048828125,0.8236084,0.53125,-0.19830322,0.19403076,0.11175537,0.80462646,-0.54992676,-0.15991211,-0.9719238,-0.036743164,-0.16906738,-0.38781738,-0.6643677,0.63586426,0.062072754,0.89294434,-0.23754883,-0.28607178,-0.2536621,0.59332275,-0.042297363,0.21972656,0.77319336
-0.6884155,0.33758545,0.6201172,-0.16607666,-0.21813965,-0.23297119,0.45483398,-0.83148193,-0.38311768,0.075927734,-0.68444824,0.6156616,0.83966064,-0.29968262,0.3781128,-0.24926758,-0.23474121,0.95098877,0.026489258,-0.19934082,-0.526062,0.25671387,-0.6342163,0.50512695,-0.0059814453,0.822876,0.5322876,-0.19854736,0.19750977,0.11450195,0.8054199,-0.54693604,-0.14764404,-0.9734497,-0.036987305,-0.17114258,-0.3895874,-0.66412354,0.63513184,0.061523438,0.8937378,-0.23956299,-0.2821045,-0.25341797,0.59490967,-0.039001465,0.22155762,0.77160645
-0.69177246,0.33581543,0.6182251,-0.16278076,-0.21881104,-0.23413086,0.45422363,-0.8312988,-0.38415527,0.076538086,-0.6831665,0.616333,0.83898926,-0.29730225,0.38049316,-0.2506714,-0.23553467,0.9506836,0.027160645,-0.19995117,-0.52667236,0.2538452,-0.6350708,0.5048828,-0.006958008,0.82214355,0.53326416,-0.19909668,0.199646,0.117492676,0.80615234,-0.5444336,-0.13806152,-0.9746094,-0.036193848,-0.17285156,-0.39086914,-0.6639404,0.63464355,0.060791016,0.8944092,-0.24176025,-0.2783203,-0.25323486,0.59643555,-0.036193848,0.22296143,0.7701416
-0.6949463,0.33496094,0.6158447,-0.15991211,-0.21942139,-0.23529053,0.4533081,-0.8312988,-0.38531494,0.07672119,-0.68188477,0.6170044,0.838562,-0.29473877,0.3824463,-0.25219727,-0.23620605,0.9503784,0.027648926,-0.20062256,-0.52734375,0.2508545,-0.63604736,0.50445557,-0.007019043,0.82141113,0.53411865,-0.19952393,0.20074463,0.12084961,0.8067627,-0.54241943,-0.13079834,-0.9753418,-0.035095215,-0.17437744,-0.3918457,-0.6637573,0.6343384,0.059692383,0.8947754,-0.2442627,-0.27490234,-0.25323486,0.5977783,-0.033813477,0.22393799,0.7689209
-0.72003174,0.3394165,0.5916748,-0.12750244,-0.22094727,-0.23773193,0.45135498,-0.8312378,-0.38702393,0.076416016,-0.6795654,0.61846924,0.83813477,-0.29003906,0.38513184,-0.25512695,-0.23760986,0.949646,0.028015137,-0.20220947,-0.5281372,0.24493408,-0.6378174,0.50427246,-0.005493164,0.82037354,0.5354004,-0.2006836,0.20166016,0.12762451,0.807251,-0.5397949,-0.1237793,-0.9758301,-0.03173828,-0.17767334,-0.39337158,-0.663147,0.6342163,0.057495117,0.89471436,-0.25012207,-0.26898193,-0.2541504,0.60009766,-0.030334473,0.22515869,0.76690674
-0.72161865,0.33795166,0.59124756,-0.12445068,-0.2232666,-0.2390747,0.4491577,-0.8314209,-0.38787842,0.07489014,-0.67767334,0.62023926,0.8375244,-0.2868042,0.3867798,-0.25805664,-0.23925781,0.94885254,0.027404785,-0.20410156,-0.52856445,0.23986816,-0.638855,0.5050049,-0.0037841797,0.8196411,0.5358887,-0.20220947,0.20220947,0.13323975,0.8064575,-0.5393677,-0.121154785,-0.97576904,-0.028747559,-0.18023682,-0.3944702,-0.66192627,0.63500977,0.055358887,0.8944092,-0.24554443,-0.2548828,-0.27349854,0.6027832,-0.028320312,0.2253418,0.76483154
-0.7229004,0.3373413,0.5904541,-0.12249756,-0.22479248,-0.23931885,0.44781494,-0.8317261,-0.3880005,0.07354736,-0.6769409,0.62109375,0.8373413,-0.2857666,0.38708496,-0.25952148,-0.23999023,0.9484253,0.026794434,-0.2052002,-0.5284424,0.237854,-0.6392212,0.5055542,-0.0028076172,0.819458,0.5358887,-0.20300293,0.20227051,0.13531494,0.80596924,-0.5395508,-0.12060547,-0.975647,-0.027526855,-0.18121338,-0.39501953,-0.6610718,0.6356201,0.05432129,0.8947754,-0.24560547,-0.2536621,-0.27331543,0.60424805,-0.027893066,0.22503662,0.7637329
-0.72436523,0.33685303,0.5894165,-0.12023926,-0.22662354,-0.23913574,0.44622803,-0.8320923,-0.38830566,0.07208252,-0.6760864,0.6220093,0.83691406,-0.28533936,0.38726807,-0.26104736,-0.24053955,0.9480591,0.026000977,-0.20635986,-0.5281372,0.23632812,-0.6394043,0.50634766,-0.0020751953,0.81933594,0.5357666,-0.20397949,0.20227051,0.13696289,0.8054199,-0.539978,-0.12072754,-0.97558594,-0.026367188,-0.18182373,-0.3955078,-0.6600952,0.6364136,0.053100586,0.8951416,-0.24578857,-0.2524414,-0.27313232,0.60565186,-0.028015137,0.22503662,0.7626953
-0.725708,0.3363037,0.588562,-0.11767578,-0.22869873,-0.2388916,0.444458,-0.83251953,-0.3887329,0.07043457,-0.67529297,0.62286377,0.83636475,-0.28546143,0.38745117,-0.26245117,-0.24102783,0.9476929,0.025146484,-0.2076416,-0.52783203,0.23510742,-0.6392822,0.5074463,-0.001159668,0.8192749,0.5354614,-0.20495605,0.20220947,0.1381836,0.80462646,-0.54089355,-0.12133789,-0.9755249,-0.02508545,-0.1817627,-0.39593506,-0.6590576,0.6373291,0.051879883,0.8955078,-0.24591064,-0.25128174,-0.27294922,0.60668945,-0.028503418,0.22521973,0.7617798
-0.72680664,0.33563232,0.58807373,-0.11505127,-0.23095703,-0.23883057,0.442688,-0.83288574,-0.3892212,0.06878662,-0.6743164,0.6237793,0.8359375,-0.2859497,0.38720703,-0.26361084,-0.24188232,0.9472046,0.024291992,-0.20904541,-0.52734375,0.234375,-0.638916,0.508667,0.0,0.8192749,0.5350952,-0.20599365,0.20153809,0.13903809,0.8039551,-0.54193115,-0.122558594,-0.975647,-0.023376465,-0.18048096,-0.39642334,-0.6578369,0.63842773,0.050720215,0.895813,-0.24591064,-0.25012207,-0.27282715,0.6074829,-0.02923584,0.22503662,0.7611084
-0.7277832,0.3348999,0.5878296,-0.11224365,-0.23327637,-0.23913574,0.44110107,-0.8330078,-0.38946533,0.06707764,-0.6734009,0.62475586,0.83551025,-0.2868042,0.38659668,-0.26489258,-0.24310303,0.94659424,0.02331543,-0.21051025,-0.52648926,0.23406982,-0.638916,0.5097046,0.0012207031,0.81933594,0.53460693,-0.20684814,0.20019531,0.13970947,0.8036499,-0.5427246,-0.12237549,-0.97595215,-0.022705078,-0.17932129,-0.3973999,-0.65625,0.63952637,0.049438477,0.8961792,-0.24609375,-0.24871826,-0.27282715,0.6081543,-0.030151367,0.22460938,0.7607422
-0.7288208,0.33422852,0.5875244,-0.109375,-0.23577881,-0.23968506,0.4395752,-0.8329468,-0.3897705,0.06524658,-0.67230225,0.62597656,0.835083,-0.2878418,0.3857422,-0.26623535,-0.24438477,0.94592285,0.022277832,-0.2119751,-0.5255127,0.2341919,-0.63916016,0.510376,0.0022583008,0.8192749,0.5341797,-0.20819092,0.1986084,0.14013672,0.80389404,-0.54278564,-0.12225342,-0.97613525,-0.022766113,-0.17810059,-0.39868164,-0.65441895,0.64068604,0.048095703,0.8964844,-0.24639893,-0.24713135,-0.27294922,0.60858154,-0.031066895,0.22387695,0.7605591
-0.72979736,0.33361816,0.58709717,-0.10644531,-0.23846436,-0.24005127,0.43804932,-0.83288574,-0.39001465,0.06341553,-0.6711426,0.6272583,0.83483887,-0.28900146,0.38476562,-0.26733398,-0.24572754,0.9453125,0.021057129,-0.21343994,-0.52441406,0.23468018,-0.6392822,0.5111084,0.0028076172,0.81915283,0.5336914,-0.21002197,0.19708252,0.14007568,0.80426025,-0.54278564,-0.122802734,-0.97631836,-0.023132324,-0.17700195,-0.39990234,-0.65252686,0.6419678,0.046813965,0.8967285,-0.24676514,-0.24542236,-0.27331543,0.60876465,-0.032043457,0.22302246,0.7606201
-0.7305908,0.3330078,0.58709717,-0.10345459,-0.24121094,-0.24023438,0.4366455,-0.8327637,-0.39019775,0.061584473,-0.66986084,0.62872314,0.8345947,-0.2902832,0.38378906,-0.26812744,-0.24743652,0.9445801,0.01977539,-0.21484375,-0.5238037,0.23553467,-0.6387329,0.5120239,0.0031738281,0.8189697,0.5332031,-0.21185303,0.19567871,0.1395874,0.8045044,-0.54315186,-0.12371826,-0.97631836,-0.023742676,-0.17602539,-0.40100098,-0.6505127,0.6433716,0.04559326,0.8970947,-0.246521,-0.24395752,-0.2736206,0.60876465,-0.032958984,0.222229,0.7608032
-0.730896,0.3320923,0.58776855,-0.10028076,-0.24395752,-0.24090576,0.43536377,-0.8324585,-0.39038086,0.0602417,-0.66796875,0.6307373,0.8345337,-0.2911377,0.38293457,-0.26843262,-0.24963379,0.9437256,0.018737793,-0.21594238,-0.52349854,0.23657227,-0.6378174,0.5130005,0.0036621094,0.8189087,0.5325928,-0.21362305,0.19464111,0.13867188,0.80444336,-0.5437622,-0.124694824,-0.97631836,-0.024719238,-0.1751709,-0.40222168,-0.64837646,0.64489746,0.044555664,0.897583,-0.2456665,-0.24267578,-0.27398682,0.6087036,-0.033813477,0.2211914,0.76116943
-0.730896,0.3312378,0.58880615,-0.09686279,-0.24664307,-0.24243164,0.4342041,-0.83184814,-0.39050293,0.059509277,-0.6658325,0.6329956,0.835083,-0.29144287,0.3815918,-0.26831055,-0.25195312,0.9429321,0.018005371,-0.21679688,-0.52337646,0.23779297,-0.6368408,0.51379395,0.0037841797,0.8189697,0.5317383,-0.21551514,0.19390869,0.13745117,0.8043213,-0.54455566,-0.12524414,-0.9763794,-0.025878906,-0.17443848,-0.4039917,-0.64624023,0.6459961,0.043701172,0.89801025,-0.24481201,-0.24133301,-0.2746582,0.6086426,-0.034606934,0.21972656,0.7615967
-0.730896,0.3305664,0.5897827,-0.09338379,-0.24920654,-0.24438477,0.43328857,-0.83099365,-0.390625,0.059143066,-0.66381836,0.63500977,0.8359375,-0.2913208,0.38006592,-0.26794434,-0.25402832,0.9423218,0.017333984,-0.21728516,-0.5233154,0.23901367,-0.63604736,0.5142822,0.0033569336,0.8189697,0.53082275,-0.21777344,0.19342041,0.1361084,0.8043213,-0.545105,-0.1260376,-0.97631836,-0.027160645,-0.17407227,-0.40612793,-0.64416504,0.6467285,0.042785645,0.8981323,-0.24438477,-0.23999023,-0.27575684,0.6086426,-0.03515625,0.21807861,0.7620239
-0.73083496,0.33013916,0.59051514,-0.09008789,-0.25177002,-0.24621582,0.43255615,-0.8300171,-0.390625,0.058776855,-0.66223145,0.6367798,0.83691406,-0.29083252,0.3786621,-0.2675171,-0.25604248,0.9416504,0.016601562,-0.21765137,-0.5234375,0.2401123,-0.63513184,0.5147705,0.002380371,0.81903076,0.52978516,-0.22015381,0.19311523,0.13482666,0.8041992,-0.54571533,-0.1272583,-0.9760742,-0.028442383,-0.17407227,-0.4083252,-0.6421509,0.6473999,0.042297363,0.8980713,-0.24420166,-0.23876953,-0.2770996,0.6086426,-0.03527832,0.21636963,0.7625122
-0.73028564,0.33007812,0.59173584,-0.0869751,-0.2543335,-0.2477417,0.43200684,-0.8290405,-0.3902588,0.058532715,-0.6608887,0.6383667,0.8378906,-0.29003906,0.37756348,-0.2668457,-0.2581787,0.9411011,0.016052246,-0.2177124,-0.5239868,0.24108887,-0.633728,0.5154419,0.0012817383,0.8189697,0.5288696,-0.22247314,0.19299316,0.13342285,0.80371094,-0.5467529,-0.128479,-0.9758301,-0.029541016,-0.17437744,-0.41046143,-0.6399536,0.64819336,0.042175293,0.8979492,-0.24371338,-0.23809814,-0.27844238,0.60858154,-0.03515625,0.21484375,0.76293945
-0.72924805,0.33013916,0.5934448,-0.083862305,-0.25683594,-0.24938965,0.43206787,-0.8277588,-0.38989258,0.059020996,-0.6591797,0.6403198,0.83880615,-0.28900146,0.37670898,-0.26623535,-0.26037598,0.9406128,0.015686035,-0.21734619,-0.52490234,0.24182129,-0.6320801,0.51623535,-1.2207031E-4,0.8189087,0.52801514,-0.22473145,0.1932373,0.13201904,0.8029175,-0.5482178,-0.12927246,-0.97558594,-0.030578613,-0.1749878,-0.41259766,-0.63775635,0.6489868,0.042663574,0.8979492,-0.2423706,-0.23779297,-0.2800293,0.6085205,-0.034729004,0.21356201,0.76342773
-0.7279053,0.33026123,0.595459,-0.08068848,-0.2588501,-0.25177002,0.43267822,-0.82611084,-0.38928223,0.0602417,-0.6571655,0.64263916,0.8397217,-0.28778076,0.3760376,-0.26556396,-0.26275635,0.9401245,0.015563965,-0.21643066,-0.5258179,0.2421875,-0.63061523,0.51690674,-0.0018920898,0.8189697,0.52716064,-0.22650146,0.19360352,0.13098145,0.80200195,-0.5496216,-0.12927246,-0.97540283,-0.03161621,-0.17596436,-0.41479492,-0.6358032,0.6494751,0.04333496,0.8978882,-0.24053955,-0.2376709,-0.2819214,0.60839844,-0.034118652,0.21246338,0.763855
-0.7264404,0.3303833,0.5975342,-0.077697754,-0.26086426,-0.25445557,0.43328857,-0.8243408,-0.38848877,0.06188965,-0.65496826,0.64520264,0.8405762,-0.28649902,0.37548828,-0.26519775,-0.265625,0.93963623,0.015686035,-0.21514893,-0.52679443,0.24224854,-0.62945557,0.51727295,-0.0037231445,0.81903076,0.5264282,-0.22784424,0.19421387,0.13031006,0.80133057,-0.55059814,-0.12896729,-0.9751587,-0.032470703,-0.17718506,-0.41723633,-0.6340332,0.64959717,0.04437256,0.89782715,-0.23846436,-0.23760986,-0.28393555,0.60839844,-0.033325195,0.21148682,0.76416016
-0.7246704,0.3305664,0.5999756,-0.0748291,-0.2625122,-0.25732422,0.43414307,-0.82244873,-0.38726807,0.0637207,-0.65283203,0.6479492,0.8413086,-0.28503418,0.37512207,-0.26501465,-0.269104,0.93896484,0.016113281,-0.21350098,-0.527771,0.24206543,-0.62854004,0.5175171,-0.0057373047,0.81915283,0.52593994,-0.22869873,0.19494629,0.13000488,0.8006592,-0.5513916,-0.12872314,-0.9749756,-0.03314209,-0.17858887,-0.42022705,-0.63220215,0.649353,0.045654297,0.89782715,-0.23571777,-0.23773193,-0.28607178,0.6085205,-0.032287598,0.2107544,0.7642822
-0.72229004,0.33087158,0.6029663,-0.072143555,-0.2642212,-0.260437,0.43518066,-0.82037354,-0.38580322,0.06604004,-0.6506958,0.6506958,0.8418579,-0.28356934,0.37506104,-0.26501465,-0.272583,0.9384155,0.017150879,-0.21148682,-0.5286255,0.24163818,-0.6278076,0.5177002,-0.008422852,0.8190918,0.52557373,-0.22955322,0.19573975,0.12994385,0.8000488,-0.5519409,-0.12860107,-0.9746704,-0.03363037,-0.17999268,-0.42388916,-0.63031006,0.6487427,0.04724121,0.8978882,-0.2321167,-0.23852539,-0.288208,0.6087036,-0.03100586,0.21002197,0.7644043
-0.7194214,0.3310547,0.6065674,-0.06976318,-0.26550293,-0.26397705,0.43676758,-0.81799316,-0.38452148,0.06915283,-0.6488037,0.6529541,0.8422241,-0.28204346,0.37506104,-0.26531982,-0.27539062,0.93811035,0.018920898,-0.20910645,-0.52948,0.2409668,-0.62713623,0.5180054,-0.012084961,0.8189087,0.5253906,-0.23052979,0.19647217,0.13006592,0.7994995,-0.55249023,-0.12823486,-0.9744873,-0.033813477,-0.18139648,-0.42773438,-0.62872314,0.647583,0.049072266,0.89819336,-0.22729492,-0.23944092,-0.29022217,0.6090698,-0.02960205,0.20916748,0.7644043
-0.71643066,0.33068848,0.61053467,-0.06793213,-0.26611328,-0.2682495,0.4387207,-0.8153076,-0.38336182,0.07299805,-0.64697266,0.65509033,0.84259033,-0.2803955,0.3751831,-0.265625,-0.27825928,0.9378052,0.02142334,-0.20648193,-0.5302124,0.2401123,-0.6265869,0.51831055,-0.016296387,0.8184204,0.5256958,-0.2312622,0.19720459,0.13049316,0.79888916,-0.55303955,-0.12817383,-0.9741821,-0.03375244,-0.18292236,-0.43145752,-0.6278076,0.645813,0.05126953,0.89886475,-0.2218628,-0.2399292,-0.2919922,0.6094971,-0.028015137,0.20837402,0.76434326
-0.71325684,0.32983398,0.6148071,-0.06677246,-0.26611328,-0.27313232,0.4406128,-0.81274414,-0.38250732,0.07745361,-0.6446533,0.65734863,0.8430176,-0.27856445,0.37542725,-0.2659912,-0.28155518,0.9373169,0.024475098,-0.20379639,-0.5309448,0.23895264,-0.6260376,0.5187378,-0.020263672,0.817749,0.52648926,-0.23150635,0.19793701,0.13122559,0.7982178,-0.55352783,-0.1281128,-0.973938,-0.033447266,-0.18444824,-0.4352417,-0.6272583,0.6436157,0.053344727,0.8996582,-0.21643066,-0.24023438,-0.29345703,0.60998535,-0.026245117,0.2076416,0.7642212
-0.7097168,0.32885742,0.6194458,-0.066223145,-0.2654419,-0.27825928,0.44213867,-0.81036377,-0.3814087,0.082458496,-0.6421509,0.65979004,0.84350586,-0.2763672,0.3756714,-0.26635742,-0.28552246,0.93670654,0.028259277,-0.20074463,-0.53167725,0.2376709,-0.6255493,0.5192261,-0.024353027,0.8168335,0.52783203,-0.23132324,0.1987915,0.13208008,0.79748535,-0.5541382,-0.12792969,-0.9736328,-0.03302002,-0.18621826,-0.43963623,-0.6270752,0.64068604,0.05505371,0.9002075,-0.2109375,-0.2409668,-0.2949829,0.61047363,-0.024536133,0.20684814,0.7640991
-0.7053833,0.3279419,0.62493896,-0.06585693,-0.2640381,-0.28375244,0.44384766,-0.8079834,-0.380188,0.08862305,-0.63934326,0.6624756,0.8441162,-0.27392578,0.37579346,-0.2668457,-0.29022217,0.93585205,0.03302002,-0.19702148,-0.53234863,0.23614502,-0.6251221,0.51971436,-0.028808594,0.8154907,0.5297241,-0.2312622,0.19970703,0.13311768,0.7966919,-0.5546875,-0.12792969,-0.97332764,-0.032348633,-0.18798828,-0.44488525,-0.62719727,0.6367798,0.056884766,0.9006958,-0.20446777,-0.24249268,-0.296875,0.611084,-0.022888184,0.20593262,0.763916
-0.69976807,0.3267212,0.631958,-0.06524658,-0.26226807,-0.2901001,0.44604492,-0.80511475,-0.37902832,0.096191406,-0.6359863,0.66534424,0.84472656,-0.27142334,0.3756714,-0.26757812,-0.2956543,0.93481445,0.03894043,-0.19268799,-0.53289795,0.23443604,-0.6248779,0.52020264,-0.03387451,0.8137207,0.53222656,-0.23101807,0.2006836,0.13439941,0.79589844,-0.5551758,-0.128479,-0.9729004,-0.031311035,-0.18988037,-0.4512329,-0.62719727,0.63201904,0.0592041,0.9008179,-0.19708252,-0.24481201,-0.29956055,0.6118164,-0.021057129,0.20489502,0.76361084
-0.684021,0.3244629,0.65026855,-0.062805176,-0.25738525,-0.30828857,0.45263672,-0.7961426,-0.37609863,0.11645508,-0.62835693,0.67089844,0.84606934,-0.26611328,0.37548828,-0.2689209,-0.30743408,0.9326782,0.05444336,-0.18054199,-0.53411865,0.23046875,-0.62420654,0.5215454,-0.04748535,0.8085327,0.5394287,-0.23022461,0.17102051,0.07562256,0.74957275,-0.6348877,-0.13049316,-0.9718628,-0.029174805,-0.1942749,-0.4678955,-0.6274414,0.6189575,0.06555176,0.8986206,-0.18109131,-0.2524414,-0.30969238,0.61383057,-0.017089844,0.20257568,0.76275635
-0.67529297,0.32470703,0.6593628,-0.06121826,-0.25463867,-0.3189087,0.45776367,-0.789917,-0.37316895,0.1281128,-0.62579346,0.67285156,0.84680176,-0.26324463,0.37542725,-0.2695923,-0.31292725,0.9317627,0.06323242,-0.17272949,-0.5349121,0.22833252,-0.6234741,0.522522,-0.056152344,0.80493164,0.5441284,-0.2296753,0.16308594,0.066833496,0.74658203,-0.6415405,-0.13153076,-0.9713135,-0.027832031,-0.19641113,-0.4776001,-0.62713623,0.6112671,0.07067871,0.8963623,-0.17333984,-0.25701904,-0.31695557,0.61486816,-0.015258789,0.20098877,0.76239014
-0.6675415,0.32562256,0.6669922,-0.059265137,-0.2520752,-0.32885742,0.463562,-0.78326416,-0.36895752,0.13989258,-0.6234741,0.6749878,0.8479004,-0.2600708,0.37451172,-0.27038574,-0.31835938,0.9309082,0.0715332,-0.1640625,-0.53570557,0.22601318,-0.6227417,0.5236206,-0.06616211,0.8010254,0.5494385,-0.22814941,0.15386963,0.059814453,0.74383545,-0.64764404,-0.13256836,-0.97076416,-0.026245117,-0.1984253,-0.48760986,-0.6264038,0.6032715,0.0769043,0.8930054,-0.16693115,-0.26184082,-0.32574463,0.6159668,-0.013793945,0.19866943,0.762146
-0.6613159,0.3272705,0.6725464,-0.056518555,-0.2501831,-0.33746338,0.46905518,-0.7769165,-0.3632202,0.15075684,-0.6213379,0.67767334,0.8493042,-0.256958,0.37298584,-0.2711792,-0.3234253,0.9302368,0.078552246,-0.15454102,-0.53637695,0.22369385,-0.6220093,0.5248413,-0.07733154,0.79693604,0.5548706,-0.22583008,0.14227295,0.05645752,0.7416382,-0.6530762,-0.13409424,-0.97021484,-0.024719238,-0.20043945,-0.49719238,-0.62542725,0.59552,0.083862305,0.88879395,-0.16156006,-0.26696777,-0.33563232,0.61712646,-0.0126953125,0.19610596,0.76190186
-0.65545654,0.33007812,0.67718506,-0.053100586,-0.25,-0.34375,0.47399902,-0.7711792,-0.35565186,0.16009521,-0.6199341,0.68084717,0.850647,-0.25402832,0.37121582,-0.27197266,-0.32818604,0.92974854,0.083862305,-0.14440918,-0.53704834,0.22131348,-0.62109375,0.5261841,-0.08892822,0.79296875,0.5599365,-0.22296143,0.12780762,0.057556152,0.7406006,-0.6571655,-0.13616943,-0.96954346,-0.023498535,-0.20233154,-0.5062866,-0.6237793,0.58843994,0.09173584,0.8831787,-0.15893555,-0.27227783,-0.34729004,0.6184082,-0.01184082,0.19372559,0.7614136
-0.6506958,0.33422852,0.6800537,-0.049072266,-0.25042725,-0.34973145,0.47937012,-0.76501465,-0.34625244,0.1675415,-0.6190796,0.6846924,0.8517456,-0.25128174,0.36993408,-0.2730713,-0.3322754,0.92962646,0.08630371,-0.13378906,-0.53778076,0.21929932,-0.61968994,0.52789307,-0.10064697,0.7897339,0.56396484,-0.21923828,0.10864258,0.06298828,0.7404175,-0.6602783,-0.13848877,-0.9689331,-0.022460938,-0.20391846,-0.51416016,-0.62145996,0.58251953,0.10058594,0.8760376,-0.15911865,-0.27783203,-0.36071777,0.61987305,-0.010986328,0.19165039,0.7608032
-0.64630127,0.33898926,0.68218994,-0.044799805,-0.25372314,-0.35205078,0.4847412,-0.7593994,-0.33477783,0.171875,-0.61901855,0.68933105,0.8527832,-0.24859619,0.3684082,-0.27423096,-0.33605957,0.9299927,0.08459473,-0.122558594,-0.54608154,-0.48516846,0.73254395,1.6251221,-0.11218262,0.78741455,0.56677246,-0.21478271,0.083496094,0.07299805,0.7379761,-0.6656494,-0.14099121,-0.96832275,-0.02130127,-0.20513916,-0.5201416,-0.61798096,0.5789795,0.11126709,0.8671875,-0.16168213,-0.2836914,-0.37591553,0.6213989,-0.010620117,0.18933105,0.76013184
-0.62927246,0.3526001,0.6920166,-0.02758789,-0.2647705,-0.35601807,0.49969482,-0.7439575,-0.30047607,0.17376709,-0.62042236,0.7033081,0.8555908,-0.24377441,0.3633423,-0.27648926,-0.34521484,0.9315796,0.06677246,-0.09222412,-0.41394043,0.24279785,-0.5040283,0.7180786,-0.13293457,0.78912354,0.5637207,-0.20446777,0.0065307617,0.11834717,0.7151489,-0.6889038,-0.14678955,-0.96728516,-0.018371582,-0.2064209,-0.52301025,-0.6074829,0.5810547,0.1408081,0.84069824,-0.17913818,-0.29779053,-0.4152832,0.62438965,-0.011413574,0.18359375,0.7590332
-0.6168823,0.36779785,0.69573975,-0.007873535,-0.27545166,-0.35906982,0.51208496,-0.73010254,-0.27233887,0.16705322,-0.623291,0.7137451,0.85705566,-0.24182129,0.36016846,-0.27783203,-0.3571167,0.9300537,0.04736328,-0.07196045,-0.36914062,0.21520996,-0.5025635,0.7515869,-0.1416626,0.7949829,0.5551758,-0.19903564,-0.041381836,0.15484619,0.6987915,-0.69714355,-0.1496582,-0.9667969,-0.01727295,-0.20648193,-0.52404785,-0.59716797,0.5853882,0.1616211,0.82336426,-0.19671631,-0.30181885,-0.4385376,0.6259155,-0.012329102,0.18029785,0.75860596
-0.60198975,0.39013672,0.6963501,0.021728516,-0.29504395,-0.35906982,0.52856445,-0.7103882,-0.23529053,0.15332031,-0.6230469,0.7300415,0.8584595,-0.24023438,0.35662842,-0.27941895,-0.3768921,0.9248047,0.018249512,-0.04864502,-0.3088379,0.17938232,-0.51153564,0.78149414,-0.15319824,0.803833,0.54174805,-0.19189453,-0.09979248,0.20349121,0.6824341,-0.69488525,-0.152771,-0.9663696,-0.016540527,-0.20629883,-0.5276489,-0.5773926,0.5932007,0.19073486,0.80352783,-0.22369385,-0.30145264,-0.46191406,0.6274414,-0.01373291,0.17663574,0.7581787
-0.5878906,0.42163086,0.68792725,0.057861328,-0.324646,-0.35473633,0.54785156,-0.6845703,-0.1885376,0.13043213,-0.6218872,0.74884033,0.8600464,-0.2390747,0.352417,-0.28100586,-0.39569092,0.91778564,-0.023925781,-0.021850586,-0.23162842,0.12719727,-0.53326416,0.80358887,-0.17382812,0.81536865,0.5205078,-0.18408203,-0.16589355,0.2658081,0.66400146,-0.67889404,-0.15655518,-0.96588135,-0.016113281,-0.20587158,-0.5315552,-0.54730225,0.6060791,0.22491455,0.77948,-0.2602539,-0.29486084,-0.48760986,0.6286011,-0.015930176,0.17279053,0.75805664
-0.5784302,0.46185303,0.6654663,0.09576416,-0.3624878,-0.33831787,0.569397,-0.6557617,-0.13323975,0.09552002,-0.6241455,0.763916,0.8617554,-0.23822021,0.3477173,-0.2822876,-0.40496826,0.91052246,-0.08258057,0.010681152,-0.14953613,0.05328369,-0.57507324,0.80255127,-0.20599365,0.82910156,0.4887085,-0.17675781,-0.2218628,0.34899902,0.654541,-0.63287354,-0.16101074,-0.96533203,-0.016113281,-0.20507812,-0.52734375,-0.5115967,0.62561035,0.2623291,0.7529907,-0.29748535,-0.28710938,-0.5119629,0.62939453,-0.018859863,0.16882324,0.75823975
-0.56970215,0.5133667,0.626709,0.1381836,-0.40545654,-0.30462646,0.59265137,-0.62579346,-0.066833496,0.048034668,-0.63049316,0.77178955,0.86364746,-0.23760986,0.34265137,-0.2833252,-0.40203857,0.9006958,-0.15753174,0.047607422,-0.0803833,-0.016174316,-0.65545654,0.7507324,-0.23754883,0.8463135,0.44543457,-0.16973877,-0.22137451,0.42974854,0.68634033,-0.54333496,-0.16534424,-0.96484375,-0.016601562,-0.20379639,-0.5078125,-0.4718628,0.65252686,0.30615234,0.72991943,-0.33654785,-0.28271484,-0.52349854,0.6296997,-0.021972656,0.16436768,0.7588501
-0.5640259,0.5761719,0.5632324,0.18060303,-0.45513916,-0.25012207,0.616333,-0.592041,0.0076904297,-0.018859863,-0.6397095,0.76831055,0.8656616,-0.23760986,0.33703613,-0.28375244,-0.37347412,0.88879395,-0.25335693,0.079956055,0.009094238,-0.051879883,-0.7373657,0.6734009,-0.26239014,0.8692627,0.38909912,-0.15533447,-0.23144531,0.49578857,0.7314453,-0.4069214,-0.1694336,-0.96447754,-0.017700195,-0.20214844,-0.46862793,-0.42523193,0.6865845,0.35809326,0.7133179,-0.38116455,-0.29663086,-0.50787354,0.6296387,-0.025268555,0.15966797,0.75982666
-0.5635376,0.635437,0.49145508,0.19250488,-0.5067749,-0.1673584,0.6351929,-0.5583496,0.07849121,-0.0892334,-0.6535034,0.74749756,0.86779785,-0.23852539,0.3307495,-0.2838745,-0.29492188,0.885437,-0.34869385,0.086120605,0.08520508,0.004272461,-0.8157959,0.5720215,-0.27825928,0.89727783,0.31744385,-0.12908936,-0.27124023,0.49957275,0.7788696,-0.26483154,-0.17370605,-0.96398926,-0.019592285,-0.20056152,-0.39538574,-0.3795166,0.7335205,0.4019165,0.7081299,-0.4126587,-0.34381104,-0.45837402,0.6293335,-0.02923584,0.15447998,0.7609863
-0.55963135,0.68707275,0.44110107,0.14190674,-0.5187378,-0.08898926,0.65185547,-0.5460205,0.12615967,-0.1482544,-0.70043945,0.68670654,0.87023926,-0.2399292,0.32336426,-0.28375244,-0.17126465,0.8915405,-0.4136963,0.068237305,0.115600586,0.13476562,-0.8909302,0.4180298,-0.2720337,0.9295654,0.23065186,-0.09289551,-0.2803955,0.4262085,0.8533325,-0.10723877,-0.17834473,-0.96343994,-0.022277832,-0.19897461,-0.2781372,-0.38519287,0.78845215,0.39056396,0.7071533,-0.43572998,-0.39678955,-0.39074707,0.62890625,-0.034057617,0.14831543,0.76239014
-0.53027344,0.762146,0.36724854,0.055603027,-0.45385742,-0.049072266,0.6836548,-0.569458,0.17150879,-0.17791748,-0.7779541,0.57769775,0.87323,-0.24145508,0.31427002,-0.28338623,-0.035705566,0.8899536,-0.44561768,0.08996582,0.08618164,0.31799316,-0.9158325,0.22955322,-0.20617676,0.96569824,0.14813232,-0.05419922,-0.24719238,0.27197266,0.9281006,0.059265137,-0.18395996,-0.9627075,-0.025756836,-0.19689941,-0.14953613,-0.45666504,0.81134033,0.33288574,0.69818115,-0.44421387,-0.45819092,-0.32452393,0.6282959,-0.040222168,0.14099121,0.76397705
-0.50756836,0.7989502,0.3079834,-0.095703125,-0.36920166,0.038391113,0.7251587,-0.57995605,0.18395996,-0.1564331,-0.86608887,0.43774414,0.87683105,-0.24316406,0.30316162,-0.28308105,0.13275146,0.8946533,-0.40618896,0.13018799,-0.04248047,0.5022583,-0.86206055,0.052490234,-0.07696533,0.99176025,0.10131836,-0.0134887695,-0.14190674,0.0546875,0.9718628,0.17962646,-0.1907959,-0.961792,-0.030090332,-0.19433594,-0.010253906,-0.50408936,0.7959595,0.33496094,0.70861816,-0.42608643,-0.51031494,-0.23651123,0.6279907,-0.047912598,0.1329956,0.76519775
-0.51116943,0.41046143,0.24090576,-0.71569824,0.17193604,0.19812012,0.6237793,-0.7362671,-0.14086914,0.25775146,-0.9559326,0.001953125,0.88586426,-0.24975586,0.265625,-0.2868042,0.51989746,0.8243408,0.20257568,0.095336914,-0.43499756,0.685791,-0.51171875,-0.2803955,0.23016357,0.897522,0.14428711,0.347229,0.3065796,-0.4187622,0.82299805,0.23077393,0.40386963,-0.44610596,-0.79681396,-0.054626465,0.3242798,-0.84954834,0.3710327,0.18811035,0.7418823,-0.28393555,-0.57055664,0.20837402,0.63031006,-0.0769043,0.109558105,0.76464844
-0.46557617,0.21679688,0.289917,-0.8076172,0.4022827,0.097595215,0.4647827,-0.7826538,-0.29742432,0.35998535,-0.87872314,-0.099243164,0.8874512,-0.25286865,0.2531128,-0.2904663,0.5437012,0.7473755,0.38171387,-0.0025024414,-0.5444946,0.6795044,-0.37713623,-0.31555176,0.3302002,0.7602539,0.28295898,0.48242188,0.4274292,-0.5005493,0.72943115,0.18591309,0.354187,-0.3725586,-0.84924316,-0.12054443,0.32513428,-0.92944336,0.16418457,0.059265137,0.73309326,-0.2177124,-0.5368042,0.35632324,0.6329956,-0.085998535,0.10296631,0.76239014
-0.42614746,0.019897461,0.35101318,-0.8335571,0.51312256,0.029663086,0.34594727,-0.7849121,-0.43133545,0.42895508,-0.76641846,-0.20629883,0.8880005,-0.2559204,0.24133301,-0.29608154,0.5231323,0.6563721,0.5360718,-0.08935547,-0.6154175,0.6539917,-0.2722168,-0.34558105,0.3927002,0.5661011,0.48846436,0.53533936,0.51934814,-0.5404053,0.6415405,0.16296387,0.32641602,-0.3121338,-0.88031006,-0.14556885,0.27252197,-0.958313,-0.016479492,-0.08453369,0.7133789,-0.16156006,-0.47937012,0.48498535,0.63708496,-0.09472656,0.097351074,0.758667
-0.39526367,-0.16143799,0.42938232,-0.7958374,0.5957031,-0.089782715,0.20123291,-0.7723999,-0.5333252,0.49865723,-0.63549805,-0.2512207,0.8876953,-0.25830078,0.22991943,-0.30395508,0.44647217,0.5680542,0.6687622,-0.17504883,-0.6412964,0.6407471,-0.1973877,-0.3731079,0.43395996,0.40057373,0.63183594,0.50183105,0.5656128,-0.567749,0.5758667,0.16143799,0.31793213,-0.26635742,-0.8980713,-0.14660645,0.19232178,-0.9451294,-0.15979004,-0.21032715,0.6849365,-0.115356445,-0.39770508,0.5994873,0.64312744,-0.10272217,0.09387207,0.7529297
-0.3774414,-0.30895996,0.46636963,-0.7379761,0.6223755,-0.23913574,0.05706787,-0.743103,-0.6265869,0.5458374,-0.5006714,-0.24255371,0.8862915,-0.2590332,0.21972656,-0.31481934,0.3703003,0.48883057,0.7498169,-0.24822998,-0.6390991,0.6402588,-0.15063477,-0.39868164,0.44628906,0.23278809,0.75268555,0.42425537,0.579834,-0.59051514,0.53411865,0.17230225,0.32543945,-0.230896,-0.9065552,-0.13793945,0.09741211,-0.9071655,-0.26141357,-0.31506348,0.65283203,-0.09466553,-0.32287598,0.67858887,0.651062,-0.11047363,0.09222412,0.7451782
-0.34960938,-0.39709473,0.45666504,-0.715271,0.61743164,-0.3435669,-0.06689453,-0.7044678,-0.680603,0.5635376,-0.40093994,-0.24182129,0.88397217,-0.25775146,0.20812988,-0.32995605,0.32922363,0.4244995,0.79351807,-0.2857666,-0.633728,0.6331787,-0.12219238,-0.4272461,0.43322754,0.087890625,0.842041,0.309021,0.5857544,-0.60284424,0.5060425,0.19317627,0.3446045,-0.2029419,-0.90826416,-0.123168945,0.040283203,-0.85705566,-0.32702637,-0.39624023,0.616272,-0.10290527,-0.28790283,0.725708,0.66204834,-0.11871338,0.09173584,0.7342529
-0.3147583,-0.4486084,0.43206787,-0.7163086,0.62579346,-0.3798828,-0.14129639,-0.6664429,-0.70532227,0.5734863,-0.33447266,-0.24859619,0.87945557,-0.25354004,0.19482422,-0.3526001,0.31427002,0.37512207,0.81866455,-0.300354,-0.6182251,0.63067627,-0.1104126,-0.45599365,0.4091797,-0.024047852,0.89172363,0.19171143,0.58343506,-0.6084595,0.4897461,0.22241211,0.36584473,-0.18029785,-0.9064331,-0.109680176,0.018493652,-0.81762695,-0.37750244,-0.4343872,0.5753784,-0.12121582,-0.27069092,0.762146,0.67907715,-0.12536621,0.09265137,0.7172241
-0.28234863,-0.47717285,0.40124512,-0.729126,0.64593506,-0.3857422,-0.18579102,-0.6320801,-0.7168579,0.5773926,-0.2939453,-0.25756836,0.87109375,-0.24395752,0.18103027,-0.38580322,0.31848145,0.33654785,0.83117676,-0.30718994,-0.5942993,0.6345215,-0.10797119,-0.48223877,0.39038086,-0.10681152,0.90625,0.12158203,0.57507324,-0.61187744,0.48016357,0.253479,0.3828125,-0.1619873,-0.9034424,-0.10534668,0.016174316,-0.79278564,-0.41619873,-0.4451294,0.5375366,-0.13903809,-0.2703247,0.786499,0.70355225,-0.1281128,0.0927124,0.692749
-0.25646973,-0.48999023,0.36749268,-0.74780273,0.671875,-0.37213135,-0.20996094,-0.60498047,-0.72125244,0.57562256,-0.2723999,-0.272583,0.8583374,-0.22784424,0.1652832,-0.4290161,0.3378296,0.30718994,0.8347168,-0.30773926,-0.57647705,0.63323975,-0.10559082,-0.50549316,0.37524414,-0.16687012,0.9069824,0.09301758,0.57147217,-0.6121826,0.47039795,0.27819824,0.39404297,-0.14813232,-0.90026855,-0.11102295,0.029724121,-0.77453613,-0.4434204,-0.4501953,0.5064697,-0.1541748,-0.28485107,0.79907227,0.7351074,-0.12719727,0.0914917,0.6595459
-0.2364502,-0.49298096,0.335083,-0.767395,0.6999512,-0.34674072,-0.22106934,-0.5839844,-0.717041,0.57177734,-0.26483154,-0.2979126,0.83691406,-0.21014404,0.15264893,-0.48181152,0.36517334,0.28411865,0.8338623,-0.30096436,-0.5703125,0.6243286,-0.10064697,-0.52423096,0.36712646,-0.20910645,0.9019165,0.08935547,0.5770874,-0.60839844,0.45892334,0.2935791,0.40216064,-0.13842773,-0.8969116,-0.12145996,0.056274414,-0.7619629,-0.4625244,-0.44989014,0.48236084,-0.16485596,-0.30456543,0.8045654,0.772522,-0.12286377,0.09802246,0.61517334
-0.22332764,-0.49505615,0.30749512,-0.7814331,0.7255249,-0.31750488,-0.22814941,-0.56640625,-0.7084961,0.56695557,-0.26263428,-0.32818604,0.80340576,-0.19354248,0.14953613,-0.5428467,0.39056396,0.26220703,0.831604,-0.29510498,-0.5701904,0.61151123,-0.09552002,-0.54022217,0.3670044,-0.23925781,0.89331055,0.099731445,0.5881958,-0.6013794,0.44799805,0.3027954,0.4078369,-0.1338501,-0.8934326,-0.13244629,0.0859375,-0.75408936,-0.47747803,-0.44281006,0.4616089,-0.17047119,-0.31860352,0.8101196,0.8133545,-0.115722656,0.11669922,0.5579834
-0.21673584,-0.49951172,0.2849121,-0.7889404,0.74346924,-0.29119873,-0.2366333,-0.55358887,-0.70373535,0.55914307,-0.25738525,-0.3548584,0.75457764,-0.17572021,0.15496826,-0.6129761,0.40795898,0.24139404,0.8291626,-0.29608154,-0.5720215,0.5979004,-0.089782715,-0.55426025,0.37438965,-0.2616577,0.8814087,0.12030029,0.60028076,-0.59295654,0.43902588,0.30871582,0.4086914,-0.1359253,-0.89105225,-0.14343262,0.10900879,-0.74609375,-0.4880371,-0.4397583,0.44354248,-0.17047119,-0.32177734,0.8189087,0.854187,-0.10144043,0.1515503,0.48687744
-0.21447754,-0.50408936,0.26446533,-0.7937012,0.7543335,-0.27142334,-0.2475586,-0.5441284,-0.7050171,0.548645,-0.24890137,-0.37420654,0.6911011,-0.15106201,0.1809082,-0.6832886,0.4177246,0.2234497,0.826416,-0.30426025,-0.5760498,0.58428955,-0.083984375,-0.5654297,0.38519287,-0.28033447,0.868042,0.1394043,0.6109009,-0.5860596,0.4331665,0.30926514,0.40454102,-0.14465332,-0.8894043,-0.1560669,0.12286377,-0.73687744,-0.4934082,-0.4454956,0.42999268,-0.16687012,-0.3184204,0.828125,0.87939453,-0.084350586,0.20562744,0.42095947
-0.21246338,-0.5060425,0.24169922,-0.80029297,0.7608032,-0.25482178,-0.2592163,-0.53759766,-0.7093506,0.5368042,-0.24060059,-0.3883667,0.62805176,-0.11987305,0.21807861,-0.7373047,0.42425537,0.20916748,0.82244873,-0.31591797,-0.58428955,0.5715332,-0.0770874,-0.5710449,0.39642334,-0.29656982,0.85614014,0.14770508,0.62091064,-0.5805664,0.43041992,0.30352783,0.3953247,-0.15948486,-0.8881836,-0.17150879,0.13098145,-0.7279663,-0.4944458,-0.456604,0.42059326,-0.16186523,-0.31640625,0.8347168,0.87072754,-0.072265625,0.277771,0.39916992
-0.20892334,-0.5053711,0.21435547,-0.8093872,0.76678467,-0.23626709,-0.26849365,-0.53302,-0.71435547,0.52490234,-0.23376465,-0.3994751,0.55877686,-0.12719727,0.27752686,-0.7710571,0.4277954,0.19848633,0.81829834,-0.3284912,-0.59643555,0.56256104,-0.07128906,-0.56811523,0.40655518,-0.30969238,0.847229,0.14459229,0.63012695,-0.57696533,0.43115234,0.28997803,0.381958,-0.1786499,-0.8866577,-0.1899414,0.13647461,-0.72094727,-0.49291992,-0.46765137,0.41461182,-0.1550293,-0.31774902,0.83843994,0.8423462,-0.0713501,0.35961914,0.39489746
-0.2052002,-0.50512695,0.18774414,-0.81707764,0.7730713,-0.21569824,-0.2748413,-0.52941895,-0.72021484,0.51348877,-0.2277832,-0.40722656,0.48486328,-0.2241211,0.34033203,-0.77386475,0.42773438,0.19042969,0.8149414,-0.34143066,-0.61016846,0.55792236,-0.06628418,-0.5586548,0.41619873,-0.31958008,0.840271,0.1362915,0.6390381,-0.5739746,0.43450928,0.27075195,0.36376953,-0.20062256,-0.88604736,-0.20599365,0.13623047,-0.7175293,-0.4902954,-0.47564697,0.41192627,-0.14465332,-0.31835938,0.84143066,0.79089355,-0.105773926,0.4625244,0.38641357
-0.20269775,-0.50335693,0.16864014,-0.822937,0.77819824,-0.19915771,-0.28063965,-0.5253296,-0.72766113,0.50305176,-0.22241211,-0.40997314,0.44104004,-0.38336182,0.4182129,-0.6954346,0.4212036,0.18908691,0.8137207,-0.35302734,-0.62194824,0.5597534,-0.0625,-0.54400635,0.42486572,-0.32531738,0.8353882,0.12561035,0.6451416,-0.5737915,0.4389038,0.2487793,0.3371582,-0.22546387,-0.8881836,-0.21612549,0.12890625,-0.71832275,-0.4850464,-0.48187256,0.41241455,-0.12945557,-0.3164673,0.84436035,0.69073486,-0.15332031,0.5649414,0.42443848
-0.2008667,-0.4967041,0.15679932,-0.8297119,0.7819824,-0.19000244,-0.28186035,-0.52246094,-0.73583984,0.49505615,-0.21954346,-0.40667725,0.4069214,-0.5793457,0.48498535,-0.51342773,0.4083252,0.1954956,0.8147583,-0.36212158,-0.6308594,0.56622314,-0.05706787,-0.5274658,0.43029785,-0.32629395,0.83410645,0.11224365,0.64556885,-0.5782471,0.44696045,0.22155762,0.305542,-0.25024414,-0.8911133,-0.22357178,0.11419678,-0.72265625,-0.47711182,-0.4869995,0.41589355,-0.10992432,-0.31500244,0.8460083,0.51104736,-0.21380615,0.65771484,0.510376
-0.1987915,-0.4869995,0.15246582,-0.83673096,0.7858887,-0.18518066,-0.27648926,-0.5211792,-0.7435913,0.49017334,-0.21972656,-0.39819336,0.40093994,-0.72436523,0.4998169,-0.25445557,0.39154053,0.20635986,0.817749,-0.3678589,-0.6385498,0.57440186,-0.048706055,-0.50982666,0.43206787,-0.32214355,0.836853,0.09576416,0.644104,-0.5844116,0.45391846,0.19348145,0.26782227,-0.27471924,-0.89367676,-0.23272705,0.093566895,-0.72961426,-0.4658203,-0.49194336,0.42260742,-0.087646484,-0.3163452,0.84472656,0.25909424,-0.25775146,0.6784668,0.63720703
-0.19458008,-0.47680664,0.15692139,-0.84277344,0.78948975,-0.18548584,-0.26611328,-0.5209961,-0.7485962,0.48962402,-0.22277832,-0.3876953,0.43597412,-0.75805664,0.48480225,-0.016906738,0.37316895,0.21972656,0.822937,-0.36773682,-0.64630127,0.58569336,-0.03869629,-0.48760986,0.43023682,-0.3131714,0.8432007,0.075683594,0.6452637,-0.5897217,0.45690918,0.1642456,0.22424316,-0.2979126,-0.8946533,-0.24627686,0.06970215,-0.7376709,-0.45513916,-0.49389648,0.4329834,-0.06365967,-0.3223877,0.83935547,0.054504395,-0.2699585,0.64056396,0.71673584
-0.1862793,-0.4647827,0.16809082,-0.8491821,0.79296875,-0.19268799,-0.25250244,-0.51989746,-0.7513428,0.49328613,-0.22644043,-0.3753662,0.45562744,-0.7260132,0.47375488,0.2020874,0.3536377,0.23278809,0.829895,-0.36328125,-0.6557617,0.59924316,-0.026184082,-0.4584961,0.42425537,-0.30151367,0.85217285,0.05291748,0.64746094,-0.5963135,0.4560547,0.13098145,0.18096924,-0.3161621,-0.8951416,-0.25701904,0.04046631,-0.748291,-0.4459839,-0.489563,0.446167,-0.03869629,-0.3334961,0.8295288,-0.121154785,-0.25280762,0.56036377,0.7793579
-0.17480469,-0.44848633,0.18395996,-0.85705566,0.7975464,-0.20501709,-0.23461914,-0.51660156,-0.75115967,0.50177,-0.23248291,-0.36053467,0.4668579,-0.6680908,0.45196533,0.36254883,0.3328247,0.24603271,0.8375244,-0.35668945,-0.66516113,0.61346436,-0.0115356445,-0.4255371,0.41314697,-0.2869873,0.8635864,0.03277588,0.64727783,-0.6053467,0.4534912,0.09442139,0.13952637,-0.32824707,-0.89715576,-0.26068115,0.0064086914,-0.75927734,-0.4371338,-0.48217773,0.4613037,-0.012817383,-0.34588623,0.81689453,-0.2579956,-0.20880127,0.46136475,0.8227539
-0.16375732,-0.4321289,0.20947266,-0.8617554,0.80303955,-0.21923828,-0.20874023,-0.51330566,-0.7503052,0.5148926,-0.23754883,-0.33996582,0.49517822,-0.5935669,0.40075684,0.49176025,0.30523682,0.25976562,0.84716797,-0.34875488,-0.6720581,0.62945557,0.0038452148,-0.39001465,0.39556885,-0.2697754,0.8777466,0.015380859,0.6419678,-0.61865234,0.4491577,0.05822754,0.10070801,-0.33624268,-0.90197754,-0.25152588,-0.032714844,-0.76831055,-0.42547607,-0.4772339,0.47802734,0.014404297,-0.3581543,0.8018799,-0.35992432,-0.14569092,0.34625244,0.8540039
