millis,真实角度,测量角度
6515,178.6429,180
6519,178.6429,180
6531,178.64232,180
6539,178.64868,180
6552,178.64868,180
6558,178.64868,180
6573,178.64868,180
6579,178.64868,180
6595,178.63556,180
6603,178.7983,180
6612,178.7983,180
6618,178.7983,180
6632,178.61421,180
6638,178.61421,180
6652,178.78485,180
6658,178.62357,180
6673,178.62357,180
6678,178.62357,180
6692,178.4601,180
6698,178.4601,180
6712,178.73561,180
6719,178.73561,180
6732,178.73561,180
6740,178.73561,180
6752,178.55951,180
6758,178.44028,180
6772,178.44028,180
6779,178.44028,180
6792,178.47646,180
6799,178.59877,180
6811,178.72145,180
6818,178.72145,180
6831,178.54707,180
6838,178.54707,180
6853,178.54707,180
6858,178.54707,180
6873,178.54707,180
6878,178.54707,180
6891,178.66484,180
6898,178.66484,180
6913,178.66484,180
6918,178.66484,180
6933,178.53487,180
6939,178.53487,180
6953,178.53487,180
6958,178.53487,180
6973,178.65143,180
6979,178.81635,180
6992,178.81635,180
6999,178.6628,180
7012,178.65056,180
7018,178.65056,180
7033,178.65056,180
7038,178.66133,180
7052,178.54263,180
7059,178.54263,180
7072,178.54263,180
7079,178.70094,180
7092,178.83434,180
7102,178.66734,180
7112,178.65492,180
7120,178.65492,180
7132,178.65492,180
7138,178.65492,180
7152,178.65492,180
7158,178.65492,180
7172,178.65492,180
7179,178.65492,180
7193,178.65492,180
7199,178.65492,180
7213,178.64261,180
7218,178.64261,180
7232,178.64261,180
7238,178.64261,180
7252,178.64145,180
7259,178.64145,180
7271,178.64145,180
7278,178.64145,180
7292,178.64145,180
7297,178.64145,180
7313,178.47607,180
7318,178.47607,180
7332,178.62941,180
7339,178.60086,180
7353,178.60086,180
7358,178.76631,180
7373,178.90747,180
7378,178.90747,180
7392,178.90747,180
7398,178.75494,180
7413,178.62941,180
7418,178.4784,180
7432,178.4784,180
7437,178.4784,180
7452,178.4784,180
7457,178.62941,180
7472,178.57632,180
7478,178.57632,180
7491,178.7418,180
7497,178.7418,180
7511,178.7418,180
7517,178.7418,180
7533,178.7418,180
7538,178.89235,180
7552,178.89235,180
7557,178.89235,180
7572,178.57317,180
7578,178.45326,180
7591,178.45326,180
7597,178.45326,180
7612,178.56454,180
7618,178.41959,180
7633,178.41959,180
7638,178.55748,180
7651,178.55748,180
7658,178.55748,180
7672,178.55748,180
7679,178.55748,180
7691,178.55748,180
7697,178.55748,180
7711,178.59653,180
7718,178.59653,180
7732,178.71884,179
7738,178.71884,179
7751,178.71884,179
7758,178.90265,179
7771,178.71625,179
7778,178.5733,179
7791,178.57468,179
7798,178.57468,179
7812,178.6948,179
7817,178.53714,179
7833,178.42778,178
7838,178.43402,178
7854,178.43402,178
7859,178.5733,178
7873,178.75337,178
7878,178.75337,178
7892,178.75337,178
7898,178.75337,178
7913,178.57468,178
7918,178.57468,178
7933,178.57468,177
7937,178.43527,177
7952,178.54384,177
7958,178.54384,177
7972,178.60732,177
7978,178.76663,177
7992,178.57784,177
7998,178.4364,177
8012,178.10236,177
8017,178.21786,177
8031,178.15347,176
8037,178.15347,176
8051,177.98608,176
8058,177.98608,176
8072,178.0747,176
8077,178.0747,176
8091,177.99513,176
8098,177.99513,176
8112,177.99513,176
8118,177.99513,176
8132,177.99513,175
8137,177.99513,175
8152,178.07858,175
8157,178.07858,175
8172,178.08807,175
8176,178.08807,175
8191,178.01535,175
8197,178.01535,175
8211,177.68556,175
8218,177.68556,175
8232,177.32957,174
8237,177.32957,174
8252,177.06755,174
8257,177.06935,174
8271,176.72392,174
8277,176.73697,174
8291,176.23465,174
8298,176.16222,174
8312,176.0145,174
8317,176.05678,174
8332,175.91127,173
8337,175.85716,173
8352,175.79984,173
8358,175.79984,173
8372,175.72964,173
8377,175.81755,173
8391,175.35324,173
8397,175.34158,173
8412,175.06306,173
8416,175.08685,173
8432,174.92372,172
8438,174.87383,172
8452,174.8731,172
8457,174.8731,172
8471,174.90414,172
8478,174.90414,172
8491,174.85878,172
8497,174.85878,172
8512,174.90414,172
8516,174.90414,172
8531,174.85878,172
8536,174.85878,171
8552,174.85878,171
8557,174.85878,171
8572,174.82544,171
8577,174.82544,171
8591,174.86989,171
8597,174.86989,171
8611,174.85551,171
8617,174.85551,171
8632,174.85551,171
8637,174.85551,170
8652,174.82225,170
8657,174.82225,170
8671,174.48495,170
8677,174.52324,170
8692,173.94453,170
8697,173.90668,170
8711,173.39919,170
8717,173.39919,170
8731,173.1024,170
8736,173.10048,169
8752,172.85924,169
8756,172.85315,169
8772,172.82622,169
8776,172.82622,169
8792,172.52428,169
8801,172.54846,169
8811,172.24043,169
8817,172.19156,169
8832,171.995,169
8836,172.03444,168
8852,171.92319,168
8857,171.91684,168
8873,171.87888,168
8877,171.85204,168
8892,171.87943,168
8898,171.90869,168
8912,171.87921,168
8916,171.85632,168
8931,171.83473,168
8937,171.83473,167
8951,171.82433,167
8957,171.81808,167
8971,171.773,167
8976,171.773,167
8991,171.4071,167
8996,171.40082,167
9012,171.1281,167
9017,171.1514,167
9032,171.09833,167
9036,171.08801,167
9051,170.85942,166
9057,170.87979,166
9072,170.57054,166
9077,170.55417,166
9093,170.08517,166
9096,170.07072,166
9112,169.62146,166
9117,169.64644,166
9132,169.27936,166
9137,169.27621,166
9152,169.06044,165
9156,169.05551,165
9171,169.04674,165
9177,169.04674,165
9191,169.06667,165
9197,169.06667,165
9212,169.08316,165
9217,169.08316,165
9231,169.04425,165
9236,169.04425,165
9252,169.04425,164
9256,169.04425,164
9272,169.06415,164
9277,169.0576,164
9291,169.02715,164
9296,169.02715,164
9312,169.00479,164
9317,168.98894,164
9331,168.98894,164
9337,168.99855,164
9352,168.99605,163
9358,168.98952,163
9372,169.0031,163
9375,169.02556,163
9391,168.82144,163
9396,168.81181,163
9412,168.13783,163
9415,168.13783,163
9431,167.39041,163
9436,167.39041,163
9451,166.76144,162
9456,166.76144,162
9471,166.27338,162
9476,166.25632,162
9492,165.86664,162
9496,165.88248,162
9512,165.45235,162
9516,165.45224,162
9532,165.09836,162
9536,165.07205,162
9552,165.03387,161
9555,165.05602,161
9572,165.03708,161
9576,165.02515,161
9592,165.00818,161
9595,165.00975,161
9613,165.02377,161
9616,165.02377,161
9632,165.0164,161
9636,165.0164,161
9651,165.00397,160
9656,165.00938,160
9670,165.00645,160
9675,165.00645,160
9692,164.82112,160
9696,164.82977,160
9711,164.50117,160
9716,164.50769,160
9732,164.22084,160
9735,164.21169,160
9752,164.03249,159
9756,164.01906,159
9771,164.0219,159
9776,164.02953,159
9791,163.99872,159
9796,163.98917,159
9812,163.99805,159
9815,163.99123,159
9831,163.97952,159
9836,163.99455,159
9851,164.00323,158
9855,164.01007,158
9872,163.99837,158
9876,163.99837,158
9891,163.75899,158
9895,163.73729,158
9912,163.0237,158
9915,163.0237,158
9932,162.4076,158
9936,162.4284,158
9951,161.99422,157
9955,161.98056,157
9972,161.67644,157
9976,161.67354,157
9991,161.57178,157
9996,161.59125,157
10011,161.57141,157
10016,161.57042,157
10032,161.53725,157
10036,161.55211,157
10051,161.57541,156
10055,161.54402,156
10072,161.53726,156
10075,161.53726,156
10091,161.33723,156
10095,161.33723,156
10112,160.89525,156
10118,160.8926,156
10132,160.53166,156
10135,160.52905,156
10152,160.22728,155
10155,160.23488,155
10170,159.96346,155
10175,159.95422,155
10191,159.58592,155
10196,159.58997,155
10210,159.24347,155
10216,159.2602,155
10232,159.05191,155
10234,159.04712,155
10251,158.82373,154
10255,158.8024,154
10272,158.76797,154
10274,158.77997,154
10292,158.7359,154
10295,158.7359,154
10312,158.74525,154
10316,158.74525,154
10331,158.73259,154
10335,158.73259,154
10352,158.72925,153
10354,158.73532,153
10373,158.73532,153
10375,158.73532,153
10392,158.73532,153
10395,158.7223,153
10412,158.72528,153
10415,158.73355,153
10431,158.71173,153
10436,158.69876,153
10452,158.69876,153
10454,158.70348,152
10471,158.69083,152
10476,158.69083,152
10492,158.59688,152
10495,158.59688,152
10512,158.03899,152
10516,158.03325,152
10531,157.38116,152
10535,157.38116,152
10550,156.82562,152
10556,156.82562,151
10572,156.44553,151
10575,156.45155,151
10592,156.03998,151
10595,156.05365,151
10610,155.5802,151
10615,155.5828,151
10631,155.16644,151
10635,155.16644,151
10652,154.84464,151
10655,154.84874,150
10672,154.78336,150
10675,154.78336,150
10691,154.77698,150
10695,154.7689,150
10712,154.75786,150
10715,154.75786,150
10730,154.76294,150
10735,154.76294,150
10751,154.75945,150
10754,154.76381,150
10771,154.76381,149
10775,154.75337,149
10792,154.46445,149
10794,154.47278,149
10810,154.11414,149
10814,154.11833,149
10832,153.79799,149
10836,153.79716,149
10851,153.52211,149
10855,153.5103,149
10871,153.27762,148
10876,153.2667,148
10891,152.80194,148
10895,152.8047,148
10910,152.26956,148
10915,152.27664,148
10931,151.92058,148
10934,151.92058,148
10952,151.74594,148
10955,151.74594,148
10972,151.69456,147
10976,151.69456,147
10991,151.62737,147
10995,151.62737,147
11011,151.6057,147
11016,151.6057,147
11031,151.6072,147
11034,151.6072,147
11052,151.59637,147
11055,151.59637,147
11071,151.58627,146
11076,151.58627,146
11092,151.58627,146
11095,151.58627,146
11111,151.57619,146
11115,151.57619,146
11132,151.57327,146
11135,151.56287,146
11152,151.55928,146
11155,151.55928,146
11171,151.55928,145
11175,151.55928,145
11191,151.54921,145
11195,151.54921,145
11211,151.3742,145
11215,151.3766,145
11231,150.86841,145
11235,150.86615,145
11251,150.3229,145
11255,150.33209,145
11271,149.80641,144
11274,149.79938,144
11291,149.42479,144
11294,149.43182,144
11311,148.94965,144
11315,148.95775,144
11332,148.46968,144
11335,148.46007,144
11350,148.12973,144
11354,148.1273,144
11371,147.99994,143
11374,148.004,143
11391,148.00877,143
11394,148.00877,143
11410,147.97891,143
11415,147.9694,143
11431,147.59714,143
11435,147.60658,143
11451,147.1633,143
11455,147.15239,143
11470,146.87764,142
11474,146.87825,142
11491,146.88374,142
11495,146.88219,142
11511,146.87201,142
11515,146.87201,142
11531,146.87201,142
11533,146.87201,142
11550,146.87201,142
11554,146.87201,142
11571,146.86832,141
11574,146.86617,141
11591,146.8542,141
11594,146.85564,141
11610,146.6828,141
11614,146.6828,141
11634,146.2426,141
11635,146.2426,141
11652,145.88136,141
11654,145.89372,141
11671,145.79391,140
11673,145.78418,140
11691,145.79135,140
11694,145.79135,140
11711,145.77249,140
11713,145.77249,140
11732,145.66852,140
11734,145.66852,140
11750,145.21333,140
11754,145.21448,140
11770,144.68321,139
11774,144.68321,139
11790,144.23306,139
11794,144.2243,139
11811,143.71466,139
11814,143.71466,139
11831,143.1583,139
11833,143.1597,139
11852,142.73387,139
11854,142.73387,139
11871,142.47604,138
11873,142.48181,138
11891,142.2721,138
11895,142.26933,138
11911,142.2485,138
11914,142.242,138
11931,142.23819,138
11933,142.23819,138
11950,142.23285,138
11954,142.22444,138
11971,142.21622,137
11974,142.22461,137
11991,142.22313,137
11993,142.22313,137
12011,142.20955,137
12013,142.20955,137
12030,142.20367,137
12034,142.20367,137
12050,142.19543,137
12053,142.19543,137
12070,142.19164,136
12074,142.18323,136
12091,142.18323,136
12093,142.18323,136
12110,141.92462,136
12114,141.92462,136
12131,141.25562,136
12136,141.24739,136
12152,140.67886,136
12154,140.67886,136
12171,140.39084,135
12173,140.39894,135
12190,140.39484,135
12194,140.38713,135
12211,140.37756,135
12213,140.3785,135
12230,140.3785,135
12233,140.3785,135
12250,140.3785,135
12252,140.3785,135
12271,140.3785,135
12273,140.3785,134
12290,140.37161,134
12292,140.37161,134
12311,140.2404,134
12314,140.2404,134
12331,139.9271,134
12333,139.9271,134
12350,139.68556,134
12354,139.68556,134
12370,139.47063,134
12373,139.47673,134
12392,139.3878,133
12394,139.38858,133
12411,139.37381,133
12413,139.37381,133
12430,139.36035,133
12433,139.35345,133
12451,139.34734,133
12453,139.35425,133
12471,139.36293,133
12473,139.35527,133
12491,139.34354,132
12493,139.35043,132
12511,139.14366,132
12513,139.14314,132
12531,138.39937,132
12533,138.39922,132
12551,137.53427,132
12553,137.53427,132
12571,136.80057,132
12573,136.80057,132
12590,136.30421,131
12592,136.30421,131
12612,135.99348,131
12614,135.9932,131
12631,135.94202,131
12634,135.94873,131
12651,135.9382,131
12652,135.9382,131
12671,135.93423,131
12673,135.93423,131
12691,135.92146,130
12693,135.92146,130
12710,135.914,130
12713,135.914,130
12730,135.9175,130
12732,135.9175,130
12751,135.91005,130
12753,135.91005,130
12770,135.90472,130
12772,135.90472,130
12790,135.89952,129
12792,135.89981,129
12811,135.89236,129
12813,135.89253,129
12831,135.59222,129
12833,135.59175,129
12851,134.91052,129
12853,134.9108,129
12870,134.26234,129
12872,134.262,129
12892,133.80305,128
12893,133.80305,128
12911,133.45982,128
12913,133.45982,128
12932,132.99278,128
12933,132.9909,128
12950,132.39432,128
12953,132.3936,128
12971,131.8979,128
12973,131.8979,128
12990,131.64279,127
12992,131.64366,127
13010,131.63647,127
13012,131.63583,127
13030,131.62375,127
13033,131.62375,127
13051,131.61873,127
13053,131.61873,127
13070,131.61873,127
13073,131.61873,127
13091,131.61168,126
13093,131.61168,126
13109,131.61467,126
13113,131.61443,126
13131,131.42339,126
13132,131.42365,126
13150,131.00125,126
13153,131.00125,126
13171,130.82822,126
13173,130.82674,126
13191,130.62189,125
13193,130.62189,125
13211,130.61694,125
13213,130.6173,125
13231,130.5842,125
13233,130.5842,125
13251,130.57922,125
13253,130.57922,125
13271,130.57225,125
13272,130.57225,125
13290,130.5632,124
13292,130.5632,124
13311,130.56503,124
13311,130.56503,124
13331,130.33063,124
13332,130.33063,124
13350,129.58658,124
13352,129.59254,124
13370,128.79858,124
13372,128.79858,124
13392,128.17664,123
13393,128.17664,123
13410,127.80049,123
13412,127.80115,123
13431,127.64589,123
13432,127.64522,123
13450,127.500275,123
13452,127.500275,123
13471,127.48874,123
13471,127.48874,123
13489,127.47882,122
13493,127.47882,122
13511,127.47661,122
13512,127.47661,122
13530,127.45833,122
13533,127.45833,122
13551,127.45833,122
13552,127.45178,122
13570,127.45178,122
13572,127.45178,122
13591,127.44504,121
13592,127.451584,121
13610,127.44937,121
13612,127.44283,121
13630,127.28049,121
13632,127.279785,121
13651,126.61526,121
13652,126.61636,121
13670,125.88225,121
13673,125.88108,121
13690,125.296265,120
13693,125.296265,120
13711,124.917755,120
13712,124.91899,120
13730,124.665726,120
13732,124.666824,120
13751,124.63226,120
13753,124.63855,120
13770,124.63855,120
13772,124.63855,120
13790,124.63389,119
13792,124.63389,119
13810,124.62965,119
13813,124.62965,119
13831,124.61844,119
13833,124.61844,119
13850,124.61186,119
13853,124.60637,119
13871,124.59979,119
13873,124.59979,119
13891,124.60212,119
13892,124.60212,118
13911,124.59747,118
13912,124.59747,118
13931,124.39702,118
13932,124.39573,118
13950,123.76024,118
13952,123.76807,118
13971,123.15732,118
13971,123.15732,118
13990,122.67769,118
13992,122.67876,118
14010,122.32289,117
14012,122.32289,117
14030,121.82107,117
14031,121.81714,117
14051,121.29446,117
14053,121.29187,117
14070,120.9004,117
14072,120.91104,117
14091,120.66898,117
14092,120.672646,117
14110,120.4337,116
14112,120.44874,116
14130,120.418236,116
14132,120.418236,116
14150,120.40861,116
14153,120.41452,116
14171,120.41017,116
14173,120.41017,116
14190,120.40384,116
14192,120.40384,116
14211,120.39749,115
14212,120.39886,115
14231,120.37918,115
14232,120.37918,115
14250,120.36836,115
14252,120.36025,115
14270,120.35512,115
14272,120.35082,115
14291,120.35082,115
14292,120.356735,115
14310,120.3504,114
14312,120.348785,114
14331,120.1346,114
14332,120.13623,114
14350,119.43741,114
14352,119.44559,114
14370,118.74147,114
14372,118.743484,114
14390,118.20401,114
14392,118.20828,114
14410,117.902664,113
14411,117.90746,113
14430,117.48544,113
14433,117.50304,113
14450,117.13194,113
14451,117.11893,113
14471,116.93628,113
14472,116.944565,113
14490,116.92549,113
14492,116.92569,113
14511,116.910675,112
14511,116.910675,112
14530,116.904495,112
14531,116.89964,112
14550,116.89964,112
14552,116.904495,112
14570,116.898315,112
14572,116.898315,112
14591,116.898315,112
14591,116.898315,112
14610,116.89317,111
14612,116.89317,111
14631,116.88701,111
14632,116.88701,111
14650,116.62277,111
14653,116.62465,111
14670,116.190865,111
14672,116.19836,111
14690,115.82165,111
14692,115.83107,111
14711,115.496574,110
14712,115.49753,110
14730,115.219574,110
14732,115.22347,110
14751,115.00255,110
14752,115.01099,110
14770,114.59292,110
14772,114.59292,110
14790,114.18648,110
14792,114.19678,110
14810,113.91476,109
14812,113.91286,109
14830,113.881775,109
14833,113.87731,109
14850,113.86087,109
14852,113.87025,109
14871,113.840034,109
14872,113.83797,109
14890,113.53714,109
14893,113.543816,109
14910,113.211685,108
14912,113.19875,108
14930,112.98328,108
14931,112.98711,108
14951,112.889885,108
14951,112.89173,108
14971,112.86678,108
14971,112.868904,108
14989,112.86288,108
14991,112.86821,108
15010,112.86393,107
15012,112.8586,107
15030,112.85256,107
15032,112.85256,107
15050,112.85256,107
15052,112.85256,107
15070,112.84654,107
15072,112.84441,107
15090,112.834946,107
15092,112.834946,107
15110,112.834946,106
15112,112.837074,106
15130,112.831055,106
15133,112.831055,106
15150,112.71535,106
15152,112.71535,106
15171,112.11017,106
15171,112.11762,106
15189,111.49962,106
15192,111.50233,106
15210,110.91352,105
15212,110.93017,105
15230,110.42249,105
15232,110.43212,105
15250,109.96991,105
15253,109.9591,105
15270,109.83271,105
15272,109.83135,105
15291,109.82063,105
15292,109.82372,105
15310,109.81779,104
15312,109.81779,104
15330,109.80592,104
15332,109.80592,104
15351,109.78633,104
15352,109.78633,104
15370,109.77745,104
15372,109.77745,104
15390,109.771515,104
15392,109.771515,104
15411,109.76558,103
15412,109.761024,103
15429,109.7551,103
15432,109.75077,103
15450,109.421814,103
15452,109.42847,103
15470,108.72146,103
15472,108.731255,103
15489,108.11291,103
15492,108.09648,103
15509,107.60239,102
15511,107.59989,102
15530,107.22581,102
15532,107.27659,102
15550,106.927795,102
15552,106.930275,102
15570,106.578125,102
15573,106.578125,102
15590,106.391975,102
15593,106.40014,102
15610,106.217064,101
15612,106.217064,101
15630,106.2012,101
15632,106.2012,101
15650,106.19536,101
15652,106.19536,101
15670,106.19536,101
15672,106.19536,101
15690,106.18952,101
15692,106.187004,101
15710,106.18175,101
15711,106.18175,100
15730,106.17591,100
15732,106.17182,100
15750,106.17182,100
15752,106.16765,100
15769,106.161804,100
15772,106.161804,100
15790,106.161804,100
15792,106.15596,100
15810,106.156555,100
15812,106.156555,100
15830,106.156555,99
15831,106.156555,99
15851,106.101234,99
15851,106.101234,99
15870,106.09539,99
15872,106.09053,99
15891,106.0847,99
15892,106.0847,99
15909,106.08053,99
15912,106.08053,99
15930,106.078,98
15931,106.07216,98
15952,105.9991,98
15953,105.9991,98
15969,106.0164,98
15971,105.27037,98
15989,104.207146,98
15991,104.19727,98
16010,104.21061,98
16012,103.33086,98
16029,102.63371,97
16032,102.69531,97
16050,102.74483,97
16052,102.348946,97
16070,102.206924,97
16071,102.208694,97
16091,102.204865,97
16092,102.18806,97
16110,102.18063,97
16110,102.169136,97
16129,102.169136,96
16132,102.15763,96
16150,102.15489,96
16151,102.143845,96
16171,102.143845,96
16172,102.13725,96
16190,102.13725,96
16191,102.1315,96
16210,102.12574,96
16212,102.12574,96
16230,102.121155,95
16232,102.121605,95
16250,102.021965,95
16251,102.02937,95
16270,102.05581,95
16270,101.61954,95
16290,101.05288,95
16290,101.078606,95
16309,101.103676,95
16311,100.42032,95
16329,100.45107,94
16331,99.82722,94
16350,99.89112,94
16352,99.17741,94
16370,99.21022,94
16371,98.50639,94
16390,98.514694,94
16392,97.97947,94
16409,98.00825,94
16411,97.61062,94
16429,97.61725,93
16430,97.52048,93
16451,97.52417,93
16452,97.48939,93
16468,97.485855,93
16471,97.4745,93
16490,97.4713,93
16491,97.45554,93
16510,97.4526,93
16511,97.44124,93
16530,97.43669,92
16531,97.42566,92
16549,97.42566,92
16552,97.41844,92
16569,97.41524,92
16571,97.40361,92
16589,97.400085,92
16591,97.38047,92
16609,97.39746,92
16611,97.170425,92
16630,97.189804,91
16631,96.90028,91
16650,96.903786,91
16651,96.80712,91
16670,96.80712,91
16672,96.65836,91
16689,96.6508,91
16690,96.281006,91
16710,96.29686,91
16712,95.90972,91
16729,95.9305,90
16732,95.6218,90
16750,95.624886,90
16750,95.579926,90
16769,95.591324,90
16771,95.56046,90
16789,95.56046,90
16791,95.554825,90
16808,95.55146,90
16811,95.53992,90
16829,95.53575,89
16831,95.524445,89
16849,95.51769,89
16850,95.51204,89
16869,95.51847,89
16871,95.51257,89
16889,95.51257,89
16891,95.506935,89
16909,95.50353,89
16910,95.49812,89
16930,95.50152,90
16931,95.495865,90
16949,95.49248,90
16951,95.486336,90
16970,95.486336,90
16970,95.48093,90
16988,95.47758,90
16990,95.481705,90
17008,95.47868,90
17011,95.472786,90
17029,95.472786,91
17031,95.472786,91
17049,95.46938,91
17051,95.46373,91
17069,95.46373,91
17070,95.46349,91
17089,95.46349,91
17091,95.45784,91
17109,95.45784,91
17110,95.45808,91
17129,95.45391,92
17131,95.45343,92
17149,95.45343,92
17151,95.44801,92
17168,95.44801,92
17170,95.452156,92
17188,95.452156,92
17190,95.4465,92
17209,95.4465,92
17211,95.44625,92
17229,95.44625,93
17231,95.44625,93
17248,95.443214,93
17250,95.4378,93
17269,95.4378,93
17270,95.44193,93
17288,95.44193,93
17290,95.44146,93
17308,95.44146,93
17311,95.436035,93
17329,95.436035,94
17330,95.436035,94
17349,95.436035,94
17351,95.435555,94
17369,95.435555,94
17369,95.43013,94
17389,95.43013,94
17390,95.43013,94
17408,95.4271,94
17411,95.42686,94
17428,95.42686,94
17431,95.42686,94
17449,95.42686,95
17450,95.42686,95
17468,95.42347,95
17469,95.4513,95
17489,95.4513,95
17490,95.46109,95
17508,95.45774,95
17510,95.45774,95
17528,95.45774,95
17531,95.461624,95
17549,95.461624,96
17550,95.461624,96
17569,95.45407,96
17570,95.4582,96
17588,95.44167,96
17590,95.7032,96
17608,95.67579,96
17610,95.980255,96
17628,95.97685,96
17630,96.25946,96
17648,96.25974,97
17652,96.35359,97
17668,96.343605,97
17670,96.55926,97
17689,96.53887,97
17689,96.8985,97
17708,96.877556,97
17710,97.19334,97
17729,97.182556,97
17730,97.42231,97
17748,97.425156,98
17750,97.46116,98
17769,97.459755,98
17770,97.47523,98
17788,97.48275,98
17790,97.48275,98
17808,97.48275,98
17811,97.49256,98
17828,97.49256,98
17831,97.49823,98
17848,97.49823,99
17850,97.49823,99
17868,97.49823,99
17870,97.537476,99
17888,97.516846,99
17890,97.79681,99
17908,97.76973,99
17911,98.10998,99
17941,98.10985,99
17942,98.36602,99
17947,98.38032,100
17949,98.39619,100
17968,98.37413,100
17970,98.49438,100
17988,98.45774,100
17989,98.88205,100
18007,98.85076,100
18010,99.298805,100
18028,99.295296,100
18030,99.59387,100
18048,99.593216,101
18049,99.69405,101
18068,99.69405,101
18070,99.811905,101
18088,99.79395,101
18090,100.23923,101
18108,100.238,101
18110,100.56658,101
18127,100.58117,101
18130,100.691505,101
18149,100.689896,102
18150,100.703735,102
18169,100.67305,102
18169,100.7059,102
18188,100.7059,102
18190,100.71005,102
18208,100.71005,102
18209,100.71161,102
18228,100.71161,102
18231,100.72149,102
18248,100.71868,103
18249,100.720245,103
18268,100.722275,103
18271,100.722275,103
18288,100.716545,103
18289,100.8873,103
18309,100.87997,103
18310,101.39976,103
18327,101.40311,103
18330,101.92228,103
18348,101.9217,104
18351,102.30327,104
18369,102.309555,104
18370,102.4359,104
18388,102.400085,104
18388,102.778114,104
18408,102.76608,104
18409,103.254265,104
18428,103.2508,104
18429,103.61893,104
18448,103.625565,105
18448,103.906494,105
18467,103.90299,105
18470,104.045135,105
18487,104.04519,105
18490,104.14529,105
18507,104.13789,105
18510,104.509476,105
18528,104.509514,105
18530,104.83145,105
18547,104.83456,106
18549,105.059,106
18567,105.05159,106
18570,105.0636,106
18587,105.0662,106
18589,105.08153,106
18607,105.078926,106
18609,105.08891,106
18626,105.08497,106
18629,105.08024,106
18647,105.08024,107
18649,105.08024,107
18667,105.089035,107
18669,105.089035,107
18688,105.089035,107
18689,105.11899,107
18708,105.10762,107
18710,105.44428,107
18727,105.44428,107
18729,105.75018,107
18747,105.75018,108
18749,106.07899,108
18767,106.07899,108
18769,106.43711,108
18788,106.43306,108
18789,106.907036,108
18808,106.907036,108
18809,107.540886,108
18828,107.55153,108
18829,108.09623,108
18847,108.11398,109
18850,108.44615,109
18867,108.43088,109
18870,108.514435,109
18889,108.49452,109
18889,108.5234,109
18907,108.51595,109
18909,108.51595,109
18926,108.51595,109
18928,108.51007,109
18947,108.51007,109
18949,108.51007,110
18968,108.51513,110
18969,108.51513,110
18987,108.51747,110
18989,108.65322,110
19007,108.650894,110
19009,109.00723,110
19026,109.00632,110
19028,109.335014,110
19047,109.33316,110
19049,109.52314,110
19066,109.51995,111
19069,109.532906,111
19086,109.53518,111
19088,109.626785,111
19107,109.61933,111
19109,110.08721,111
19127,110.102196,111
19129,110.57618,111
19147,110.566895,111
19149,110.83612,111
19167,110.83829,112
19169,110.906425,112
19187,110.90419,112
19189,110.96687,112
19207,110.959496,112
19210,111.30696,112
19227,111.30696,112
19229,111.63752,112
19247,111.639626,112
19249,111.90889,112
19266,111.90889,113
19269,112.12217,113
19287,112.12217,113
19289,112.18186,113
19306,112.18186,113
19308,112.18186,113
19327,112.18186,113
19329,112.192154,113
19347,112.19531,113
19349,112.19101,113
19367,112.19101,114
19369,112.186455,114
19386,112.18113,114
19388,112.23629,114
19407,112.23629,114
19409,112.61397,114
19427,112.61397,114
19429,113.00763,114
19447,113.00963,114
19449,113.34569,114
19467,113.37034,115
19469,113.59985,115
19487,113.58544,115
19489,113.61769,115
19507,113.61227,115
19509,113.62928,115
19526,113.627205,115
19529,113.7685,115
19547,113.7685,115
19549,114.086784,115
19567,114.086784,116
19569,114.41838,116
19587,114.41289,116
19589,114.882614,116
19606,114.88158,116
19609,115.41636,116
19626,115.41352,116
19629,115.75649,116
19646,115.76281,116
19649,116.02809,116
19667,116.04054,117
19669,116.06431,117
19687,116.059074,117
19689,116.05391,117
19706,116.041855,117
19710,116.06793,117
19726,116.06233,117
19728,116.06845,117
19745,116.06845,117
19749,116.067444,117
19766,116.06554,118
19768,116.06554,118
19787,116.06554,118
19789,116.294846,118
19806,116.294846,118
19808,116.75527,118
19826,116.75527,118
19829,117.16095,118
19846,117.165085,118
19848,117.518524,118
19866,117.535736,119
19869,117.75401,119
19886,117.72265,119
19888,117.87674,119
19906,117.87983,119
19909,118.31398,119
19926,118.31467,119
19929,118.782394,119
19948,118.78067,119
19949,119.12081,119
19966,119.11972,120
19968,119.19316,120
19986,119.19295,120
19990,119.51866,120
20006,119.52489,120
20009,119.933426,120
20027,119.931206,120
20029,120.299545,120
20045,120.28949,120
20049,120.57895,120
20066,120.57298,121
20069,120.82254,121
20086,120.827644,121
20089,120.88485,121
20105,120.88485,121
20108,120.8818,121
20126,120.8818,121
20129,120.88814,121
20146,120.874115,121
20148,120.874115,121
20166,120.874115,122
20169,120.86779,122
20187,120.86779,122
20190,120.8698,122
20208,120.8698,122
20209,120.87866,122
20226,120.87866,122
20228,120.87866,122
20246,120.87866,122
20249,120.884995,122
20265,120.88342,123
20269,120.88342,123
20286,120.87831,123
20289,120.87706,123
20306,120.88217,123
20309,121.06854,123
20326,121.063416,123
20329,121.7499,123
20346,121.7499,123
20349,122.491104,123
20365,122.491104,124
20368,123.07556,124
20386,123.07556,124
20389,123.397194,124
20406,123.39631,124
20408,123.41934,124
20426,123.41934,124
20428,123.41148,124
20445,123.41011,124
20448,123.41149,124
20465,123.41149,125
20470,123.41011,125
20486,123.41148,125
20489,123.41796,125
20505,123.41796,125
20509,123.66349,125
20525,123.66349,125
20529,124.028984,125
20545,124.0354,125
20549,124.29861,125
20566,124.29099,126
20569,124.43454,126
20586,124.43996,126
20588,124.4381,126
20606,124.43138,126
20609,124.515396,126
20625,124.514496,126
20629,124.943634,126
20646,124.949715,126
20648,125.33617,126
20665,125.33372,126
20668,125.557465,127
20685,125.54985,127
20689,125.778366,127
20708,125.778366,127
20709,126.0071,127
20726,125.9998,127
20729,126.36948,127
20745,126.36948,127
20749,126.73967,127
20766,126.73967,127
20769,126.95416,128
20785,126.95416,128
20789,127.15425,128
20804,127.16154,128
20809,127.18708,128
20825,127.186356,128
20828,127.186356,128
20845,127.17978,128
20848,127.186485,128
20865,127.19379,128
20869,127.18964,128
20885,127.18964,129
20889,127.18964,129
20905,127.18964,129
20908,127.20847,129
20926,127.207405,129
20930,127.21412,129
20945,127.220856,129
20948,127.220856,129
20965,127.220856,129
20969,127.220856,129
20986,127.21519,130
20988,127.21519,130
21005,127.21412,130
21008,127.381294,130
21025,127.381294,130
21028,128.03128,130
21045,128.03128,130
21048,128.8397,130
21065,128.8397,130
21068,129.5885,130
21086,129.58168,131
21089,130.11353,131
21105,130.1127,131
21109,130.51566,131
21124,130.50964,131
21128,131.01237,131
21144,131.01843,131
21148,131.49069,131
21165,131.48459,131
21169,131.80083,131
21185,131.80083,132
21188,131.97095,132
21205,131.97095,132
21211,132.06412,132
21225,132.06412,132
21228,132.06412,132
21245,132.06412,132
21248,132.06412,132
21265,132.06412,132
21268,132.06723,132
21285,132.06723,133
21288,132.07431,133
21305,132.07431,133
21309,132.08853,133
21325,132.08853,133
21329,132.11685,133
21345,132.11624,133
21349,132.1143,133
21364,132.1143,133
21368,132.1143,133
21385,132.1143,134
21388,132.1143,134
21405,132.1143,134
21409,132.30609,134
21425,132.30609,134
21429,132.87923,134
21445,132.87923,134
21448,133.47452,134
21466,133.47452,134
21468,133.91924,134
21484,133.91924,135
21488,134.22528,135
21505,134.22528,135
21509,134.51228,135
21524,134.50586,135
21529,134.94714,135
21544,134.94714,135
21548,135.29404,135
21564,135.29404,135
21568,135.33377,135
21584,135.326,136
21588,135.33337,136
21604,135.3336,136
21608,135.3336,136
21625,135.3336,136
21629,135.32623,136
21644,135.326,136
21648,135.33337,136
21665,135.3336,136
21669,135.3336,136
21685,135.3336,137
21689,135.3336,137
21705,135.3336,137
21709,135.3607,137
21724,135.3607,137
21729,135.64124,137
21744,135.63466,137
21748,135.96057,137
21764,135.96815,137
21769,136.27771,137
21784,136.27771,138
21788,136.51904,138
21804,136.51123,138
21808,136.87373,138
21824,136.87373,138
21828,137.35562,138
21845,137.35562,138
21849,137.8157,138
21865,137.80887,138
21868,138.11649,138
21885,138.12337,139
21888,138.35948,139
21904,138.35948,139
21909,138.45432,139
21924,138.43956,139
21929,138.43784,139
21944,138.44577,139
21948,138.45131,139
21965,138.44339,139
21969,138.43784,139
21984,138.44476,140
21989,138.44647,140
22005,138.43956,140
22009,138.43956,140
22024,138.43956,140
22029,138.50615,140
22044,138.50685,140
22048,138.86931,140
22064,138.86931,140
22069,139.27542,140
22084,139.27542,141
22088,139.69284,141
22105,139.69907,141
22109,140.04489,141
22124,140.05276,141
22129,140.45583,141
22144,140.45583,141
22148,140.98444,141
22164,140.98444,141
22168,141.3852,141
22184,141.38565,142
22189,141.57693,142
22204,141.56853,142
22208,141.56853,142
22223,141.56853,142
22228,141.59744,142
22243,141.60535,142
22248,141.86116,142
22263,141.86116,142
22268,142.1228,142
22283,142.11432,143
22288,142.27794,143
22304,142.27927,143
22309,142.28369,143
22324,142.28238,143
22328,142.28616,143
22344,142.28616,143
22348,142.28616,143
22364,142.28749,143
22368,142.28458,143
22383,142.28458,143
22388,142.29282,144
22403,142.29282,144
22408,142.29282,144
22424,142.29897,144
22428,142.49074,144
22443,142.49074,144
22449,142.94707,144
22466,142.9557,144
22469,143.32375,144
22484,143.32375,144
22488,143.63005,145
22505,143.61362,145
22508,143.73518,145
22524,143.74396,145
22529,143.87277,145
22544,143.86397,145
22548,144.30847,145
22564,144.30847,145
22568,144.69627,145
22584,144.69627,145
22588,144.9588,146
22605,144.9588,146
22608,145.11319,146
22623,145.12114,146
22628,145.15388,146
22643,145.15388,146
22648,145.16928,146
22664,145.16928,146
22668,145.16928,146
22684,145.16928,146
22688,145.17798,146
22704,145.17798,147
22708,145.17798,147
22724,145.17798,147
22728,145.17798,147
22743,145.17798,147
22748,145.17798,147
22763,145.17798,147
22768,145.17798,147
22784,145.17798,147
22788,145.17798,147
22804,145.17001,148
22808,145.17868,148
22824,145.18774,148
22828,145.33305,148
22843,145.32397,148
22849,145.95026,148
22864,145.95145,148
22868,146.713,148
22883,146.713,148
22889,147.33752,148
22903,147.33752,149
22908,147.78096,149
22923,147.78096,149
22928,148.15329,149
22943,148.14633,149
22948,148.57727,149
22964,148.57727,149
22970,148.8404,149
22983,148.84908,149
22989,149.0477,149
23004,149.04497,150
23008,149.0544,150
23023,149.06253,150
23028,149.10143,150
23044,149.10143,150
23048,149.11186,150
23063,149.11186,150
23068,149.11746,150
23083,149.11746,150
23088,149.1223,150
23104,149.1223,151
23108,149.1279,151
23122,149.12968,151
23128,149.12968,151
23143,149.12968,151
23147,149.14012,151
23164,149.14012,151
23168,149.23111,151
23183,149.22118,151
23188,149.50023,151
23203,149.51024,152
23208,149.78542,152
23224,149.78949,152
23228,150.05515,152
23243,150.05515,152
23248,150.63152,152
23263,150.63467,152
23268,151.20306,152
23282,151.19975,152
23288,151.74857,152
23303,151.7438,153
23308,152.1404,153
23323,152.13795,153
23328,152.42516,153
23343,152.42767,153
23348,152.7761,153
23363,152.7761,153
23368,153.04362,153
23383,153.04362,153
23388,153.29904,153
23404,153.29631,154
23408,153.33902,154
23423,153.33902,154
23428,153.34435,154
23442,153.34435,154
23448,153.35547,154
23463,153.35823,154
23468,153.3535,154
23483,153.3535,154
23489,153.3641,154
23503,153.3641,155
23508,153.3641,155
23522,153.3641,155
23528,153.46797,155
23543,153.46797,155
23548,153.94205,155
23562,153.94205,155
23567,154.44278,155
23583,154.44278,155
23588,154.87917,155
23603,154.87207,156
23608,155.16524,156
23622,155.16771,156
23628,155.3311,156
23643,155.3311,156
23648,155.73346,156
23662,155.72632,156
23669,156.02274,156
23682,156.02274,156
23688,156.18771,156
23702,156.18771,157
23708,156.18211,157
23723,156.18211,157
23728,156.2413,157
23743,156.2413,157
23748,156.63676,157
23763,156.63676,157
23768,156.95674,157
23782,156.95824,157
23787,157.19695,157
23802,157.20262,158
23808,157.23282,158
23823,157.23282,158
23828,157.23282,158
23841,157.23282,158
23848,157.23282,158
23862,157.23282,158
23867,157.23282,158
23882,157.23282,158
23887,157.23282,158
23903,157.23282,159
23908,157.24481,159
23922,157.25731,159
23928,157.25731,159
23943,157.25334,159
23948,157.26537,159
23962,157.2765,159
23968,157.34619,159
23984,157.32646,159
23988,157.67322,159
24002,157.67322,160
24007,157.99763,160
24022,157.99901,160
24028,158.28596,160
24042,158.29155,160
24048,158.66722,160
24062,158.66722,160
24068,159.22884,160
24082,159.23529,160
24088,159.65091,160
24102,159.64421,160
24109,159.87436,161
24122,159.86014,161
24128,159.93015,161
24142,159.9425,161
24148,159.95563,161
24162,159.95563,161
24168,159.96848,161
24182,159.95609,161
24188,159.96268,161
24202,159.96268,161
24208,159.96591,162
24222,159.96591,162
24228,159.96591,162
24242,159.96591,162
24248,159.98885,162
24262,159.98885,162
24267,159.98885,162
24282,159.98885,162
24289,159.98885,162
24302,160.00125,162
24307,160.00781,163
24322,160.00781,163
24328,159.99771,163
24342,159.99258,163
24347,160.06375,163
24362,160.07616,163
24368,160.48141,163
24381,160.48141,163
24388,161.00749,163
24402,161.00749,163
24408,161.52657,164
24422,161.52657,164
24428,162.02007,164
24442,162.02007,164
24448,162.5346,164
24462,162.5346,164
24468,163.28369,164
24483,163.26775,164
24488,163.87643,164
24503,163.87643,164
24509,164.3275,164
24522,164.3275,165
24527,164.56737,165
24542,164.56737,165
24548,164.59145,165
24561,164.6085,165
24567,164.7828,165
24582,164.7656,165
24588,165.13266,165
24601,165.13266,165
24607,165.2933,165
24622,165.2933,166
24628,165.30096,166
24641,165.30096,166
24647,165.30385,166
24662,165.30385,166
24668,165.31148,166
24681,165.31148,166
24687,165.32886,166
24701,165.34662,166
24709,165.33687,166
24722,165.31912,167
24727,165.32204,167
24741,165.32204,167
24748,165.34508,167
24762,165.36285,167
24767,165.51984,167
24781,165.50189,167
24788,165.86816,167
24802,165.86816,167
24807,166.22542,167
24821,166.2279,168
24828,166.46822,168
24842,166.46545,168
24848,166.63634,168
24861,166.63634,168
24868,167.02393,168
24881,167.02393,168
24888,167.34373,168
24901,167.34373,168
24907,167.4647,168
24921,167.4647,169
24927,167.45576,169
24941,167.45576,169
24948,167.46411,169
24961,167.46411,169
24968,167.48117,169
24981,167.48117,169
24988,167.50119,169
25001,167.4809,169
25008,167.452,169
25022,167.46559,170
25027,167.48553,170
25041,167.47192,170
25048,167.48904,170
25061,167.48904,170
25067,167.51448,170
25081,167.55315,170
25088,167.754,170
25101,167.754,170
25108,168.12442,170
25122,168.12442,171
25127,168.44266,171
25141,168.42758,171
25148,168.78398,171
25161,168.77962,171
25168,169.30328,171
25181,169.31117,171
25188,169.78313,171
25201,169.79541,171
25207,170.12625,171
25222,170.1031,172
25228,170.24982,172
25241,170.24982,172
25248,170.31253,172
25260,170.3297,172
25268,170.70538,172
25281,170.69376,172
25287,171.09265,172
25300,171.08632,172
25308,171.4102,172
25321,171.43823,173
25327,171.67136,173
25341,171.63116,173
25347,171.66261,173
25361,171.66261,173
25367,171.67062,173
25382,171.69669,173
25388,171.71767,173
25401,171.70938,173
25407,171.71136,173
25421,171.74857,174
25427,171.74857,174
25441,171.71136,174
25447,171.69505,174
25461,171.7212,174
25467,171.73195,174
25481,171.73195,174
25488,171.72314,174
25501,171.72314,174
25507,171.75493,174
25521,171.73697,175
25528,171.73892,175
25541,171.73892,175
25547,171.97774,175
25561,171.97774,175
25568,172.69623,175
25581,172.69623,175
25588,173.42723,175
25601,173.42723,175
25608,173.98752,175
25621,174.02608,176
25627,174.42142,176
25641,174.42142,176
25647,174.53618,176
25661,174.49445,176
25668,174.68065,176
25680,174.68065,176
25687,175.01367,176
25700,175.05942,176
25707,175.10004,176
25720,175.05391,176
25727,175.05443,177
25742,175.05443,177
25749,175.07002,177
25761,175.07002,177
25768,175.1048,177
25781,175.1378,177
25787,175.10564,177
25800,175.10564,177
25807,175.10608,177
25820,175.10608,177
25827,175.15645,178
25841,175.15645,178
25847,175.10895,178
25860,175.06683,178
25867,175.21259,178
25881,175.2508,178
25888,175.59758,178
25900,175.55115,178
25908,175.9707,178
25920,175.92009,178
25927,176.20367,179
25941,176.30298,179
25947,176.46742,179
25961,176.41942,179
25967,176.57617,179
25980,176.64142,179
25988,177.01273,179
26000,176.94002,179
26007,177.18512,179
26020,177.25711,179
26028,177.46556,180
26041,177.40189,180
26047,177.3378,180
26060,177.35144,180
26067,177.4344,180
26081,177.4344,180
26087,177.81671,180
26101,177.81671,180
26108,178.04565,180
26121,178.04565,180
26127,178.32767,181
26140,178.32767,181
26147,178.28127,181
26161,178.28127,181
26167,178.26381,181
26181,178.37924,181
26187,178.52356,181
26200,178.39783,181
26207,178.38844,181
26220,178.38844,181
26228,178.379,181
26240,178.379,180
26247,178.37875,180
26260,178.3825,180
26268,178.52754,180
26280,178.52342,180
26287,178.36961,180
26300,178.493,180
26307,178.53433,180
26320,178.5386,180
26327,178.38312,180
26341,178.26743,179
26347,178.40186,179
26359,178.40186,179
26367,178.26743,179
26380,178.26743,179
26388,178.40186,179
26399,178.40186,179
26407,178.40186,179
26420,178.40186,179
26427,178.25874,179
26439,178.25874,178
26447,178.39246,178
26460,178.39246,178
26467,178.39246,178
26481,178.39246,178
26487,178.40186,178
26500,178.40186,178
26508,178.39246,178
26520,178.51787,178
26527,178.51787,178
26540,178.51787,177
26547,178.41193,177
26560,178.41193,177
26567,178.52887,177
26579,178.51682,177
26587,178.46036,177
26600,178.46036,177
26607,178.15921,177
26620,178.15921,177
26626,178.10907,177
26640,178.01988,176
26646,177.72188,176
26660,177.79869,176
26667,177.69794,176
26679,177.60583,176
26687,177.77516,176
26700,177.87311,176
26707,177.87311,176
26720,177.87311,176
26728,177.86852,176
26739,177.86852,175
26747,177.86852,175
26761,177.77077,175
26768,177.67426,175
26780,177.76778,175
26788,177.48059,175
26800,177.48059,175
26807,177.21484,175
26819,177.21484,175
26827,176.9411,175
26840,176.9411,174
26847,176.71396,174
26860,176.71396,174
26867,176.45299,174
26880,176.39104,174
26888,175.99303,174
26899,175.98322,174
26908,175.76645,174
26919,175.76645,174
26928,175.65634,174
26940,175.65634,173
26948,175.42847,173
26959,175.42847,173
26968,175.38896,173
26980,175.38896,173
26988,175.42311,173
27000,175.42311,173
27008,175.42311,173
27019,175.42311,173
27027,175.42311,173
27039,175.42311,172
27047,175.42299,172
27059,175.42299,172
27067,175.38641,172
27080,175.38641,172
27088,175.42299,172
27099,175.42299,172
27107,175.37259,172
27119,175.37259,172
27128,175.38654,172
27140,175.38654,171
27146,175.38654,171
27159,175.42192,171
27167,175.35506,171
27180,175.36887,171
27186,174.83199,171
27199,174.83199,171
27206,174.3536,171
27219,174.3536,171
27227,173.99005,171
27239,173.99005,170
27247,173.90186,170
27261,173.90186,170
27268,173.85953,170
27279,173.88506,170
27287,173.94812,170
27299,173.91005,170
27307,173.88211,170
27319,173.88211,170
27327,173.87138,170
27340,173.87138,170
27348,173.87138,169
27359,173.87138,169
27367,173.8968,169
27379,173.8623,169
27387,173.72934,169
27399,173.76315,169
27407,173.1635,169
27419,173.16936,169
27427,172.53487,169
27439,172.56042,169
27447,172.04628,168
27458,172.02263,168
27466,171.75345,168
27478,171.73547,168
27488,171.5863,168
27499,171.60391,168
27507,171.58742,168
27519,171.58742,168
27527,171.58536,168
27539,171.58536,168
27547,171.5768,167
27558,171.5768,167
27568,171.5768,167
27580,171.5768,167
27587,171.53685,167
27600,171.53685,167
27607,171.50958,167
27618,171.50958,167
27627,171.52745,167
27638,171.52745,167
27647,171.49908,166
27659,171.49908,166
27667,171.51695,166
27679,171.51695,166
27686,171.4363,166
27699,171.40833,166
27707,170.9983,166
27719,170.9983,166
27727,170.40149,166
27738,170.40149,166
27747,169.7764,165
27759,169.79828,165
27767,169.29073,165
27778,169.31381,165
27786,169.08171,165
27799,169.03847,165
27808,169.01224,165
27819,169.01224,165
27827,169.01599,165
27839,169.01599,165
27846,169.00703,164
27858,169.00703,164
27867,169.00703,164
27878,169.00703,164
27886,169.01799,164
27898,169.01799,164
27908,168.93365,164
27918,168.93365,164
27926,168.59912,164
27939,168.61447,164
27947,168.26694,164
27958,168.25058,163
27966,168.00545,163
27978,168.01207,163
27988,167.91397,163
27999,167.91924,163
28006,167.35117,163
28019,167.3502,163
28027,166.78156,163
28038,166.78156,163
28046,166.30836,163
28059,166.30836,162
28067,166.17366,162
28079,166.17366,162
28086,166.14386,162
28098,166.1283,162
28107,165.74554,162
28118,165.7624,162
28127,165.39839,162
28139,165.39705,162
28148,165.09314,162
28158,165.0827,161
28167,165.06161,161
28179,165.05003,161
28187,165.0424,161
28198,165.0424,161
28207,165.05003,161
28219,165.05003,161
28227,165.05469,161
28239,165.05469,161
28247,165.0642,161
28258,165.0642,160
28266,165.04709,160
28278,165.03128,160
28287,164.93628,160
28298,164.95201,160
28307,164.56458,160
28318,164.5843,160
28326,164.29002,160
28339,164.2855,160
28346,164.0687,160
28359,164.05287,159
28367,164.04115,159
28379,164.03366,159
28387,164.0206,159
28398,164.03026,159
28406,164.01256,159
28418,164.01256,159
28426,164.01411,159
28438,164.01411,159
28447,164.0345,159
28458,164.0345,158
28467,164.00674,158
28478,163.9903,158
28486,163.9099,158
28498,163.9099,158
28507,163.32062,158
28518,163.32062,158
28527,162.66899,158
28538,162.67557,158
28547,162.11601,158
28558,162.10974,157
28566,161.74727,157
28577,161.74727,157
28587,161.5075,157
28598,161.5158,157
28607,161.29665,157
28619,161.28795,157
28627,161.27713,157
28638,161.27713,157
28647,161.26381,157
28658,161.26381,156
28667,161.25699,156
28677,161.25699,156
28686,161.24368,156
28698,161.24948,156
28708,161.23537,156
28718,161.23537,156
28728,161.25357,156
28738,161.24043,156
28747,161.2263,156
28758,161.2263,155
28766,161.2263,155
28779,161.2263,155
28787,161.08136,155
28798,161.09442,155
28814,160.40366,155
28817,160.40062,155
28826,159.65445,155
28838,159.65445,155
28846,159.14975,155
28857,159.13644,154
28866,158.81577,154
28877,158.82611,154
28887,158.78596,154
28898,158.78209,154
28907,158.76967,154
28918,158.75656,154
28927,158.75009,154
28937,158.7632,154
28947,158.7632,154
28957,158.75009,153
28967,158.75009,153
28978,158.75859,153
28986,158.74586,153
28997,158.73274,153
29008,158.74213,153
29017,158.74213,153
29029,158.73569,153
29037,158.73569,153
29047,158.72296,153
29058,158.72296,153
29066,158.73236,152
29077,158.73697,152
29086,158.63977,152
29098,158.6352,152
29107,158.06921,152
29118,158.0808,152
29126,157.42871,152
29137,157.42871,152
29146,156.8669,152
29158,156.87077,152
29167,156.45605,151
29177,156.4523,151
29186,156.15207,151
29197,156.13992,151
29207,155.68263,151
29218,155.68358,151
29227,155.25691,151
29238,155.25316,151
29247,154.88722,151
29258,154.89299,151
29266,154.76111,150
29278,154.75285,150
29287,154.55952,150
29298,154.54814,150
29307,154.50429,150
29317,154.50429,150
29327,154.49074,150
29338,154.49387,150
29347,154.48254,150
29357,154.48254,150
29366,154.47652,149
29377,154.47652,149
29386,154.47652,149
29397,154.46515,149
29406,154.41946,149
29417,154.41946,149
29427,154.4018,149
29437,154.41637,149
29447,154.40538,149
29458,154.40108,149
29466,154.40857,148
29477,154.40263,148
29487,154.39659,148
29498,154.39659,148
29506,154.27214,148
29518,154.28235,148
29527,153.64568,148
29537,153.64568,148
29547,152.8479,148
29558,152.83812,148
29566,152.14056,147
29577,152.14056,147
29586,151.72267,147
29597,151.72267,147
29606,151.56377,147
29617,151.5533,147
29627,151.27988,147
29636,151.29257,147
29647,151.17064,147
29658,151.16028,147
29666,150.9491,146
29677,150.9491,146
29686,150.9049,146
29697,150.9049,146
29706,150.89915,146
29716,150.89915,146
29727,150.8892,146
29738,150.8892,146
29746,150.8892,146
29757,150.8892,146
29767,150.88559,145
29777,150.88559,145
29786,150.88976,145
29796,150.88976,145
29806,150.8563,145
29817,150.8563,145
29826,150.8357,145
29836,150.8357,145
29847,150.83986,145
29856,150.83986,145
29867,150.83624,145
29877,150.83624,144
29887,150.82632,144
29896,150.82632,144
29907,150.72015,144
29916,150.71915,144
29926,149.94832,144
29937,149.94434,144
29946,149.03232,144
29958,149.0341,144
29966,148.29388,144
29977,148.28589,143
29986,147.84448,143
29997,147.85585,143
30007,147.52844,143
30016,147.53474,143
30027,147.07765,143
30037,147.0679,143
30047,146.80472,143
30056,146.80113,143
30066,146.59677,143
30077,146.58884,142
30087,146.58855,142
30097,146.58855,142
30107,146.57318,142
30116,146.57318,142
30127,146.5642,142
30136,146.5642,142
30146,146.55864,142
30156,146.55864,142
30166,146.5639,142
30177,146.55464,141
30186,146.54565,141
30197,146.54565,141
30206,146.5401,141
30216,146.54935,141
30227,146.54935,141
30236,146.54935,141
30246,146.53398,141
30257,146.53528,141
30266,146.54056,141
30277,146.5313,140
30288,146.52231,140
30297,146.53156,140
30307,146.43167,140
30317,146.43037,140
30326,145.79416,140
30336,145.79321,140
30346,145.1145,140
30356,145.1145,140
30366,144.46048,140
30377,144.46048,139
30386,144.02382,139
30396,144.0247,139
30406,143.6213,139
30417,143.62679,139
30426,143.1205,139
30436,143.11171,139
30447,142.68323,139
30456,142.68323,139
30466,142.39061,139
30476,142.39061,138
30486,142.26466,138
30497,142.25684,138
30506,142.25143,138
30517,142.25143,138
30526,142.23732,138
30536,142.23732,138
30546,142.23347,138
30556,142.24193,138
30566,142.23654,138
30576,142.23524,137
30586,142.23524,137
30596,142.23654,137
30607,142.22,137
30616,142.21155,137
30626,142.2057,137
30637,142.2057,137
30646,142.21013,137
30655,142.21729,137
30666,142.20903,137
30677,142.20187,136
30687,142.20474,136
30696,142.20474,136
30706,142.05801,136
30717,142.05673,136
30726,141.37169,136
30736,141.3791,136
30747,140.728,136
30756,140.728,136
30767,140.36456,136
30776,140.35732,136
30787,140.16605,135
30797,140.16605,135
30807,140.15244,135
30817,140.15274,135
30827,140.15274,135
30835,140.15244,135
30846,140.14856,135
30855,140.14886,135
30866,140.14886,135
30876,140.14886,135
30887,140.13791,134
30896,140.13791,134
30907,140.10709,134
30916,140.10709,134
30926,140.09758,134
30936,140.09758,134
30947,140.0896,134
30956,140.0896,134
30967,140.07864,134
30975,140.07864,134
30986,140.07864,133
30997,140.07864,133
31006,140.03537,133
31016,140.03537,133
31027,139.54979,133
31035,139.54979,133
31048,138.96017,133
31055,138.96017,133
31067,138.39574,133
31075,138.39574,133
31087,137.95569,132
31096,137.95569,132
31107,137.62376,132
31115,137.62291,132
31126,137.2526,132
31135,137.25688,132
31146,136.77754,132
31155,136.76108,132
31166,136.34293,132
31175,136.34293,132
31185,136.0365,131
31196,136.04367,131
31206,135.93057,131
31215,135.92337,131
31226,135.92337,131
31235,135.92337,131
31246,135.91063,131
31255,135.91063,131
31265,135.91063,131
31276,135.91782,131
31287,135.91382,130
31295,135.91382,130
31308,135.90857,130
31316,135.90857,130
31327,135.89581,130
31335,135.88829,130
31346,135.68622,130
31355,135.70033,130
31366,135.33524,130
31376,135.33524,130
31386,135.0345,129
31395,135.02573,129
31406,134.8335,129
31415,134.82578,129
31426,134.78433,129
31436,134.784,129
31447,134.38184,129
31455,134.38184,129
31466,134.00499,129
31475,134.00499,129
31487,133.76302,128
31495,133.75577,128
31506,133.6415,128
31515,133.6415,128
31526,133.22601,128
31536,133.23186,128
31547,132.62358,128
31556,132.61647,128
31566,132.01932,128
31576,132.02652,128
31586,131.63959,127
31595,131.63959,127
31605,131.47983,127
31615,131.47983,127
31626,131.32333,127
31635,131.32333,127
31646,131.32321,127
31655,131.32321,127
31666,131.30414,127
31676,131.29716,127
31686,131.29716,127
31694,131.30414,126
31706,131.29707,126
31716,131.30319,126
31726,131.28708,126
31734,131.28708,126
31747,131.28214,126
31755,131.28214,126
31765,131.28214,126
31774,131.28214,126
31786,131.27805,126
31795,131.27805,125
31808,131.2799,125
31816,131.2806,125
31825,131.20903,125
31834,131.20903,125
31846,130.68663,125
31855,130.69301,125
31866,130.18,125
31875,130.17316,125
31886,129.65512,125
31894,129.65427,124
31907,129.25067,124
31915,129.25832,124
31927,128.86758,124
31935,128.86758,124
31946,128.37529,124
31955,128.3743,124
31966,128.03209,124
31974,128.02548,124
31987,127.79353,124
31996,127.79353,123
32005,127.78879,123
32014,127.78879,123
32026,127.78198,123
32036,127.78198,123
32045,127.773056,123
32055,127.773056,123
32066,127.773056,123
32074,127.773056,123
32085,127.76625,123
32094,127.76625,122
32107,127.76625,122
32115,127.76729,122
32126,127.75574,122
32135,127.75574,122
32146,127.75156,122
32154,127.75156,122
32165,127.75156,122
32174,127.763916,122
32186,127.763916,122
32194,127.763916,121
32206,127.765526,121
32214,127.765526,121
32226,127.60473,121
32234,127.60538,121
32246,126.87846,121
32254,126.8796,121
32266,126.033295,121
32274,126.03209,121
32285,125.30295,121
32294,125.30295,120
32306,124.831726,120
32315,124.831726,120
32326,124.63387,120
32334,124.63387,120
32347,124.6316,120
32355,124.6316,120
32366,124.625015,120
32374,124.62631,120
32386,124.61511,120
32394,124.62059,119
32406,124.62059,119
32414,124.62059,119
32426,124.60939,119
32434,124.60939,119
32446,124.60513,119
32454,124.59834,119
32466,124.58714,119
32474,124.58714,119
32487,124.58714,119
32495,124.58714,119
32506,124.580536,118
32514,124.57425,118
32526,124.414536,118
32534,124.413574,118
32546,123.784515,118
32554,123.790726,118
32568,123.16225,118
32575,123.155815,118
32586,122.60809,118
32595,122.61038,118
32606,122.227356,117
32614,122.22243,117
32625,121.84881,117
32635,121.83626,117
32646,121.360016,117
32654,121.3763,117
32665,120.973694,117
32674,120.973694,117
32685,120.70542,117
32694,120.70704,117
32705,120.69175,116
32715,120.69175,116
32725,120.69295,116
32733,120.69295,116
32745,120.68292,116
32755,120.68292,116
32765,120.68292,116
32775,120.68292,116
32785,120.68292,116
32795,120.68292,116
32806,120.676544,115
32813,120.676544,115
32827,120.547165,115
32835,120.547165,115
32846,120.100266,115
32853,120.09889,115
32865,119.619705,115
32875,119.6225,115
32886,119.22276,115
32893,119.21741,115
32905,118.95152,114
32915,118.949005,114
32925,118.784546,114
32933,118.804344,114
32946,118.40886,114
32954,118.41171,114
32966,118.08845,114
32974,118.08486,114
32985,117.9156,114
32994,117.92422,114
33005,117.72754,113
33013,117.7348,113
33025,117.688995,113
33033,117.688995,113
33046,117.64566,113
33054,117.64566,113
33065,117.62552,113
33073,117.62552,113
33085,117.6167,113
33094,117.61101,113
33107,117.60477,112
33114,117.60477,112
33126,117.60477,112
33134,117.60293,112
33146,117.59233,112
33153,117.59075,112
33165,117.58451,112
33173,117.58451,112
33185,117.58451,112
33193,117.58451,112
33206,117.58451,111
33214,117.58451,111
33226,117.57828,111
33234,117.57828,111
33246,117.46469,111
33254,117.46813,111
33266,116.91232,111
33274,116.91821,111
33286,116.35579,111
33294,116.365234,111
33306,115.855255,110
33314,115.845634,110
33325,115.447464,110
33334,115.45635,110
33346,115.07091,110
33354,115.08797,110
33365,114.582535,110
33373,114.59309,110
33386,114.1473,110
33394,114.1473,110
33405,113.84183,109
33413,113.84183,109
33426,113.68405,109
33434,113.691536,109
33446,113.52169,109
33454,113.5142,109
33466,113.23103,109
33473,113.23871,109
33485,113.03417,109
33493,113.043625,109
33506,112.880264,109
33514,112.880264,108
33525,112.86475,108
33533,112.86475,108
33546,112.86016,108
33553,112.858025,108
33565,112.85378,108
33573,112.85378,108
33586,112.84772,108
33594,112.84772,108
33605,112.84166,108
33613,112.84166,107
33625,112.8356,107
33633,112.842285,107
33646,112.83804,107
33654,112.8359,107
33666,112.82984,107
33674,112.8253,107
33685,112.8253,107
33693,112.8253,107
33705,112.819244,107
33713,112.819244,106
33725,112.819244,106
33734,112.819244,106
33746,112.7588,106
33752,112.7588,106
33766,112.19984,106
33774,112.207306,106
33785,111.56411,106
33793,111.55217,106
33805,110.92039,106
33813,110.92082,105
33825,110.35133,105
33835,110.37534,105
33846,109.87056,105
33853,109.880226,105
33865,109.761795,105
33873,109.761795,105
33885,109.746956,105
33894,109.746956,105
33905,109.73504,105
33913,109.73504,104
33926,109.7249,104
33932,109.7249,104
33946,109.70879,104
33952,109.70133,104
33966,109.37799,104
33973,109.38544,104
33985,108.986496,104
33993,108.9876,104
34006,108.730934,104
34012,108.734116,103
34026,108.727646,103
34033,108.727646,103
34046,108.71754,103
34052,108.72258,103
34065,108.72258,103
34073,108.72258,103
34085,108.716644,103
34093,108.716644,103
34106,108.71072,103
34113,108.71072,102
34126,108.71072,102
34133,108.71072,102
34146,108.65685,102
34154,108.65685,102
34166,108.01474,102
34172,108.01157,102
34185,107.143196,102
34193,107.14024,102
34205,106.43903,102
34213,106.48119,102
34226,106.10278,101
34233,106.12828,101
34245,106.103,101
34253,106.095604,101
34265,106.08972,101
34272,106.08972,101
34286,106.08387,101
34292,106.07978,101
34305,106.07392,101
34313,106.07392,101
34326,106.06864,100
34332,106.06864,100
34346,106.062775,100
34354,106.060265,100
34365,106.060265,100
34372,106.062775,100
34385,106.05691,100
34393,106.06099,100
34405,106.05991,100
34413,106.05741,100
34425,106.05155,99
34433,106.05155,99
34446,106.03213,99
34452,106.034645,99
34466,106.02464,99
34472,106.02464,99
34486,106.018776,99
34493,106.018776,99
34505,106.019356,99
34513,106.014496,99
34525,106.00863,98
34532,106.00863,98
34545,105.925705,98
34553,105.92804,98
34565,105.07857,98
34572,105.08539,98
34585,103.96203,98
34591,103.951454,98
34605,102.99385,98
34613,103.05335,98
34626,102.40557,97
34631,102.461914,97
34645,102.13302,97
34652,102.14495,97
34665,101.98105,97
34673,101.99192,97
34686,101.95739,97
34692,101.95358,97
34705,101.94201,97
34712,101.939186,97
34725,101.9334,96
34732,101.93064,96
34745,101.88497,96
34752,101.890564,96
34766,101.86956,96
34772,101.86679,96
34785,101.855225,96
34793,101.855156,96
34806,101.85106,96
34812,101.85106,96
34826,101.84528,95
34832,101.84071,95
34850,101.81562,95
34854,101.81943,95
34864,101.78854,95
34873,101.78854,95
34886,101.52214,95
34891,101.558815,95
34904,101.04156,95
34912,101.05347,95
34925,100.4087,94
34931,100.43634,94
34945,99.67348,94
34953,99.72964,94
34965,98.85773,94
34971,98.925865,94
34985,98.15775,94
34992,98.18924,94
35005,97.664314,94
35011,97.692924,94
35025,97.43075,93
35032,97.4392,93
35046,97.26572,93
35052,97.26547,93
35065,97.23286,93
35071,97.22612,93
35085,97.21501,93
35091,97.20723,93
35106,97.1901,93
35111,97.18393,93
35125,97.17413,92
35131,97.17062,92
35145,97.16464,92
35152,97.16143,92
35166,97.134514,92
35172,97.134514,92
35185,97.12502,92
35191,97.12076,92
35205,97.109344,92
35212,97.10263,92
35225,97.096344,91
35231,97.096344,91
35246,97.090935,91
35252,97.090935,91
35266,97.05207,91
35271,97.05557,91
35285,96.76634,91
35291,96.79299,91
35305,96.30939,91
35311,96.31561,91
35325,95.87988,90
35332,95.872215,90
35345,95.51277,90
35352,95.544914,90
35366,95.32285,90
35372,95.35912,90
35385,95.32276,90
35391,95.316,90
35405,95.30415,90
35412,95.30079,90
35425,95.28942,90
35432,95.281876,89
35445,95.272354,89
35452,95.26899,89
35466,95.24327,89
35471,95.24327,89
35485,95.23215,89
35491,95.22876,89
35505,95.22876,89
35511,95.22876,89
35525,95.22283,89
35531,95.21947,90
35546,95.21378,90
35551,95.20963,90
35565,95.19987,90
35572,95.19987,90
35585,95.2001,90
35591,95.2001,90
35606,95.19395,90
35612,95.19057,90
35625,95.185104,90
35631,95.17869,91
35645,95.17869,91
35652,95.17869,91
35664,95.17299,91
35672,95.17299,91
35686,95.16707,91
35691,95.16707,91
35704,95.16707,91
35711,95.16707,91
35725,95.161385,91
35732,95.15724,92
35744,95.157005,92
35752,95.157005,92
35765,95.15132,92
35771,95.15132,92
35785,95.15132,92
35791,95.15132,92
35805,95.15155,92
35812,95.15155,92
35824,95.14539,92
35831,95.14539,93
35846,95.145615,93
35852,95.13887,93
35865,95.14296,93
35871,95.14296,93
35885,95.13726,93
35891,95.13726,93
35905,95.13703,93
35910,95.13397,93
35924,95.12829,93
35932,95.13135,93
35944,95.13157,94
35951,95.12851,94
35966,95.128044,94
35971,95.128044,94
35985,95.12644,94
35991,95.12644,94
36005,95.12666,94
36010,95.12666,94
36024,95.12666,94
36030,95.12253,94
36044,95.11637,95
36050,95.11637,95
36064,95.13999,95
36071,95.13662,95
36084,95.15663,95
36091,95.15663,95
36106,95.16025,95
36111,95.16025,95
36124,95.16025,95
36131,95.16025,95
36146,95.16456,96
36151,95.16118,96
36164,95.16502,96
36171,95.15829,96
36186,95.50535,96
36191,95.47794,96
36204,95.84661,96
36211,95.81582,96
36225,96.18414,96
36230,96.174164,96
36244,96.33619,97
36251,96.3295,97
36266,96.5405,97
36271,96.53061,97
36284,96.7922,97
36291,96.771805,97
36305,97.055954,97
36310,97.04653,97
36324,97.2207,97
36330,97.20616,97
36345,97.37694,98
36350,97.36967,98
36364,97.38546,98
36371,97.38546,98
36385,97.39116,98
36390,97.39783,98
36404,97.40351,98
36410,97.40351,98
36424,97.40949,98
36430,97.40949,98
36445,97.41361,99
36450,97.42111,99
36465,97.44042,99
36470,97.43429,99
36485,97.444084,99
36491,97.44727,99
36504,97.47257,99
36511,97.47257,99
36525,97.73262,99
36531,97.708496,99
36545,98.03287,100
36550,98.03036,100
36564,98.37672,100
36571,98.3646,100
36584,98.883865,100
36591,98.834915,100
36604,99.3456,100
36614,99.33156,100
36625,99.70361,100
36630,99.68639,100
36645,99.79119,101
36650,99.78017,101
36664,100.070724,101
36669,100.04222,101
36684,100.385,101
36691,100.385,101
36704,100.71065,101
36711,100.71455,101
36726,100.85952,101
36731,100.85143,101
36745,101.019005,102
36750,101.034645,102
36765,101.05545,102
36770,101.04593,102
36785,101.05576,102
36790,101.04832,102
36804,101.05408,102
36811,101.05035,102
36824,101.05035,102
36831,101.05035,102
36845,101.05651,103
36850,101.05651,103
36864,101.05815,103
36871,101.06561,103
36885,101.12809,103
36890,101.122406,103
36909,101.50651,103
36911,101.495415,103
36924,101.90527,103
36929,101.91047,103
36945,102.19893,104
36950,102.20964,104
36965,102.40518,104
36970,102.38447,104
36984,102.45115,104
36989,102.4465,104
37004,102.88761,104
37011,102.87751,104
37025,103.368805,104
37030,103.35873,104
37045,103.7453,105
37050,103.74446,105
37064,104.0102,105
37069,104.00013,105
37084,104.130226,105
37091,104.13552,105
37104,104.54549,105
37111,104.54943,105
37125,104.905396,105
37130,104.89798,105
37146,105.07929,105
37150,105.07583,106
37165,105.088264,106
37170,105.088264,106
37185,105.09823,106
37190,105.095634,106
37205,105.10561,106
37210,105.10819,106
37224,105.09822,106
37231,105.09822,106
37245,105.09239,106
37250,105.08844,107
37265,105.08844,107
37270,105.09239,107
37285,105.17692,107
37290,105.170364,107
37304,105.58519,107
37310,105.58032,107
37325,105.93671,107
37330,105.9416,107
37344,106.35072,107
37349,106.34581,108
37366,106.74631,108
37370,106.753456,108
37385,107.149895,108
37390,107.16083,108
37404,107.74287,108
37409,107.73723,108
37424,108.19007,108
37430,108.187935,108
37444,108.48663,108
37449,108.462494,109
37464,108.4862,109
37469,108.48379,109
37485,108.48379,109
37490,108.47961,109
37505,108.48378,109
37509,108.48378,109
37524,108.48378,109
37529,108.48378,109
37544,108.486755,109
37549,108.486755,109
37564,108.48311,110
37569,108.48311,110
37584,108.53171,110
37590,108.53823,110
37605,108.916466,110
37610,108.912254,110
37625,109.24995,110
37629,109.24758,110
37645,109.50301,110
37650,109.50213,110
37664,109.54912,111
37669,109.54253,111
37684,109.88384,111
37689,109.88384,111
37704,110.340294,111
37709,110.34679,111
37725,110.596,111
37730,110.60022,111
37745,110.821945,111
37749,110.814445,111
37764,110.839485,112
37769,110.839485,112
37785,110.85393,112
37790,110.85393,112
37805,110.875305,112
37810,110.875305,112
37824,110.86932,112
37828,110.87367,112
37844,110.86347,112
37850,110.86347,112
37866,110.86347,113
37869,110.85823,113
37885,110.86844,113
37890,110.86844,113
37905,110.86844,113
37908,110.86409,113
37925,110.86409,113
37930,110.86409,113
37945,110.86409,113
37948,110.86409,113
37965,110.85812,114
37970,110.85586,114
37985,110.96698,114
37989,110.96698,114
38004,111.61266,114
38009,111.61266,114
38025,112.378654,114
38029,112.378654,114
38044,113.111496,114
38048,113.111496,114
38065,113.63168,115
38068,113.627144,115
38085,114.01731,115
38088,114.02187,115
38104,114.46904,115
38109,114.46904,115
38126,114.71036,115
38128,114.70725,115
38145,114.89633,115
38149,114.9006,115
38165,114.9205,116
38169,114.91296,116
38185,114.93287,116
38189,114.93287,116
38205,114.93287,116
38209,114.93287,116
38225,114.926765,116
38228,114.926765,116
38245,114.926765,116
38248,114.926765,116
38265,114.93287,117
38268,114.93287,117
38285,114.93108,117
38288,114.93108,117
38305,114.93108,117
38308,114.93108,117
38325,114.93108,117
38330,114.938446,117
38345,114.9375,117
38348,114.93196,117
38364,114.93196,118
38371,114.9375,118
38385,114.98277,118
38389,114.98277,118
38404,115.495415,118
38409,115.487854,118
38424,116.17215,118
38428,116.17859,118
38445,116.82432,118
38448,116.829605,118
38465,117.35634,119
38469,117.36343,119
38484,117.83894,119
38489,117.84101,119
38504,118.41574,119
38509,118.42041,119
38525,118.94557,119
38529,118.90201,119
38546,119.20842,119
38548,119.20083,119
38565,119.36583,120
38569,119.36583,120
38585,119.39804,120
38588,119.39804,120
38605,119.53104,120
38609,119.53104,120
38624,119.86726,120
38628,119.86726,120
38644,120.20416,120
38649,120.20416,120
38664,120.481186,121
38669,120.47357,121
38685,120.55239,121
38689,120.55402,121
38704,120.77751,121
38709,120.7759,121
38724,120.82228,121
38729,120.82228,121
38744,120.81793,121
38749,120.81793,121
38764,120.82677,122
38768,120.83185,122
38784,120.821,122
38789,120.821,122
38805,120.83699,122
38808,120.83859,122
38823,120.84946,122
38828,120.84784,122
38844,120.84148,122
38848,120.84308,122
38865,120.84946,123
38868,120.84784,123
38884,120.84784,123
38888,120.84946,123
38904,120.91649,123
38909,120.91649,123
38924,121.55417,123
38928,121.55261,123
38944,122.33094,123
38948,122.33094,123
38965,123.00563,123
38968,123.00674,124
38984,123.41066,124
38989,123.40959,124
39004,123.62216,124
39007,123.62216,124
39024,123.653244,124
39029,123.65428,124
39044,123.647766,124
39047,123.647766,124
39064,123.65428,124
39068,123.65428,125
39084,123.65289,125
39088,123.65289,125
39104,123.66176,125
39108,123.66176,125
39124,123.67939,125
39131,123.67939,125
39145,123.684525,125
39148,123.684525,125
39164,123.68912,125
39167,123.68912,126
39185,123.68912,126
39187,123.68912,126
39203,123.72535,126
39207,123.72535,126
39224,124.16827,126
39228,124.166916,126
39244,124.79431,126
39247,124.79431,126
39265,125.37283,126
39267,125.37283,126
39283,125.72745,127
39287,125.72745,127
39304,125.98579,127
39308,125.99078,127
39323,126.436066,127
39327,126.43219,127
39344,126.84982,127
39347,126.85439,127
39364,127.125565,127
39368,127.12901,127
39385,127.17152,128
39388,127.156265,128
39403,127.16101,128
39408,127.16101,128
39425,127.16101,128
39427,127.16033,128
39444,127.165085,128
39447,127.16397,128
39464,127.17071,128
39468,127.16506,128
39484,127.16347,129
39487,127.16911,129
39504,127.18477,129
39508,127.18546,129
39524,127.22925,129
39528,127.22925,129
39543,127.5834,129
39547,127.57772,129
39565,127.938995,129
39568,127.938995,129
39584,128.30695,130
39587,128.29922,130
39604,128.73502,130
39608,128.7408,130
39623,129.34198,130
39629,129.34198,130
39644,129.87091,130
39647,129.87091,130
39665,130.16132,130
39668,130.16724,130
39685,130.28531,131
39687,130.27791,131
39704,130.30215,131
39707,130.30215,131
39725,130.33289,131
39728,130.33289,131
39745,130.33289,131
39747,130.33884,131
39764,130.33884,131
39767,130.33884,131
39784,130.33884,132
39788,130.33884,132
39804,130.33884,132
39808,130.33884,132
39823,130.33884,132
39828,130.33191,132
39844,130.3301,132
39848,130.3301,132
39864,130.3301,132
39866,130.3301,132
39884,130.3301,133
39887,130.3301,133
39904,130.36804,133
39906,130.36804,133
39924,130.81499,133
39928,130.80899,133
39943,131.61346,133
39947,131.61275,133
39963,132.32994,133
39967,132.32994,133
39983,132.8143,134
39987,132.82047,134
40003,133.1379,134
40007,133.13165,134
40023,133.61014,134
40027,133.60284,134
40044,133.95636,134
40047,133.96994,134
40064,134.19682,134
40067,134.18755,134
40084,134.22069,135
40087,134.22069,135
40105,134.2546,135
40107,134.2546,135
40124,134.65479,135
40126,134.65479,135
40143,135.03735,135
40147,135.03735,135
40163,135.28662,135
40167,135.2856,135
40185,135.29825,136
40187,135.29825,136
40203,135.29083,136
40207,135.29083,136
40225,135.29825,136
40227,135.29825,136
40244,135.29825,136
40246,135.29825,136
40264,135.30348,136
40266,135.30348,136
40283,135.31088,137
40286,135.30441,137
40303,135.3062,137
40307,135.3062,137
40324,135.35117,137
40326,135.35117,137
40343,135.65013,137
40346,135.65013,137
40363,136.00134,137
40366,136.0017,137
40383,136.34392,138
40388,136.33627,138
40404,136.65474,138
40406,136.66226,138
40423,137.16101,138
40427,137.15324,138
40443,137.64014,138
40447,137.64796,138
40464,137.96199,138
40466,137.96135,138
40485,138.1322,139
40486,138.1322,139
40504,138.36832,139
40507,138.36903,139
40524,138.38919,139
40527,138.38919,139
40544,138.39694,139
40546,138.39694,139
40564,138.39694,139
40566,138.38904,139
40584,138.38658,140
40586,138.39452,140
40603,138.39452,140
40607,138.39452,140
40623,138.41,140
40627,138.41,140
40644,138.62418,140
40646,138.61731,140
40664,139.00092,140
40666,138.99397,140
40683,139.36682,140
40687,139.35873,141
40703,139.7384,141
40707,139.7384,141
40724,140.13313,141
40726,140.1395,141
40744,140.70178,141
40747,140.6949,141
40763,141.20004,141
40767,141.20004,141
40783,141.53378,141
40787,141.52536,142
40803,141.54611,142
40805,141.55453,142
40823,141.56952,142
40827,141.57516,142
40843,141.85614,142
40846,141.85054,142
40864,142.11588,142
40867,142.12143,142
40884,142.25287,142
40887,142.25287,142
40903,142.25824,143
40906,142.25824,143
40923,142.2641,143
40927,142.2641,143
40943,142.27237,143
40947,142.27237,143
40964,142.26949,143
40966,142.2626,143
40984,142.2626,143
40986,142.2626,143
41004,142.2626,144
41006,142.2626,144
41024,142.35695,144
41026,142.36385,144
41044,142.82738,144
41047,142.82738,144
41063,143.20164,144
41065,143.20164,144
41083,143.503,144
41087,143.503,144
41103,143.70271,145
41105,143.69467,145
41123,143.71405,145
41127,143.71405,145
41144,144.02953,145
41146,144.02953,145
41164,144.47186,145
41166,144.46469,145
41184,144.80017,145
41186,144.79927,145
41203,145.07323,146
41205,145.07513,146
41223,145.10344,146
41227,145.10153,146
41244,145.11642,146
41246,145.11543,146
41264,145.11543,146
41266,145.11543,146
41284,145.11917,146
41286,145.12709,146
41304,145.11838,147
41305,145.11838,147
41323,145.11838,147
41325,145.12744,147
41344,145.14235,147
41345,145.14235,147
41364,145.14235,147
41366,145.13327,147
41384,145.13327,147
41386,145.13327,147
41405,145.13876,148
41406,145.13876,148
41424,145.18452,148
41426,145.1936,148
41444,145.71643,148
41446,145.70723,148
41463,146.44922,148
41465,146.45044,148
41483,147.14536,148
41485,147.14401,148
41503,147.64218,149
41506,147.64218,149
41524,147.9885,149
41526,147.98999,149
41543,148.4056,149
41546,148.38992,149
41563,148.7163,149
41565,148.71793,149
41583,148.90598,149
41585,148.90598,149
41603,148.98245,150
41605,148.9879,150
41624,149.0098,150
41626,149.0098,150
41644,149.05229,150
41647,149.06099,150
41664,149.06099,150
41666,149.05229,150
41684,149.06856,150
41686,149.06856,150
41704,149.06471,151
41706,149.06471,151
41723,149.07423,151
41725,149.07423,151
41744,149.07423,151
41746,149.07423,151
41763,149.08098,151
41765,149.08098,151
41783,149.07509,151
41785,149.07509,151
41803,149.08461,152
41806,149.08461,152
41824,149.1396,152
41825,149.14832,152
41844,149.68263,152
41844,149.67967,152
41864,150.39754,152
41865,150.3917,152
41883,151.03998,152
41885,151.05624,152
41904,151.5995,153
41905,151.5995,153
41924,152.07335,153
41926,152.07335,153
41943,152.56926,153
41945,152.56926,153
41963,152.94675,153
41965,152.93576,153
41984,153.06337,153
41986,153.06337,153
42004,153.27536,154
42006,153.27536,154
42023,153.28131,154
42024,153.28131,154
42044,153.29193,154
42046,153.30304,154
42063,153.31058,154
42065,153.31058,154
42083,153.30348,154
42085,153.30348,154
42104,153.3141,155
42105,153.3141,155
42123,153.32008,155
42125,153.32008,155
42143,153.57793,155
42148,153.56674,155
42164,154.00174,155
42166,154.00174,155
42183,154.4598,155
42185,154.4598,155
42203,154.83429,156
42205,154.85155,156
42224,155.13445,156
42224,155.12411,156
42243,155.58215,156
42245,155.58704,156
42263,155.9503,156
42265,155.9559,156
42284,156.1714,156
42285,156.1714,156
42304,156.16595,157
42305,156.16595,157
42324,156.16937,157
42325,156.16937,157
42343,156.2333,157
42345,156.2333,157
42363,156.59065,157
42365,156.59065,157
42383,156.88004,157
42386,156.87286,157
42404,156.93579,158
42406,156.93199,158
42424,157.13345,158
42426,157.13731,158
42444,157.14705,158
42444,157.14705,158
42463,157.15558,158
42465,157.15558,158
42484,157.15895,158
42486,157.15895,158
42504,157.15326,158
42505,157.14075,159
42522,157.15277,159
42524,157.1583,159
42543,157.17021,159
42545,157.17021,159
42563,157.17644,159
42565,157.18898,159
42583,157.19247,159
42585,157.19247,159
42603,157.20102,159
42606,157.18846,159
42622,157.20052,160
42624,157.20052,160
42643,157.24316,160
42645,157.24316,160
42664,157.85097,160
42665,157.84686,160
42682,158.61838,160
42684,158.61838,160
42704,159.35303,160
42705,159.35303,160
42722,159.81094,161
42725,159.81094,161
42744,159.93553,161
42746,159.93553,161
42763,159.95169,161
42766,159.95169,161
42782,159.95497,161
42784,159.95497,161
42803,159.96165,161
42805,159.96165,161
42823,159.97504,162
42825,159.97504,162
42843,159.9878,162
42844,159.9878,162
42864,159.9878,162
42866,159.9878,162
42883,159.9878,162
42885,160.00005,162
42905,160.00674,162
42906,160.01369,162
42923,160.01369,163
42925,160.01369,163
42942,160.04597,163
42944,160.05296,163
42964,160.50294,163
42966,160.48877,163
42983,161.0442,163
42985,161.0442,163
43002,161.57222,163
43004,161.57222,163
43024,162.04633,164
43025,162.04633,164
43044,162.53891,164
43045,162.5303,164
43064,163.15851,164
43065,163.16762,164
43083,163.72177,164
43086,163.7122,164
43104,164.11241,164
43105,164.10754,164
43123,164.35016,165
43125,164.35767,165
43143,164.43544,165
43145,164.42787,165
43162,164.45203,165
43164,164.45203,165
43184,164.4578,165
43185,164.4654,165
43202,164.482,165
43205,164.47438,165
43222,164.47739,166
43224,164.48499,166
43243,164.48775,166
43245,164.48775,166
43264,164.50438,166
43264,164.51186,166
43282,164.49821,166
43284,164.49821,166
43304,164.51486,166
43305,164.51486,166
43323,164.53151,167
43325,164.53151,167
43342,164.56844,167
43344,164.56844,167
43364,165.15622,167
43365,165.14055,167
43383,165.77007,167
43385,165.77875,167
43405,166.26704,167
43406,166.27464,167
43423,166.59636,168
43424,166.59636,168
43442,166.69714,168
43444,166.69714,168
43464,166.68921,168
43465,166.68921,168
43484,166.70549,168
43484,166.70549,168
43502,166.71373,168
43504,166.71373,168
43522,166.71654,169
43525,166.69936,169
43542,166.69936,169
43544,166.70891,169
43563,166.72522,169
43565,166.72522,169
43584,166.71442,169
43585,166.73166,169
43604,166.75075,169
43611,166.7411,169
43623,166.75746,170
43626,166.74982,170
43643,166.80464,170
43646,166.80464,170
43664,167.31953,170
43665,167.32977,170
43684,167.98447,170
43685,167.98447,170
43703,168.47601,170
43705,168.46072,170
43723,168.86684,171
43725,168.88286,171
43742,169.19044,171
43744,169.19044,171
43762,169.59453,171
43764,169.55746,171
43783,169.87444,171
43785,169.88821,171
43803,170.13054,171
43805,170.13054,171
43822,170.18544,172
43825,170.18544,172
43842,170.21544,172
43844,170.22343,172
43862,170.43431,172
43864,170.43431,172
43882,170.78328,172
43885,170.77408,172
43902,171.14972,172
43904,171.14972,172
43924,171.40305,173
43925,171.4112,173
43942,171.57379,173
43944,171.57379,173
43963,171.61353,173
43965,171.61353,173
43983,171.59763,173
43985,171.63766,173
44003,171.64864,173
44005,171.62602,173
44023,171.64859,174
44025,171.61978,174
44043,171.60387,174
44045,171.60387,174
44062,171.74559,174
44065,171.75693,174
44083,172.10507,174
44085,172.13219,174
44103,172.52365,174
44105,172.52365,174
44123,172.7288,175
44125,172.69972,175
44143,172.92102,175
44145,172.92102,175
44163,172.98468,175
44164,172.98468,175
44184,173.26364,175
44185,173.29495,175
44203,173.6411,175
44204,173.6654,175
44223,173.62859,176
44225,174.01263,176
44243,174.29391,176
44245,174.26534,176
44263,174.28906,176
44264,174.32971,176
44282,174.29332,176
44285,174.50781,176
44302,174.85056,176
44305,174.90388,176
44323,175.03635,176
44325,175.01839,177
44343,175.01839,177
44345,175.2139,177
44362,175.23314,177
44364,175.23314,177
44384,175.28516,177
44385,175.28516,177
44402,175.28516,177
44404,175.23605,177
44424,175.20367,177
44425,175.20367,178
44443,175.28802,178
44445,175.28802,178
44463,175.28802,178
44464,175.25525,178
44483,175.31265,178
44484,175.31265,178
44502,175.31503,178
44504,175.31503,178
44522,175.34932,178
44524,175.39984,178
44542,175.36633,179
44545,175.36633,179
44563,175.36633,179
44565,175.45865,179
44582,175.45865,179
44585,175.86583,179
44603,176.48453,179
44604,176.42801,179
44622,176.42538,179
44624,176.93631,179
44642,176.99112,180
44645,177.33318,180
44667,177.33318,180
44668,177.34583,180
44683,177.34583,180
44685,177.7607,180
44702,177.6859,180
44704,177.78627,180
44723,177.90744,180
44725,178.14491,180
44742,178.04756,181
44744,178.04025,181
44763,178.1256,181
44765,178.10545,181
44783,178.16612,181
44784,178.04877,181
44803,178.04877,181
44804,178.08183,181
44823,178.04105,181
44825,178.04105,181
44842,178.04105,180
44844,178.074,180
44862,178.074,180
44863,178.0663,180
44882,178.06609,180
44884,178.06609,180
44902,178.06609,180
44904,178.14311,180
44922,178.14311,180
44924,178.05057,180
44943,178.05057,179
44945,178.05057,179
44963,178.16283,179
44964,178.16283,179
44983,178.05057,179
44984,178.05057,179
45003,178.05057,179
45005,178.04295,179
45023,178.04295,179
45024,178.12685,179
45041,178.12685,178
45043,178.03506,178
45063,178.03506,178
45064,178.03506,178
45083,178.03506,178
45083,178.04295,178
45103,178.04295,178
45103,178.04295,178
45123,178.04295,178
45124,178.03537,178
45142,178.03537,177
45143,178.03537,177
45162,178.03537,177
45163,178.03537,177
45183,178.03537,177
45184,177.9355,177
45202,177.9355,177
45204,177.86018,177
45222,177.86018,177
45224,177.57764,177
45242,177.57764,176
45245,177.42686,176
45261,177.51273,176
45264,177.57779,176
45282,177.4897,176
45285,177.4897,176
45302,177.4897,176
45303,177.51723,176
45321,177.51723,176
45323,177.42314,176
45341,177.42314,175
45344,177.42314,175
45362,177.4043,175
45364,177.41298,175
45382,177.43204,175
45384,177.18582,175
45401,177.2624,175
45403,176.92592,175
45425,176.85477,175
45427,176.55304,175
45442,176.55304,174
45444,176.34398,174
45461,176.38914,174
45463,176.25702,174
45481,176.25702,174
45484,176.25786,174
45502,176.25786,174
45504,176.25587,174
45522,176.25587,174
45524,176.25587,174
45542,176.25587,173
45544,176.25587,173
45561,176.25587,173
45564,176.19193,173
45582,176.0955,173
45584,175.69557,173
45601,175.69557,173
45603,175.12376,173
45622,175.16573,173
45624,174.63217,173
45641,174.66168,172
45644,174.4496,172
45661,174.4496,172
45664,174.44293,172
45682,174.44293,172
45684,174.40067,172
45701,174.40067,172
45703,174.40067,172
45721,174.40067,172
45724,174.40067,172
45742,174.35959,171
45743,174.32977,171
45761,174.32977,171
45763,174.35628,171
45782,174.35628,171
45784,174.30801,171
45801,174.30801,171
45803,174.31894,171
45822,174.31894,171
45824,174.27847,171
45841,174.27847,170
45844,174.31894,170
45862,174.31894,170
45863,174.30133,170
45883,174.30133,170
45883,173.91074,170
45902,173.91074,170
45904,173.3467,170
45921,173.39075,170
45923,172.92696,170
45942,172.89365,169
45943,172.61812,169
45961,172.61812,169
45964,172.4234,169
45982,172.41498,169
45983,172.24414,169
46002,172.24414,169
46004,171.90668,169
46022,171.90668,169
46023,171.7437,169
46041,171.7437,168
46044,171.73271,168
46062,171.73271,168
46064,171.72174,168
46081,171.72174,168
46083,171.72174,168
46101,171.72174,168
46103,171.72174,168
46122,171.72174,168
46123,171.69458,168
46142,171.69458,168
46143,171.6837,168
46160,171.6837,167
46163,171.6837,167
46183,171.6837,167
46184,171.67911,167
46202,171.67911,167
46203,171.31229,167
46221,171.32925,167
46223,170.97807,167
46241,170.98349,167
46243,170.70316,167
46261,170.66502,166
46263,170.44666,166
46281,170.42952,166
46283,170.29242,166
46301,170.31773,166
46302,169.99182,166
46320,169.99182,166
46322,169.52359,166
46342,169.51312,166
46343,169.10133,166
46362,169.10133,165
46363,168.93517,165
46381,168.91905,165
46382,168.90598,165
46402,168.92206,165
46403,168.92596,165
46421,168.90987,165
46423,168.91669,165
46441,168.9328,165
46443,168.9328,165
46461,168.91669,164
46463,168.91669,164
46481,168.91669,164
46482,168.91669,164
46501,168.92902,164
46503,168.9014,164
46520,168.88129,164
46523,168.63367,164
46541,168.6694,164
46543,168.3269,164
46561,168.31163,163
46563,167.96906,163
46580,167.96735,163
46582,167.63744,163
46600,167.60739,163
46603,167.03752,163
46622,167.03227,163
46623,166.4274,163
